frame_id,dataset,source_video_id,frame_seconds,width,height,assigned_quota,assigned_batch_id,time_of_day,weather,lighting_type,is_indoor,people_count_bucket,has_clearly_visible_person,has_open_floor_or_ground_space,person_holding_object,has_wall_signage_visible,has_traffic_light_visible,traffic_light_state,has_stop_sign_visible,has_road_sign_visible,has_clear_road_ahead,vehicle_count_in_scene,has_visible_damage,has_undamaged_surface_target,has_handheld_object_visible,has_open_surface_space,family,tier,pool,assigned_variant,assigned_prompt_template,assigned_prompt_filled,flagged,flagged_reason,hero_candidate,target_time,target_weather,target_lighting,target_crowd,param_location,param_activity,param_clothing,param_original_object,param_new_object,param_person_reference,param_signage_type,param_current_color,param_target_color,param_hazard_type,param_vehicle_description,param_damage_type,param_surface_type,param_object_description,param_scene_type,param_time,param_count,param_setting,param_weather,param_traffic_density,param_scene,param_subject,t1_subtype,t2_subtype,assigned_item_id
bdd100k_0049e5b8-afda7206,bdd100k,,,1280,720,dashcam_T2_train_vehicle_count_in_scene,dashcam_train_T2,midday,clear,daylight,0,empty,0,1,,,1,green,0,1,1,7,,,,,dashcam,T2,train,B,X-T2-REMOVE-VEHICLE-DSH,"Remove the vehicle in the next lane from this dashcam still. Fill the area with road surface, lane markings, sky, or background as appropriate, consistent with what would be visible if that vehicle were not there. Keep all other vehicles, road markings, signage, traffic lights, and pedestrians exactly as they appear. Make it look as photorealistic as possible.",0,,0,,,,,,,,,,,,,,,the vehicle in the next lane,,,,,,,,,,,,,REMOVE-VEHICLE,item_00392_dashcam_T2_train_B
bdd100k_00d0f034-6d666f7b,bdd100k,,,1280,720,dashcam_T1_test,dashcam_test_T1,midday,clear,daylight,0,sparse,1,1,,,0,none,0,1,0,5,,,,,dashcam,T1,test,B,X-T1-TIME-DSH,"Shift the time of day in this dashcam still from midday to dusk. Adjust lighting, shadow direction, sky color, and ambient brightness to match dusk. Keep all people, vehicles, objects, structures, and signage exactly as they appear in the original image — same positions, same poses, same details. Make it look as photorealistic as possible. Change as little as possible beyond the lighting and time-of-day cues. Don't change any details of the original photo other than what's needed for the time shift.",0,,0,dusk,,,,,,,,,,,,,,,,,,,,,,,,,,TIME,,item_00420_dashcam_T1_test_B
bdd100k_00e9be89-00000160,bdd100k,,,1280,720,dashcam_T1_train,dashcam_train_T1,midday,clear,daylight,0,empty,0,1,,,0,none,0,1,1,3,,,,,dashcam,T1,train,A,X-T1-TIME-DSH,"Shift the time of day in this dashcam still from midday to dusk. Adjust lighting, shadow direction, sky color, and ambient brightness to match dusk. Keep all people, vehicles, objects, structures, and signage exactly as they appear in the original image — same positions, same poses, same details. Make it look as photorealistic as possible. Change as little as possible beyond the lighting and time-of-day cues. Don't change any details of the original photo other than what's needed for the time shift.",0,,0,dusk,,,,,,,,,,,,,,,,,,,,,,,,,,TIME,,item_00260_dashcam_T1_train_A
bdd100k_00e9be89-00001640,bdd100k,,,1280,720,dashcam_T1_train,dashcam_train_T1,night,clear,mixed,1,empty,0,1,,,0,none,0,1,0,6,,,,,dashcam,T1,train,A,X-T1-TIME-DSH,"Shift the time of day in this dashcam still from night to morning. Adjust lighting, shadow direction, sky color, and ambient brightness to match morning. Keep all people, vehicles, objects, structures, and signage exactly as they appear in the original image — same positions, same poses, same details. Make it look as photorealistic as possible. Change as little as possible beyond the lighting and time-of-day cues. Don't change any details of the original photo other than what's needed for the time shift.",0,,0,morning,,,,,,,,,,,,,,,,,,,,,,,,,,TIME,,item_00308_dashcam_T1_train_A
bdd100k_04488604-2d268bc2,bdd100k,,,1280,720,dashcam_T1_test,dashcam_test_T1,night,clear,mixed,0,sparse,0,1,,,1,green,0,1,0,7,,,,,dashcam,T1,test,A,X-T1-LIGHTING-DSH,"Change the lighting in this dashcam still from mixed to dim. Adjust color temperature, contrast, and brightness throughout the image. Do not change the time of day or weather. Keep all people, vehicles, objects, structures, and signage exactly as they appear. Make it look as photorealistic as possible. Change as little as possible beyond the lighting. Don't change any details of the original photo other than the lighting.",0,,0,,,dim,,,,,,,,,,,,,,,,,,,,,,,,LIGHTING,,item_00422_dashcam_T1_test_A
bdd100k_0499c620-1c4a837b,bdd100k,,,1280,720,dashcam_T2_test_has_traffic_light_visible,dashcam_test_T2,midday,clear,daylight,0,sparse,0,1,,,1,green,0,1,1,6,,,,,dashcam,T2,test,C,X-T2-LIGHT-COLOR-DSH,"In this dashcam still, change the color of the traffic light at approximately the intersection ahead from green to red. Adjust the glow and reflection on nearby surfaces (wet pavement, the hood of the vehicle, surrounding signs) to match the new color. Keep all vehicles, road markings, signage, pedestrians, and background exactly as they appear. Make it look as photorealistic as possible. The image should appear exactly as it would have if the light had simply been showing red.",0,,0,,,,,,,,,,,,green,red,,,,,,,,,,,,,,,LIGHT-COLOR,item_00455_dashcam_T2_test_C
bdd100k_052d8d40-89ac0197,bdd100k,,,1280,720,dashcam_T2_train_vehicle_count_in_scene,dashcam_train_T2,midday,clear,daylight,0,sparse,0,1,,,0,none,0,1,0,4,,,,,dashcam,T2,train,C,X-T2-REMOVE-VEHICLE-DSH,"Remove the vehicle directly ahead from this dashcam still. Fill the area with road surface, lane markings, sky, or background as appropriate, consistent with what would be visible if that vehicle were not there. Keep all other vehicles, road markings, signage, traffic lights, and pedestrians exactly as they appear. Make it look as photorealistic as possible.",0,,0,,,,,,,,,,,,,,,the vehicle directly ahead,,,,,,,,,,,,,REMOVE-VEHICLE,item_00393_dashcam_T2_train_C
bdd100k_05e4d922-d9d40f7b,bdd100k,,,1280,720,dashcam_T2_train_has_stop_sign_visible,dashcam_train_T2,night,clear,sodium_vapor,0,empty,0,1,,,0,none,1,0,0,10,,,,,dashcam,T2,train,C,X-T2-REMOVE-SIGN-DSH,"Remove the stop sign located at approximately the right side of the road ahead from this dashcam still. Fill the area with sky, pole, or background as appropriate. Keep all vehicles, road markings, traffic lights, pedestrians, and other signage exactly as they appear. Make it look as photorealistic as possible. The image should appear as if that sign had never been installed at that location.",0,,0,,,,,the right side of the road ahead,,,,,,,,,,,,,,,,,,,,,,,REMOVE-SIGN-DSH,item_00368_dashcam_T2_train_C
bdd100k_06a8f8ee-334adbd2_train_color,bdd100k,,,1280,720,dashcam_T1_test,dashcam_test_T1,midday,clear,daylight,0,empty,0,1,,,1,yellow,0,1,0,1,,,,,dashcam,T1,test,B,X-T1-WEATHER-DSH,"Change the weather in this dashcam still from clear to fog. Add ground-level fog and reduced visibility consistent with fog. Adjust lighting, sky, and ground appearance to match. Keep all people, vehicles, objects, structures, and signage exactly as they appear in the original image. Make it look as photorealistic as possible. Change as little as possible beyond what the weather change requires. Don't change any details of the original photo other than the weather.",0,,0,,fog,,,,,,,,,,,,,,,,,,,,,,,,,WEATHER,,item_00405_dashcam_T1_test_B
bdd100k_0738f42e-734821e2,bdd100k,,,1280,720,dashcam_T1_train,dashcam_train_T1,midday,light_rain,daylight,0,sparse,0,1,,,1,green,0,1,0,6,,,,,dashcam,T1,train,C,X-T1-LIGHTING-DSH,"Change the lighting in this dashcam still from daylight to mixed. Adjust color temperature, contrast, and brightness throughout the image. Do not change the time of day or weather. Keep all people, vehicles, objects, structures, and signage exactly as they appear. Make it look as photorealistic as possible. Change as little as possible beyond the lighting. Don't change any details of the original photo other than the lighting.",0,,0,,,mixed,,,,,,,,,,,,,,,,,,,,,,,,LIGHTING,,item_00250_dashcam_T1_train_C
bdd100k_07707e5b-6952cdb1_train_id,bdd100k,,,1280,720,dashcam_T2_train_has_traffic_light_visible,dashcam_train_T2,night,indeterminate,mixed,0,empty,0,1,,,1,none,0,1,0,4,,,,,dashcam,T2,train,B,X-T2-LIGHT-COLOR-DSH,[FLAGGED: no current traffic light color],1,traffic_light_state='none' — cannot determine current color,0,,,,,,,,,,,,,,,,,,,,,,,,,,,,LIGHT-COLOR,item_00342_dashcam_T2_train_B
bdd100k_07764b8b-6db4a0f4,bdd100k,,,1280,720,dashcam_T1_train,dashcam_train_T1,golden_hour,clear,daylight,0,sparse,1,1,,,1,green,0,1,0,12,,,,,dashcam,T1,train,A,X-T1-CROWD-DSH,"Change the number of people visible in this dashcam still from approximately sparse to approximately empty. Remove people from less-prominent areas of the scene first consistent with the setting. Keep the existing scene composition, lighting, and all non-person elements (vehicles, structures, objects, signage) exactly as they appear. Any people added or kept should match the lighting, scale, and style of the original. Make it look as photorealistic as possible. Don't change any details of the original photo other than the people count.",0,,0,,,,empty,,,,,,,,,,,,,,,,,,,,,,,CROWD,,item_00287_dashcam_T1_train_A
bdd100k_088e1da1-4db9234b,bdd100k,,,1280,720,dashcam_T2_train_has_stop_sign_visible,dashcam_train_T2,midday,clear,daylight,0,sparse,1,1,,,1,red,1,1,1,2,,,,,dashcam,T2,train,A,X-T2-REMOVE-SIGN-DSH,"Remove the stop sign located at approximately the right side of the road ahead from this dashcam still. Fill the area with sky, pole, or background as appropriate. Keep all vehicles, road markings, traffic lights, pedestrians, and other signage exactly as they appear. Make it look as photorealistic as possible. The image should appear as if that sign had never been installed at that location.",0,,0,,,,,the right side of the road ahead,,,,,,,,,,,,,,,,,,,,,,,REMOVE-SIGN-DSH,item_00360_dashcam_T2_train_A
bdd100k_092b387a-67a64a9b_train_color,bdd100k,,,1280,720,dashcam_T1_train,dashcam_train_T1,indeterminate,indeterminate,indeterminate,0,sparse,1,1,,,0,none,0,0,0,6,,,,,dashcam,T1,train,A,X-T1-LIGHTING-DSH,"Change the lighting in this dashcam still from the current lighting to dim. Adjust color temperature, contrast, and brightness throughout the image. Do not change the time of day or weather. Keep all people, vehicles, objects, structures, and signage exactly as they appear. Make it look as photorealistic as possible. Change as little as possible beyond the lighting. Don't change any details of the original photo other than the lighting.",0,,0,,,dim,,,,,,,,,,,,,,,,,,,,,,,,LIGHTING,,item_00302_dashcam_T1_train_A
bdd100k_092b55ac-e2622217,bdd100k,,,1280,720,dashcam_T1_train,dashcam_train_T1,golden_hour,clear,daylight,0,sparse,0,1,,,1,red,0,1,0,5,,,,,dashcam,T1,train,B,X-T1-LIGHTING-DSH,"Change the lighting in this dashcam still from daylight to sodium vapor. Adjust color temperature, contrast, and brightness throughout the image. Do not change the time of day or weather. Keep all people, vehicles, objects, structures, and signage exactly as they appear. Make it look as photorealistic as possible. Change as little as possible beyond the lighting. Don't change any details of the original photo other than the lighting.",0,,0,,,sodium vapor,,,,,,,,,,,,,,,,,,,,,,,,LIGHTING,,item_00270_dashcam_T1_train_B
bdd100k_0aa458f0-e93896a2,bdd100k,,,1280,720,dashcam_T1_train,dashcam_train_T1,dusk,clear,daylight,0,empty,0,1,,,1,green,0,1,0,5,,,,,dashcam,T1,train,A,X-T1-TIME-DSH,"Shift the time of day in this dashcam still from dusk to night. Adjust lighting, shadow direction, sky color, and ambient brightness to match night. Keep all people, vehicles, objects, structures, and signage exactly as they appear in the original image — same positions, same poses, same details. Make it look as photorealistic as possible. Change as little as possible beyond the lighting and time-of-day cues. Don't change any details of the original photo other than what's needed for the time shift.",0,,0,night,,,,,,,,,,,,,,,,,,,,,,,,,,TIME,,item_00272_dashcam_T1_train_A
bdd100k_0b2867ef-da37e1d5,bdd100k,,,1280,720,dashcam_T2_train_has_stop_sign_visible,dashcam_train_T2,night,clear,sodium_vapor,0,sparse,1,1,,,0,none,1,1,1,6,,,,,dashcam,T2,train,A,X-T2-REMOVE-SIGN-DSH,"Remove the stop sign located at approximately the right side of the road ahead from this dashcam still. Fill the area with sky, pole, or background as appropriate. Keep all vehicles, road markings, traffic lights, pedestrians, and other signage exactly as they appear. Make it look as photorealistic as possible. The image should appear as if that sign had never been installed at that location.",0,,0,,,,,the right side of the road ahead,,,,,,,,,,,,,,,,,,,,,,,REMOVE-SIGN-DSH,item_00372_dashcam_T2_train_A
bdd100k_0b6f7a4e-b66b27aa,bdd100k,,,1280,720,dashcam_T2_train_has_stop_sign_visible,dashcam_train_T2,night,indeterminate,mixed,0,empty,0,1,,,0,none,1,1,1,0,,,,,dashcam,T2,train,B,X-T2-REMOVE-SIGN-DSH,"Remove the stop sign located at approximately near the front of the vehicle from this dashcam still. Fill the area with sky, pole, or background as appropriate. Keep all vehicles, road markings, traffic lights, pedestrians, and other signage exactly as they appear. Make it look as photorealistic as possible. The image should appear as if that sign had never been installed at that location.",0,,0,,,,,near the front of the vehicle,,,,,,,,,,,,,,,,,,,,,,,REMOVE-SIGN-DSH,item_00370_dashcam_T2_train_B
bdd100k_0b796e55-0d102bd0_train_id,bdd100k,,,1280,720,dashcam_T1_train,dashcam_train_T1,night,indeterminate,dim,0,empty,0,0,,,0,none,0,0,0,3,,,,,dashcam,T1,train,A,X-T1-CROWD-DSH,"Change the number of people visible in this dashcam still from approximately empty to approximately sparse. Add additional people consistent with the setting. Keep the existing scene composition, lighting, and all non-person elements (vehicles, structures, objects, signage) exactly as they appear. Any people added or kept should match the lighting, scale, and style of the original. Make it look as photorealistic as possible. Don't change any details of the original photo other than the people count.",0,,0,,,,sparse,,,,,,,,,,,,,,,,,,,,,,,CROWD,,item_00311_dashcam_T1_train_A
bdd100k_0cc71303-887ac35f,bdd100k,,,1280,720,dashcam_T2_train_has_traffic_light_visible,dashcam_train_T2,night,clear,mixed,0,empty,0,1,,,1,green,0,0,0,4,,,,,dashcam,T2,train,C,X-T2-LIGHT-COLOR-DSH,"In this dashcam still, change the color of the traffic light at approximately the intersection ahead from green to red. Adjust the glow and reflection on nearby surfaces (wet pavement, the hood of the vehicle, surrounding signs) to match the new color. Keep all vehicles, road markings, signage, pedestrians, and background exactly as they appear. Make it look as photorealistic as possible. The image should appear exactly as it would have if the light had simply been showing red.",0,,0,,,,,,,,,,,,green,red,,,,,,,,,,,,,,,LIGHT-COLOR,item_00343_dashcam_T2_train_C
bdd100k_0d03369b-084a5107,bdd100k,,,1280,720,dashcam_T1_test,dashcam_test_T1,midday,overcast,daylight,0,empty,0,1,,,0,none,0,1,0,8,,,,,dashcam,T1,test,A,X-T1-TIME-DSH,"Shift the time of day in this dashcam still from midday to night. Adjust lighting, shadow direction, sky color, and ambient brightness to match night. Keep all people, vehicles, objects, structures, and signage exactly as they appear in the original image — same positions, same poses, same details. Make it look as photorealistic as possible. Change as little as possible beyond the lighting and time-of-day cues. Don't change any details of the original photo other than what's needed for the time shift.",0,,0,night,,,,,,,,,,,,,,,,,,,,,,,,,,TIME,,item_00416_dashcam_T1_test_A
bdd100k_0d76ff16-38ba1d70,bdd100k,,,1280,720,dashcam_T1_test,dashcam_test_T1,midday,overcast,daylight,0,empty,0,1,,,0,none,0,1,1,8,,,,,dashcam,T1,test,C,X-T1-WEATHER-DSH,"Change the weather in this dashcam still from overcast to fog. Add ground-level fog and reduced visibility consistent with fog. Adjust lighting, sky, and ground appearance to match. Keep all people, vehicles, objects, structures, and signage exactly as they appear in the original image. Make it look as photorealistic as possible. Change as little as possible beyond what the weather change requires. Don't change any details of the original photo other than the weather.",0,,0,,fog,,,,,,,,,,,,,,,,,,,,,,,,,WEATHER,,item_00421_dashcam_T1_test_C
bdd100k_0d9ca9fa-0b4a0ddf,bdd100k,,,1280,720,dashcam_T2_train_has_stop_sign_visible,dashcam_train_T2,night,light_rain,mixed,0,sparse,1,1,,,1,green,1,1,0,3,,,,,dashcam,T2,train,C,X-T2-REMOVE-SIGN-DSH,"Remove the stop sign located at approximately near the front of the vehicle from this dashcam still. Fill the area with sky, pole, or background as appropriate. Keep all vehicles, road markings, traffic lights, pedestrians, and other signage exactly as they appear. Make it look as photorealistic as possible. The image should appear as if that sign had never been installed at that location.",0,,0,,,,,near the front of the vehicle,,,,,,,,,,,,,,,,,,,,,,,REMOVE-SIGN-DSH,item_00374_dashcam_T2_train_C
bdd100k_0da39fcf-5b32d869,bdd100k,,,1280,720,dashcam_T2_train_has_traffic_light_visible,dashcam_train_T2,night,clear,mixed,0,empty,0,1,,,1,red,0,1,1,12,,,,,dashcam,T2,train,C,X-T2-LIGHT-COLOR-DSH,"In this dashcam still, change the color of the traffic light at approximately the intersection ahead from red to green. Adjust the glow and reflection on nearby surfaces (wet pavement, the hood of the vehicle, surrounding signs) to match the new color. Keep all vehicles, road markings, signage, pedestrians, and background exactly as they appear. Make it look as photorealistic as possible. The image should appear exactly as it would have if the light had simply been showing green.",0,,0,,,,,,,,,,,,red,green,,,,,,,,,,,,,,,LIGHT-COLOR,item_00355_dashcam_T2_train_C
bdd100k_0ff5ca7b-28016d88,bdd100k,,,1280,720,dashcam_T2_test_has_clear_road_ahead,dashcam_test_T2,midday,clear,daylight,0,empty,0,1,,,0,none,0,1,1,6,,,,,dashcam,T2,test,C,X-T2-ADD-HAZARD-DSH,"Add a fallen branch to the roadway in this dashcam still, positioned at approximately the center of the lane ahead. The hazard should appear at a scale and perspective consistent with the road surface and surrounding scene. Match the lighting, shadow direction, and weather of the original image. Keep all vehicles, road markings, signage, traffic lights, and pedestrians exactly as they appear. Make it look as photorealistic as possible. The hazard should look as if it had always been in that position.",0,,0,,,,,the center of the lane ahead,,,,,,,,,fallen branch,,,,,,,,,,,,,,ADD-HAZARD,item_00440_dashcam_T2_test_C
bdd100k_10af6ba8-b3c25efe,bdd100k,,,1280,720,dashcam_T1_train,dashcam_train_T1,night,clear,sodium_vapor,0,moderate,1,1,,,1,green,0,1,0,6,,,,,dashcam,T1,train,A,X-T1-WEATHER-DSH,"Change the weather in this dashcam still from clear to light snow. Add falling snow and light snow accumulation consistent with light snow. Adjust lighting, sky, and ground appearance to match. Keep all people, vehicles, objects, structures, and signage exactly as they appear in the original image. Make it look as photorealistic as possible. Change as little as possible beyond what the weather change requires. Don't change any details of the original photo other than the weather.",0,,0,,light snow,,,,,,,,,,,,,,,,,,,,,,,,,WEATHER,,item_00281_dashcam_T1_train_A
bdd100k_10bd263e-adb5a5d3,bdd100k,,,1280,720,dashcam_T2_train_vehicle_count_in_scene,dashcam_train_T2,night,light_rain,mixed,0,empty,0,1,,,0,none,0,1,0,3,,,,,dashcam,T2,train,B,X-T2-REMOVE-VEHICLE-DSH,"Remove the parked vehicle visible in the scene from this dashcam still. Fill the area with road surface, lane markings, sky, or background as appropriate, consistent with what would be visible if that vehicle were not there. Keep all other vehicles, road markings, signage, traffic lights, and pedestrians exactly as they appear. Make it look as photorealistic as possible.",0,,0,,,,,,,,,,,,,,,the parked vehicle visible in the scene,,,,,,,,,,,,,REMOVE-VEHICLE,item_00383_dashcam_T2_train_B
bdd100k_11035230-13dbc015,bdd100k,,,1280,720,dashcam_T1_train,dashcam_train_T1,indeterminate,light_rain,mixed,0,empty,0,1,,,1,green,0,1,0,3,,,,,dashcam,T1,train,A,X-T1-CROWD-DSH,"Change the number of people visible in this dashcam still from approximately empty to approximately sparse. Add additional people consistent with the setting. Keep the existing scene composition, lighting, and all non-person elements (vehicles, structures, objects, signage) exactly as they appear. Any people added or kept should match the lighting, scale, and style of the original. Make it look as photorealistic as possible. Don't change any details of the original photo other than the people count.",0,,0,,,,sparse,,,,,,,,,,,,,,,,,,,,,,,CROWD,,item_00299_dashcam_T1_train_A
bdd100k_11bfabe9-e7da488f,bdd100k,,,1280,720,dashcam_T1_test,dashcam_test_T1,night,clear,sodium_vapor,0,empty,0,1,,,0,none,0,0,0,10,,,,,dashcam,T1,test,C,X-T1-LIGHTING-DSH,"Change the lighting in this dashcam still from sodium vapor to mixed. Adjust color temperature, contrast, and brightness throughout the image. Do not change the time of day or weather. Keep all people, vehicles, objects, structures, and signage exactly as they appear. Make it look as photorealistic as possible. Change as little as possible beyond the lighting. Don't change any details of the original photo other than the lighting.",0,,0,,,mixed,,,,,,,,,,,,,,,,,,,,,,,,LIGHTING,,item_00430_dashcam_T1_test_C
bdd100k_133a443d-013025ee,bdd100k,,,1280,720,dashcam_T1_test,dashcam_test_T1,midday,clear,daylight,0,empty,0,1,,,1,green,0,0,1,7,,,,,dashcam,T1,test,B,X-T1-LIGHTING-DSH,"Change the lighting in this dashcam still from daylight to mixed. Adjust color temperature, contrast, and brightness throughout the image. Do not change the time of day or weather. Keep all people, vehicles, objects, structures, and signage exactly as they appear. Make it look as photorealistic as possible. Change as little as possible beyond the lighting. Don't change any details of the original photo other than the lighting.",0,,0,,,mixed,,,,,,,,,,,,,,,,,,,,,,,,LIGHTING,,item_00414_dashcam_T1_test_B
bdd100k_143c8b69-66143439,bdd100k,,,1280,720,dashcam_T2_test_has_traffic_light_visible,dashcam_test_T2,midday,overcast,daylight,0,sparse,0,1,,,1,green,0,1,1,12,,,,,dashcam,T2,test,C,X-T2-LIGHT-COLOR-DSH,"In this dashcam still, change the color of the traffic light at approximately the intersection ahead from green to red. Adjust the glow and reflection on nearby surfaces (wet pavement, the hood of the vehicle, surrounding signs) to match the new color. Keep all vehicles, road markings, signage, pedestrians, and background exactly as they appear. Make it look as photorealistic as possible. The image should appear exactly as it would have if the light had simply been showing red.",0,,0,,,,,,,,,,,,green,red,,,,,,,,,,,,,,,LIGHT-COLOR,item_00452_dashcam_T2_test_C
bdd100k_18a439d8-12d3f187_train_id,bdd100k,,,1280,720,dashcam_T1_train,dashcam_train_T1,night,indeterminate,dim,0,empty,0,1,,,0,none,0,0,0,0,,,,,dashcam,T1,train,B,X-T1-LIGHTING-DSH,"Change the lighting in this dashcam still from dim to bright. Adjust color temperature, contrast, and brightness throughout the image. Do not change the time of day or weather. Keep all people, vehicles, objects, structures, and signage exactly as they appear. Make it look as photorealistic as possible. Change as little as possible beyond the lighting. Don't change any details of the original photo other than the lighting.",0,,0,,,bright,,,,,,,,,,,,,,,,,,,,,,,,LIGHTING,,item_00246_dashcam_T1_train_B
bdd100k_1939078d-3b44186a,bdd100k,,,1280,720,dashcam_T2_test_vehicle_count_in_scene,dashcam_test_T2,night,clear,mixed,0,empty,0,1,,,0,none,0,0,0,5,,,,,dashcam,T2,test,A,X-T2-REMOVE-VEHICLE-DSH,"Remove the vehicle in the next lane from this dashcam still. Fill the area with road surface, lane markings, sky, or background as appropriate, consistent with what would be visible if that vehicle were not there. Keep all other vehicles, road markings, signage, traffic lights, and pedestrians exactly as they appear. Make it look as photorealistic as possible.",0,,0,,,,,,,,,,,,,,,the vehicle in the next lane,,,,,,,,,,,,,REMOVE-VEHICLE,item_00474_dashcam_T2_test_A
bdd100k_1c3c05ee-cbc10be6,bdd100k,,,1280,720,dashcam_T1_test,dashcam_test_T1,night,clear,sodium_vapor,0,empty,0,1,,,0,none,0,1,0,3,,,,,dashcam,T1,test,A,X-T1-CROWD-DSH,"Change the number of people visible in this dashcam still from approximately empty to approximately busy. Add additional people consistent with the setting. Keep the existing scene composition, lighting, and all non-person elements (vehicles, structures, objects, signage) exactly as they appear. Any people added or kept should match the lighting, scale, and style of the original. Make it look as photorealistic as possible. Don't change any details of the original photo other than the people count.",0,,0,,,,busy,,,,,,,,,,,,,,,,,,,,,,,CROWD,,item_00419_dashcam_T1_test_A
bdd100k_1ebca830-d04fa3a1,bdd100k,,,1280,720,dashcam_T2_train_has_traffic_light_visible,dashcam_train_T2,midday,overcast,daylight,0,sparse,0,1,,,1,green,0,1,0,7,,,,,dashcam,T2,train,B,X-T2-LIGHT-COLOR-DSH,"In this dashcam still, change the color of the traffic light at approximately the intersection ahead from green to red. Adjust the glow and reflection on nearby surfaces (wet pavement, the hood of the vehicle, surrounding signs) to match the new color. Keep all vehicles, road markings, signage, pedestrians, and background exactly as they appear. Make it look as photorealistic as possible. The image should appear exactly as it would have if the light had simply been showing red.",0,,0,,,,,,,,,,,,green,red,,,,,,,,,,,,,,,LIGHT-COLOR,item_00357_dashcam_T2_train_B
bdd100k_1fbf36a7-a3dcfa33,bdd100k,,,1280,720,dashcam_T1_test,dashcam_test_T1,night,clear,mixed,0,empty,0,1,,,1,green,0,1,0,8,,,,,dashcam,T1,test,A,X-T1-LIGHTING-DSH,"Change the lighting in this dashcam still from mixed to sodium vapor. Adjust color temperature, contrast, and brightness throughout the image. Do not change the time of day or weather. Keep all people, vehicles, objects, structures, and signage exactly as they appear. Make it look as photorealistic as possible. Change as little as possible beyond the lighting. Don't change any details of the original photo other than the lighting.",0,,0,,,sodium vapor,,,,,,,,,,,,,,,,,,,,,,,,LIGHTING,,item_00434_dashcam_T1_test_A
bdd100k_209a67f9-15be67d1,bdd100k,,,1280,720,dashcam_T2_test_has_stop_sign_visible,dashcam_test_T2,midday,clear,daylight,0,empty,0,1,,,1,red,1,1,0,7,,,,,dashcam,T2,test,A,X-T2-REMOVE-SIGN-DSH,"Remove the stop sign located at approximately the intersection ahead from this dashcam still. Fill the area with sky, pole, or background as appropriate. Keep all vehicles, road markings, traffic lights, pedestrians, and other signage exactly as they appear. Make it look as photorealistic as possible. The image should appear as if that sign had never been installed at that location.",0,,0,,,,,the intersection ahead,,,,,,,,,,,,,,,,,,,,,,,REMOVE-SIGN-DSH,item_00465_dashcam_T2_test_A
bdd100k_20b07991-0e8a9622,bdd100k,,,1280,720,dashcam_T2_train_vehicle_count_in_scene,dashcam_train_T2,midday,clear,daylight,0,sparse,1,1,,,0,none,0,1,0,7,,,,,dashcam,T2,train,A,X-T2-REMOVE-VEHICLE-DSH,"Remove the vehicle on the right shoulder from this dashcam still. Fill the area with road surface, lane markings, sky, or background as appropriate, consistent with what would be visible if that vehicle were not there. Keep all other vehicles, road markings, signage, traffic lights, and pedestrians exactly as they appear. Make it look as photorealistic as possible.",0,,0,,,,,,,,,,,,,,,the vehicle on the right shoulder,,,,,,,,,,,,,REMOVE-VEHICLE,item_00394_dashcam_T2_train_A
bdd100k_21ce51f8-188e787b,bdd100k,,,1280,720,dashcam_T1_test,dashcam_test_T1,night,clear,mixed,0,empty,0,1,,,1,green,0,0,0,10,,,,,dashcam,T1,test,B,X-T1-LIGHTING-DSH,"Change the lighting in this dashcam still from mixed to sodium vapor. Adjust color temperature, contrast, and brightness throughout the image. Do not change the time of day or weather. Keep all people, vehicles, objects, structures, and signage exactly as they appear. Make it look as photorealistic as possible. Change as little as possible beyond the lighting. Don't change any details of the original photo other than the lighting.",0,,0,,,sodium vapor,,,,,,,,,,,,,,,,,,,,,,,,LIGHTING,,item_00402_dashcam_T1_test_B
bdd100k_22d14e85-86b3de7b,bdd100k,,,1280,720,dashcam_T2_train_has_stop_sign_visible,dashcam_train_T2,night,clear,sodium_vapor,0,empty,0,1,,,0,none,1,1,0,7,,,,,dashcam,T2,train,C,X-T2-REMOVE-SIGN-DSH,"Remove the stop sign located at approximately the intersection ahead from this dashcam still. Fill the area with sky, pole, or background as appropriate. Keep all vehicles, road markings, traffic lights, pedestrians, and other signage exactly as they appear. Make it look as photorealistic as possible. The image should appear as if that sign had never been installed at that location.",0,,0,,,,,the intersection ahead,,,,,,,,,,,,,,,,,,,,,,,REMOVE-SIGN-DSH,item_00365_dashcam_T2_train_C
bdd100k_24e1163c-9c45106f,bdd100k,,,1280,720,dashcam_T2_test_has_traffic_light_visible,dashcam_test_T2,night,clear,mixed,0,empty,0,1,,,1,red,0,1,1,2,,,,,dashcam,T2,test,C,X-T2-LIGHT-COLOR-DSH,"In this dashcam still, change the color of the traffic light at approximately the intersection ahead from red to green. Adjust the glow and reflection on nearby surfaces (wet pavement, the hood of the vehicle, surrounding signs) to match the new color. Keep all vehicles, road markings, signage, pedestrians, and background exactly as they appear. Make it look as photorealistic as possible. The image should appear exactly as it would have if the light had simply been showing green.",0,,0,,,,,,,,,,,,red,green,,,,,,,,,,,,,,,LIGHT-COLOR,item_00458_dashcam_T2_test_C
bdd100k_2817ac1d-2a3a0ce1,bdd100k,,,1280,720,dashcam_T2_train_has_stop_sign_visible,dashcam_train_T2,dusk,clear,daylight,0,empty,0,1,,,0,none,1,1,0,12,,,,,dashcam,T2,train,B,X-T2-REMOVE-SIGN-DSH,"Remove the stop sign located at approximately at the upcoming corner from this dashcam still. Fill the area with sky, pole, or background as appropriate. Keep all vehicles, road markings, traffic lights, pedestrians, and other signage exactly as they appear. Make it look as photorealistic as possible. The image should appear as if that sign had never been installed at that location.",0,,0,,,,,at the upcoming corner,,,,,,,,,,,,,,,,,,,,,,,REMOVE-SIGN-DSH,item_00379_dashcam_T2_train_B
bdd100k_2a011796-d2ea0ed0,bdd100k,,,1280,720,dashcam_T2_test_has_traffic_light_visible,dashcam_test_T2,night,clear,mixed,0,empty,0,1,,,1,green,0,1,0,4,,,,,dashcam,T2,test,B,X-T2-LIGHT-COLOR-DSH,"In this dashcam still, change the color of the traffic light at approximately the intersection ahead from green to red. Adjust the glow and reflection on nearby surfaces (wet pavement, the hood of the vehicle, surrounding signs) to match the new color. Keep all vehicles, road markings, signage, pedestrians, and background exactly as they appear. Make it look as photorealistic as possible. The image should appear exactly as it would have if the light had simply been showing red.",0,,0,,,,,,,,,,,,green,red,,,,,,,,,,,,,,,LIGHT-COLOR,item_00454_dashcam_T2_test_B
bdd100k_2a3e1798-40b989cc,bdd100k,,,1280,720,dashcam_T1_test,dashcam_test_T1,midday,overcast,daylight,0,empty,0,1,,,0,none,0,1,1,3,,,,,dashcam,T1,test,C,X-T1-TIME-DSH,"Shift the time of day in this dashcam still from midday to morning. Adjust lighting, shadow direction, sky color, and ambient brightness to match morning. Keep all people, vehicles, objects, structures, and signage exactly as they appear in the original image — same positions, same poses, same details. Make it look as photorealistic as possible. Change as little as possible beyond the lighting and time-of-day cues. Don't change any details of the original photo other than what's needed for the time shift.",0,,0,morning,,,,,,,,,,,,,,,,,,,,,,,,,,TIME,,item_00424_dashcam_T1_test_C
bdd100k_2a601183-1ead0a5c,bdd100k,,,1280,720,dashcam_T2_train_vehicle_count_in_scene,dashcam_train_T2,midday,clear,daylight,0,empty,0,1,,,0,none,0,1,1,10,,,,,dashcam,T2,train,C,X-T2-REMOVE-VEHICLE-DSH,"Remove the vehicle in the next lane from this dashcam still. Fill the area with road surface, lane markings, sky, or background as appropriate, consistent with what would be visible if that vehicle were not there. Keep all other vehicles, road markings, signage, traffic lights, and pedestrians exactly as they appear. Make it look as photorealistic as possible.",0,,0,,,,,,,,,,,,,,,the vehicle in the next lane,,,,,,,,,,,,,REMOVE-VEHICLE,item_00384_dashcam_T2_train_C
bdd100k_2ba7d514-84558d80,bdd100k,,,1280,720,dashcam_T2_test_has_stop_sign_visible,dashcam_test_T2,midday,overcast,daylight,0,empty,0,1,,,0,none,1,0,0,8,,,,,dashcam,T2,test,A,X-T2-REMOVE-SIGN-DSH,"Remove the stop sign located at approximately near the front of the vehicle from this dashcam still. Fill the area with sky, pole, or background as appropriate. Keep all vehicles, road markings, traffic lights, pedestrians, and other signage exactly as they appear. Make it look as photorealistic as possible. The image should appear as if that sign had never been installed at that location.",0,,0,,,,,near the front of the vehicle,,,,,,,,,,,,,,,,,,,,,,,REMOVE-SIGN-DSH,item_00462_dashcam_T2_test_A
bdd100k_30a1afd5-13c419e7,bdd100k,,,1280,720,dashcam_T2_train_has_stop_sign_visible,dashcam_train_T2,night,clear,mixed,0,empty,0,1,,,1,red,1,1,0,7,,,,,dashcam,T2,train,C,X-T2-REMOVE-SIGN-DSH,"Remove the stop sign located at approximately near the front of the vehicle from this dashcam still. Fill the area with sky, pole, or background as appropriate. Keep all vehicles, road markings, traffic lights, pedestrians, and other signage exactly as they appear. Make it look as photorealistic as possible. The image should appear as if that sign had never been installed at that location.",0,,0,,,,,near the front of the vehicle,,,,,,,,,,,,,,,,,,,,,,,REMOVE-SIGN-DSH,item_00362_dashcam_T2_train_C
bdd100k_31e9e035-14b7a764,bdd100k,,,1280,720,dashcam_T1_train,dashcam_train_T1,night,clear,sodium_vapor,0,empty,0,1,,,0,none,0,1,0,4,,,,,dashcam,T1,train,B,X-T1-CROWD-DSH,"Change the number of people visible in this dashcam still from approximately empty to approximately moderate. Add additional people consistent with the setting. Keep the existing scene composition, lighting, and all non-person elements (vehicles, structures, objects, signage) exactly as they appear. Any people added or kept should match the lighting, scale, and style of the original. Make it look as photorealistic as possible. Don't change any details of the original photo other than the people count.",0,,0,,,,moderate,,,,,,,,,,,,,,,,,,,,,,,CROWD,,item_00279_dashcam_T1_train_B
bdd100k_31e9ed0f-8b1a0575,bdd100k,,,1280,720,dashcam_T2_train_has_stop_sign_visible,dashcam_train_T2,dusk,clear,daylight,0,sparse,1,1,,,0,none,1,1,1,10,,,,,dashcam,T2,train,B,X-T2-REMOVE-SIGN-DSH,"Remove the stop sign located at approximately the intersection ahead from this dashcam still. Fill the area with sky, pole, or background as appropriate. Keep all vehicles, road markings, traffic lights, pedestrians, and other signage exactly as they appear. Make it look as photorealistic as possible. The image should appear as if that sign had never been installed at that location.",0,,0,,,,,the intersection ahead,,,,,,,,,,,,,,,,,,,,,,,REMOVE-SIGN-DSH,item_00361_dashcam_T2_train_B
bdd100k_321d272d-1dac2918,bdd100k,,,1280,720,dashcam_T1_train,dashcam_train_T1,night,clear,mixed,0,sparse,1,1,,,1,green,0,1,0,8,,,,,dashcam,T1,train,C,X-T1-CROWD-DSH,"Change the number of people visible in this dashcam still from approximately sparse to approximately busy. Add additional people consistent with the setting. Keep the existing scene composition, lighting, and all non-person elements (vehicles, structures, objects, signage) exactly as they appear. Any people added or kept should match the lighting, scale, and style of the original. Make it look as photorealistic as possible. Don't change any details of the original photo other than the people count.",0,,0,,,,busy,,,,,,,,,,,,,,,,,,,,,,,CROWD,,item_00307_dashcam_T1_train_C
bdd100k_3224bf75-6e1e7e2e,bdd100k,,,1280,720,dashcam_T2_test_vehicle_count_in_scene,dashcam_test_T2,night,light_rain,mixed,0,sparse,0,1,,,1,green,0,1,0,8,,,,,dashcam,T2,test,A,X-T2-REMOVE-VEHICLE-DSH,"Remove the vehicle directly ahead from this dashcam still. Fill the area with road surface, lane markings, sky, or background as appropriate, consistent with what would be visible if that vehicle were not there. Keep all other vehicles, road markings, signage, traffic lights, and pedestrians exactly as they appear. Make it look as photorealistic as possible.",0,,0,,,,,,,,,,,,,,,the vehicle directly ahead,,,,,,,,,,,,,REMOVE-VEHICLE,item_00471_dashcam_T2_test_A
bdd100k_326777e8-fd86c0db,bdd100k,,,1280,720,dashcam_T1_test,dashcam_test_T1,night,clear,mixed,0,empty,0,1,,,1,green,0,1,0,10,,,,,dashcam,T1,test,B,X-T1-WEATHER-DSH,"Change the weather in this dashcam still from clear to heavy rain. Add wet pavement, falling rain, and spray consistent with heavy rain. Adjust lighting, sky, and ground appearance to match. Keep all people, vehicles, objects, structures, and signage exactly as they appear in the original image. Make it look as photorealistic as possible. Change as little as possible beyond what the weather change requires. Don't change any details of the original photo other than the weather.",0,,0,,heavy rain,,,,,,,,,,,,,,,,,,,,,,,,,WEATHER,,item_00417_dashcam_T1_test_B
bdd100k_32e448a1-0b989a2d,bdd100k,,,1280,720,dashcam_T1_train,dashcam_train_T1,midday,overcast,daylight,0,sparse,0,1,,,1,green,0,1,1,4,,,,,dashcam,T1,train,B,X-T1-WEATHER-DSH,"Change the weather in this dashcam still from overcast to fog. Add ground-level fog and reduced visibility consistent with fog. Adjust lighting, sky, and ground appearance to match. Keep all people, vehicles, objects, structures, and signage exactly as they appear in the original image. Make it look as photorealistic as possible. Change as little as possible beyond what the weather change requires. Don't change any details of the original photo other than the weather.",0,,0,,fog,,,,,,,,,,,,,,,,,,,,,,,,,WEATHER,,item_00309_dashcam_T1_train_B
bdd100k_332e740f-ce947e46,bdd100k,,,1280,720,dashcam_T2_test_vehicle_count_in_scene,dashcam_test_T2,dusk,clear,mixed,0,sparse,1,1,,,1,red,0,1,0,10,,,,,dashcam,T2,test,C,X-T2-REMOVE-VEHICLE-DSH,"Remove the vehicle in the next lane from this dashcam still. Fill the area with road surface, lane markings, sky, or background as appropriate, consistent with what would be visible if that vehicle were not there. Keep all other vehicles, road markings, signage, traffic lights, and pedestrians exactly as they appear. Make it look as photorealistic as possible.",0,,0,,,,,,,,,,,,,,,the vehicle in the next lane,,,,,,,,,,,,,REMOVE-VEHICLE,item_00470_dashcam_T2_test_C
bdd100k_3648dd75-aeff7873,bdd100k,,,1280,720,dashcam_T1_train,dashcam_train_T1,midday,clear,daylight,0,moderate,1,1,,,1,red,0,1,0,3,,,,,dashcam,T1,train,A,X-T1-LIGHTING-DSH,"Change the lighting in this dashcam still from daylight to sodium vapor. Adjust color temperature, contrast, and brightness throughout the image. Do not change the time of day or weather. Keep all people, vehicles, objects, structures, and signage exactly as they appear. Make it look as photorealistic as possible. Change as little as possible beyond the lighting. Don't change any details of the original photo other than the lighting.",0,,0,,,sodium vapor,,,,,,,,,,,,,,,,,,,,,,,,LIGHTING,,item_00254_dashcam_T1_train_A
bdd100k_36663e5c-a35dcc14,bdd100k,,,1280,720,dashcam_T2_test_has_stop_sign_visible,dashcam_test_T2,night,clear,mixed,0,sparse,1,1,,,1,green,1,1,1,6,,,,,dashcam,T2,test,B,X-T2-REMOVE-SIGN-DSH,"Remove the stop sign located at approximately at the upcoming corner from this dashcam still. Fill the area with sky, pole, or background as appropriate. Keep all vehicles, road markings, traffic lights, pedestrians, and other signage exactly as they appear. Make it look as photorealistic as possible. The image should appear as if that sign had never been installed at that location.",0,,0,,,,,at the upcoming corner,,,,,,,,,,,,,,,,,,,,,,,REMOVE-SIGN-DSH,item_00463_dashcam_T2_test_B
bdd100k_366bba5a-8c94c778,bdd100k,,,1280,720,dashcam_T1_train,dashcam_train_T1,midday,overcast,daylight,0,empty,0,1,,,1,yellow,0,0,1,20,,,,,dashcam,T1,train,C,X-T1-CROWD-DSH,"Change the number of people visible in this dashcam still from approximately empty to approximately busy. Add additional people consistent with the setting. Keep the existing scene composition, lighting, and all non-person elements (vehicles, structures, objects, signage) exactly as they appear. Any people added or kept should match the lighting, scale, and style of the original. Make it look as photorealistic as possible. Don't change any details of the original photo other than the people count.",0,,0,,,,busy,,,,,,,,,,,,,,,,,,,,,,,CROWD,,item_00271_dashcam_T1_train_C
bdd100k_368f0c4a-aa155058,bdd100k,,,1280,720,dashcam_T2_test_has_traffic_light_visible,dashcam_test_T2,midday,overcast,daylight,0,moderate,1,1,,,1,red,0,1,0,5,,,,,dashcam,T2,test,A,X-T2-LIGHT-COLOR-DSH,"In this dashcam still, change the color of the traffic light at approximately the intersection ahead from red to green. Adjust the glow and reflection on nearby surfaces (wet pavement, the hood of the vehicle, surrounding signs) to match the new color. Keep all vehicles, road markings, signage, pedestrians, and background exactly as they appear. Make it look as photorealistic as possible. The image should appear exactly as it would have if the light had simply been showing green.",0,,0,,,,,,,,,,,,red,green,,,,,,,,,,,,,,,LIGHT-COLOR,item_00450_dashcam_T2_test_A
bdd100k_38671001-e24bc5f8,bdd100k,,,1280,720,dashcam_T1_train,dashcam_train_T1,midday,overcast,daylight,0,sparse,1,1,,,1,green,0,1,1,6,,,,,dashcam,T1,train,B,X-T1-WEATHER-DSH,"Change the weather in this dashcam still from overcast to heavy snow. Add heavy snowfall and accumulated snow on surfaces consistent with heavy snow. Adjust lighting, sky, and ground appearance to match. Keep all people, vehicles, objects, structures, and signage exactly as they appear in the original image. Make it look as photorealistic as possible. Change as little as possible beyond what the weather change requires. Don't change any details of the original photo other than the weather.",0,,0,,heavy snow,,,,,,,,,,,,,,,,,,,,,,,,,WEATHER,,item_00285_dashcam_T1_train_B
bdd100k_3ac439b9-3c7e8db3,bdd100k,,,1280,720,dashcam_T1_test,dashcam_test_T1,night,indeterminate,dim,0,empty,0,1,,,0,none,0,0,0,3,,,,,dashcam,T1,test,A,X-T1-LIGHTING-DSH,"Change the lighting in this dashcam still from dim to bright. Adjust color temperature, contrast, and brightness throughout the image. Do not change the time of day or weather. Keep all people, vehicles, objects, structures, and signage exactly as they appear. Make it look as photorealistic as possible. Change as little as possible beyond the lighting. Don't change any details of the original photo other than the lighting.",0,,0,,,bright,,,,,,,,,,,,,,,,,,,,,,,,LIGHTING,,item_00410_dashcam_T1_test_A
bdd100k_3b786969-2135fe59,bdd100k,,,1280,720,dashcam_T2_train_vehicle_count_in_scene,dashcam_train_T2,midday,clear,daylight,0,empty,0,1,,,0,none,0,1,1,2,,,,,dashcam,T2,train,A,X-T2-REMOVE-VEHICLE-DSH,"Remove the vehicle on the right shoulder from this dashcam still. Fill the area with road surface, lane markings, sky, or background as appropriate, consistent with what would be visible if that vehicle were not there. Keep all other vehicles, road markings, signage, traffic lights, and pedestrians exactly as they appear. Make it look as photorealistic as possible.",0,,0,,,,,,,,,,,,,,,the vehicle on the right shoulder,,,,,,,,,,,,,REMOVE-VEHICLE,item_00382_dashcam_T2_train_A
bdd100k_3b7cba8a-007ea534,bdd100k,,,1280,720,dashcam_T2_test_has_stop_sign_visible,dashcam_test_T2,midday,clear,daylight,0,empty,0,1,,,0,none,1,1,1,6,,,,,dashcam,T2,test,B,X-T2-REMOVE-SIGN-DSH,"Remove the stop sign located at approximately the right side of the road ahead from this dashcam still. Fill the area with sky, pole, or background as appropriate. Keep all vehicles, road markings, traffic lights, pedestrians, and other signage exactly as they appear. Make it look as photorealistic as possible. The image should appear as if that sign had never been installed at that location.",0,,0,,,,,the right side of the road ahead,,,,,,,,,,,,,,,,,,,,,,,REMOVE-SIGN-DSH,item_00460_dashcam_T2_test_B
bdd100k_3c9de95f-96b6bc0f,bdd100k,,,1280,720,dashcam_T1_test,dashcam_test_T1,evening,clear,mixed,0,sparse,0,1,,,1,green,0,1,1,10,,,,,dashcam,T1,test,B,X-T1-WEATHER-DSH,"Change the weather in this dashcam still from clear to heavy snow. Add heavy snowfall and accumulated snow on surfaces consistent with heavy snow. Adjust lighting, sky, and ground appearance to match. Keep all people, vehicles, objects, structures, and signage exactly as they appear in the original image. Make it look as photorealistic as possible. Change as little as possible beyond what the weather change requires. Don't change any details of the original photo other than the weather.",0,,0,,heavy snow,,,,,,,,,,,,,,,,,,,,,,,,,WEATHER,,item_00429_dashcam_T1_test_B
bdd100k_3d9010ff-1866b2a4,bdd100k,,,1280,720,dashcam_T1_train,dashcam_train_T1,midday,clear,daylight,0,empty,0,1,,,0,none,0,0,0,3,,,,,dashcam,T1,train,C,X-T1-TIME-DSH,"Shift the time of day in this dashcam still from midday to night. Adjust lighting, shadow direction, sky color, and ambient brightness to match night. Keep all people, vehicles, objects, structures, and signage exactly as they appear in the original image — same positions, same poses, same details. Make it look as photorealistic as possible. Change as little as possible beyond the lighting and time-of-day cues. Don't change any details of the original photo other than what's needed for the time shift.",0,,0,night,,,,,,,,,,,,,,,,,,,,,,,,,,TIME,,item_00316_dashcam_T1_train_C
bdd100k_3db14e35-eaa35330,bdd100k,,,1280,720,dashcam_T2_test_vehicle_count_in_scene,dashcam_test_T2,night,clear,sodium_vapor,0,empty,0,1,,,0,none,0,0,1,5,,,,,dashcam,T2,test,A,X-T2-REMOVE-VEHICLE-DSH,"Remove the parked vehicle visible in the scene from this dashcam still. Fill the area with road surface, lane markings, sky, or background as appropriate, consistent with what would be visible if that vehicle were not there. Keep all other vehicles, road markings, signage, traffic lights, and pedestrians exactly as they appear. Make it look as photorealistic as possible.",0,,0,,,,,,,,,,,,,,,the parked vehicle visible in the scene,,,,,,,,,,,,,REMOVE-VEHICLE,item_00477_dashcam_T2_test_A
bdd100k_411b6009-18eb96b3,bdd100k,,,1280,720,dashcam_T1_train,dashcam_train_T1,night,clear,mixed,0,empty,0,1,,,0,none,0,1,0,5,,,,,dashcam,T1,train,B,X-T1-WEATHER-DSH,"Change the weather in this dashcam still from clear to light snow. Add falling snow and light snow accumulation consistent with light snow. Adjust lighting, sky, and ground appearance to match. Keep all people, vehicles, objects, structures, and signage exactly as they appear in the original image. Make it look as photorealistic as possible. Change as little as possible beyond what the weather change requires. Don't change any details of the original photo other than the weather.",0,,0,,light snow,,,,,,,,,,,,,,,,,,,,,,,,,WEATHER,,item_00249_dashcam_T1_train_B
bdd100k_414e7b44-67b30265,bdd100k,,,1280,720,dashcam_T2_train_vehicle_count_in_scene,dashcam_train_T2,midday,clear,daylight,0,empty,0,1,,,0,none,0,1,1,3,,,,,dashcam,T2,train,B,X-T2-REMOVE-VEHICLE-DSH,"Remove the parked vehicle visible in the scene from this dashcam still. Fill the area with road surface, lane markings, sky, or background as appropriate, consistent with what would be visible if that vehicle were not there. Keep all other vehicles, road markings, signage, traffic lights, and pedestrians exactly as they appear. Make it look as photorealistic as possible.",0,,0,,,,,,,,,,,,,,,the parked vehicle visible in the scene,,,,,,,,,,,,,REMOVE-VEHICLE,item_00395_dashcam_T2_train_B
bdd100k_4170bc88-800e3676,bdd100k,,,1280,720,dashcam_T1_train,dashcam_train_T1,night,light_snow,mixed,0,empty,0,1,,,1,green,0,1,0,7,,,,,dashcam,T1,train,C,X-T1-LIGHTING-DSH,"Change the lighting in this dashcam still from mixed to sodium vapor. Adjust color temperature, contrast, and brightness throughout the image. Do not change the time of day or weather. Keep all people, vehicles, objects, structures, and signage exactly as they appear. Make it look as photorealistic as possible. Change as little as possible beyond the lighting. Don't change any details of the original photo other than the lighting.",0,,0,,,sodium vapor,,,,,,,,,,,,,,,,,,,,,,,,LIGHTING,,item_00298_dashcam_T1_train_C
bdd100k_45bdcee5-3f1f2b77_train_id,bdd100k,,,1280,720,dashcam_T1_train,dashcam_train_T1,night,indeterminate,dim,0,sparse,1,1,,,0,none,0,1,1,0,,,,,dashcam,T1,train,A,X-T1-WEATHER-DSH,"Change the weather in this dashcam still from the current weather to heavy snow. Add heavy snowfall and accumulated snow on surfaces consistent with heavy snow. Adjust lighting, sky, and ground appearance to match. Keep all people, vehicles, objects, structures, and signage exactly as they appear in the original image. Make it look as photorealistic as possible. Change as little as possible beyond what the weather change requires. Don't change any details of the original photo other than the weather.",0,,0,,heavy snow,,,,,,,,,,,,,,,,,,,,,,,,,WEATHER,,item_00317_dashcam_T1_train_A
bdd100k_465b4176-967c2a5f,bdd100k,,,1280,720,dashcam_T1_test,dashcam_test_T1,night,light_snow,mixed,0,empty,0,1,,,0,none,0,0,0,2,,,,,dashcam,T1,test,C,X-T1-CROWD-DSH,"Change the number of people visible in this dashcam still from approximately empty to approximately moderate. Add additional people consistent with the setting. Keep the existing scene composition, lighting, and all non-person elements (vehicles, structures, objects, signage) exactly as they appear. Any people added or kept should match the lighting, scale, and style of the original. Make it look as photorealistic as possible. Don't change any details of the original photo other than the people count.",0,,0,,,,moderate,,,,,,,,,,,,,,,,,,,,,,,CROWD,,item_00403_dashcam_T1_test_C
bdd100k_4757d9b4-2557f9ce,bdd100k,,,1280,720,dashcam_T2_train_has_stop_sign_visible,dashcam_train_T2,midday,clear,daylight,0,empty,0,1,,,0,none,1,1,1,5,,,,,dashcam,T2,train,A,X-T2-REMOVE-SIGN-DSH,"Remove the stop sign located at approximately at the upcoming corner from this dashcam still. Fill the area with sky, pole, or background as appropriate. Keep all vehicles, road markings, traffic lights, pedestrians, and other signage exactly as they appear. Make it look as photorealistic as possible. The image should appear as if that sign had never been installed at that location.",0,,0,,,,,at the upcoming corner,,,,,,,,,,,,,,,,,,,,,,,REMOVE-SIGN-DSH,item_00375_dashcam_T2_train_A
bdd100k_475f2744-076ed0b2,bdd100k,,,1280,720,dashcam_T1_train,dashcam_train_T1,midday,clear,daylight,0,empty,0,1,,,0,none,0,1,0,8,,,,,dashcam,T1,train,C,X-T1-TIME-DSH,"Shift the time of day in this dashcam still from midday to dusk. Adjust lighting, shadow direction, sky color, and ambient brightness to match dusk. Keep all people, vehicles, objects, structures, and signage exactly as they appear in the original image — same positions, same poses, same details. Make it look as photorealistic as possible. Change as little as possible beyond the lighting and time-of-day cues. Don't change any details of the original photo other than what's needed for the time shift.",0,,0,dusk,,,,,,,,,,,,,,,,,,,,,,,,,,TIME,,item_00304_dashcam_T1_train_C
bdd100k_48b6bac1-27de3528,bdd100k,,,1280,720,dashcam_T1_train,dashcam_train_T1,night,clear,mixed,0,sparse,1,1,,,1,green,0,1,0,10,,,,,dashcam,T1,train,B,X-T1-WEATHER-DSH,"Change the weather in this dashcam still from clear to light snow. Add falling snow and light snow accumulation consistent with light snow. Adjust lighting, sky, and ground appearance to match. Keep all people, vehicles, objects, structures, and signage exactly as they appear in the original image. Make it look as photorealistic as possible. Change as little as possible beyond what the weather change requires. Don't change any details of the original photo other than the weather.",0,,0,,light snow,,,,,,,,,,,,,,,,,,,,,,,,,WEATHER,,item_00297_dashcam_T1_train_B
bdd100k_4a21c3c9-4a56e4d3,bdd100k,,,1280,720,dashcam_T1_train,dashcam_train_T1,dusk,clear,mixed,0,sparse,1,1,,,1,yellow,0,1,0,7,,,,,dashcam,T1,train,A,X-T1-WEATHER-DSH,"Change the weather in this dashcam still from clear to fog. Add ground-level fog and reduced visibility consistent with fog. Adjust lighting, sky, and ground appearance to match. Keep all people, vehicles, objects, structures, and signage exactly as they appear in the original image. Make it look as photorealistic as possible. Change as little as possible beyond what the weather change requires. Don't change any details of the original photo other than the weather.",0,,0,,fog,,,,,,,,,,,,,,,,,,,,,,,,,WEATHER,,item_00293_dashcam_T1_train_A
bdd100k_4ace777f-91b40000,bdd100k,,,1280,720,dashcam_T1_train,dashcam_train_T1,midday,overcast,daylight,0,sparse,1,1,,,1,red,0,1,1,10,,,,,dashcam,T1,train,C,X-T1-WEATHER-DSH,"Change the weather in this dashcam still from overcast to light snow. Add falling snow and light snow accumulation consistent with light snow. Adjust lighting, sky, and ground appearance to match. Keep all people, vehicles, objects, structures, and signage exactly as they appear in the original image. Make it look as photorealistic as possible. Change as little as possible beyond what the weather change requires. Don't change any details of the original photo other than the weather.",0,,0,,light snow,,,,,,,,,,,,,,,,,,,,,,,,,WEATHER,,item_00313_dashcam_T1_train_C
bdd100k_4c18926c-94ef33f2,bdd100k,,,1280,720,dashcam_T1_train,dashcam_train_T1,midday,clear,daylight,0,empty,0,0,,,0,none,0,0,0,15,,,,,dashcam,T1,train,A,X-T1-LIGHTING-DSH,"Change the lighting in this dashcam still from daylight to mixed. Adjust color temperature, contrast, and brightness throughout the image. Do not change the time of day or weather. Keep all people, vehicles, objects, structures, and signage exactly as they appear. Make it look as photorealistic as possible. Change as little as possible beyond the lighting. Don't change any details of the original photo other than the lighting.",0,,0,,,mixed,,,,,,,,,,,,,,,,,,,,,,,,LIGHTING,,item_00266_dashcam_T1_train_A
bdd100k_4cab6ae5-4c901ffa,bdd100k,,,1280,720,dashcam_T2_train_has_stop_sign_visible,dashcam_train_T2,midday,clear,daylight,0,sparse,1,1,,,1,red,1,1,0,5,,,,,dashcam,T2,train,A,X-T2-REMOVE-SIGN-DSH,"Remove the stop sign located at approximately at the upcoming corner from this dashcam still. Fill the area with sky, pole, or background as appropriate. Keep all vehicles, road markings, traffic lights, pedestrians, and other signage exactly as they appear. Make it look as photorealistic as possible. The image should appear as if that sign had never been installed at that location.",0,,0,,,,,at the upcoming corner,,,,,,,,,,,,,,,,,,,,,,,REMOVE-SIGN-DSH,item_00363_dashcam_T2_train_A
bdd100k_4d3a53b9-994af562,bdd100k,,,1280,720,dashcam_T1_train,dashcam_train_T1,midday,overcast,daylight,0,sparse,1,1,,,0,none,0,1,0,8,,,,,dashcam,T1,train,C,X-T1-TIME-DSH,"Shift the time of day in this dashcam still from midday to morning. Adjust lighting, shadow direction, sky color, and ambient brightness to match morning. Keep all people, vehicles, objects, structures, and signage exactly as they appear in the original image — same positions, same poses, same details. Make it look as photorealistic as possible. Change as little as possible beyond the lighting and time-of-day cues. Don't change any details of the original photo other than what's needed for the time shift.",0,,0,morning,,,,,,,,,,,,,,,,,,,,,,,,,,TIME,,item_00292_dashcam_T1_train_C
bdd100k_4d4fec72-5b51c7bd_train_color,bdd100k,,,1280,720,dashcam_T1_train,dashcam_train_T1,midday,clear,daylight,0,empty,0,1,,,0,none,0,0,0,4,,,,,dashcam,T1,train,B,X-T1-CROWD-DSH,"Change the number of people visible in this dashcam still from approximately empty to approximately moderate. Add additional people consistent with the setting. Keep the existing scene composition, lighting, and all non-person elements (vehicles, structures, objects, signage) exactly as they appear. Any people added or kept should match the lighting, scale, and style of the original. Make it look as photorealistic as possible. Don't change any details of the original photo other than the people count.",0,,0,,,,moderate,,,,,,,,,,,,,,,,,,,,,,,CROWD,,item_00315_dashcam_T1_train_B
bdd100k_4fe1af7b-9adabb28,bdd100k,,,1280,720,dashcam_T2_test_has_traffic_light_visible,dashcam_test_T2,midday,overcast,daylight,0,sparse,1,1,,,1,green,0,1,0,8,,,,,dashcam,T2,test,B,X-T2-LIGHT-COLOR-DSH,"In this dashcam still, change the color of the traffic light at approximately the intersection ahead from green to red. Adjust the glow and reflection on nearby surfaces (wet pavement, the hood of the vehicle, surrounding signs) to match the new color. Keep all vehicles, road markings, signage, pedestrians, and background exactly as they appear. Make it look as photorealistic as possible. The image should appear exactly as it would have if the light had simply been showing red.",0,,0,,,,,,,,,,,,green,red,,,,,,,,,,,,,,,LIGHT-COLOR,item_00457_dashcam_T2_test_B
bdd100k_543fc7b7-8f45dce4,bdd100k,,,1280,720,dashcam_T2_test_vehicle_count_in_scene,dashcam_test_T2,midday,overcast,daylight,0,empty,0,1,,,0,none,0,0,0,6,,,,,dashcam,T2,test,B,X-T2-REMOVE-VEHICLE-DSH,"Remove the vehicle directly ahead from this dashcam still. Fill the area with road surface, lane markings, sky, or background as appropriate, consistent with what would be visible if that vehicle were not there. Keep all other vehicles, road markings, signage, traffic lights, and pedestrians exactly as they appear. Make it look as photorealistic as possible.",0,,0,,,,,,,,,,,,,,,the vehicle directly ahead,,,,,,,,,,,,,REMOVE-VEHICLE,item_00475_dashcam_T2_test_B
bdd100k_548924d2-892cfce6_train_id,bdd100k,,,1280,720,dashcam_T1_train,dashcam_train_T1,indeterminate,indeterminate,indeterminate,0,empty,0,0,,,0,none,0,0,0,0,,,,,dashcam,T1,train,B,X-T1-TIME-DSH,"Shift the time of day in this dashcam still from the current time of day to night. Adjust lighting, shadow direction, sky color, and ambient brightness to match night. Keep all people, vehicles, objects, structures, and signage exactly as they appear in the original image — same positions, same poses, same details. Make it look as photorealistic as possible. Change as little as possible beyond the lighting and time-of-day cues. Don't change any details of the original photo other than what's needed for the time shift.",0,,0,night,,,,,,,,,,,,,,,,,,,,,,,,,,TIME,,item_00300_dashcam_T1_train_B
bdd100k_54cf14d6-9654cf25,bdd100k,,,1280,720,dashcam_T2_train_has_clear_road_ahead,dashcam_train_T2,dusk,overcast,mixed,0,empty,0,1,,,0,none,0,1,1,4,,,,,dashcam,T2,train,ChatGPT,X-T2-ADD-HAZARD-DSH,"Add a small animal to the roadway in this dashcam still, positioned at approximately the edge of the road. The hazard should appear at a scale and perspective consistent with the road surface and surrounding scene. Match the lighting, shadow direction, and weather of the original image. Keep all vehicles, road markings, signage, traffic lights, and pedestrians exactly as they appear. Make it look as photorealistic as possible. The hazard should look as if it had always been in that position.",0,,1,,,,,the edge of the road,,,,,,,,,small animal,,,,,,,,,,,,,,ADD-HAZARD,item_00328_dashcam_T2_hero_ChatGPT
bdd100k_5626cd4f-0f047fec,bdd100k,,,1280,720,dashcam_T2_train_has_traffic_light_visible,dashcam_train_T2,midday,overcast,daylight,0,empty,0,1,,,1,red,0,0,0,12,,,,,dashcam,T2,train,A,X-T2-LIGHT-COLOR-DSH,"In this dashcam still, change the color of the traffic light at approximately the intersection ahead from red to green. Adjust the glow and reflection on nearby surfaces (wet pavement, the hood of the vehicle, surrounding signs) to match the new color. Keep all vehicles, road markings, signage, pedestrians, and background exactly as they appear. Make it look as photorealistic as possible. The image should appear exactly as it would have if the light had simply been showing green.",0,,0,,,,,,,,,,,,red,green,,,,,,,,,,,,,,,LIGHT-COLOR,item_00353_dashcam_T2_train_A
bdd100k_56c7d131-9a215f14,bdd100k,,,1280,720,dashcam_T2_test_vehicle_count_in_scene,dashcam_test_T2,midday,clear,daylight,0,sparse,0,1,,,0,none,0,1,0,10,,,,,dashcam,T2,test,C,X-T2-REMOVE-VEHICLE-DSH,"Remove the vehicle on the right shoulder from this dashcam still. Fill the area with road surface, lane markings, sky, or background as appropriate, consistent with what would be visible if that vehicle were not there. Keep all other vehicles, road markings, signage, traffic lights, and pedestrians exactly as they appear. Make it look as photorealistic as possible.",0,,0,,,,,,,,,,,,,,,the vehicle on the right shoulder,,,,,,,,,,,,,REMOVE-VEHICLE,item_00476_dashcam_T2_test_C
bdd100k_58131720-60ff7a89,bdd100k,,,1280,720,dashcam_T1_train,dashcam_train_T1,midday,clear,daylight,0,sparse,1,1,,,1,green,0,1,0,7,,,,,dashcam,T1,train,A,X-T1-TIME-DSH,"Shift the time of day in this dashcam still from midday to golden hour. Adjust lighting, shadow direction, sky color, and ambient brightness to match golden hour. Keep all people, vehicles, objects, structures, and signage exactly as they appear in the original image — same positions, same poses, same details. Make it look as photorealistic as possible. Change as little as possible beyond the lighting and time-of-day cues. Don't change any details of the original photo other than what's needed for the time shift.",0,,0,golden hour,,,,,,,,,,,,,,,,,,,,,,,,,,TIME,,item_00284_dashcam_T1_train_A
bdd100k_58a07bcd-882f0744,bdd100k,,,1280,720,dashcam_T1_train,dashcam_train_T1,midday,overcast,daylight,0,sparse,1,1,,,1,green,0,1,0,7,,,,,dashcam,T1,train,B,X-T1-CROWD-DSH,"Change the number of people visible in this dashcam still from approximately sparse to approximately moderate. Add additional people consistent with the setting. Keep the existing scene composition, lighting, and all non-person elements (vehicles, structures, objects, signage) exactly as they appear. Any people added or kept should match the lighting, scale, and style of the original. Make it look as photorealistic as possible. Don't change any details of the original photo other than the people count.",0,,0,,,,moderate,,,,,,,,,,,,,,,,,,,,,,,CROWD,,item_00291_dashcam_T1_train_B
bdd100k_58e79413-681ae601,bdd100k,,,1280,720,dashcam_T2_test_has_stop_sign_visible,dashcam_test_T2,night,clear,mixed,0,moderate,1,1,,,1,red,1,1,0,5,,,,,dashcam,T2,test,B,X-T2-REMOVE-SIGN-DSH,"Remove the stop sign located at approximately the intersection ahead from this dashcam still. Fill the area with sky, pole, or background as appropriate. Keep all vehicles, road markings, traffic lights, pedestrians, and other signage exactly as they appear. Make it look as photorealistic as possible. The image should appear as if that sign had never been installed at that location.",0,,0,,,,,the intersection ahead,,,,,,,,,,,,,,,,,,,,,,,REMOVE-SIGN-DSH,item_00469_dashcam_T2_test_B
bdd100k_5e02d29d-5fcda394_train_color,bdd100k,,,1280,720,dashcam_T1_test,dashcam_test_T1,midday,clear,daylight,0,empty,0,1,,,0,none,0,0,0,4,,,,,dashcam,T1,test,A,X-T1-WEATHER-DSH,"Change the weather in this dashcam still from clear to heavy snow. Add heavy snowfall and accumulated snow on surfaces consistent with heavy snow. Adjust lighting, sky, and ground appearance to match. Keep all people, vehicles, objects, structures, and signage exactly as they appear in the original image. Make it look as photorealistic as possible. Change as little as possible beyond what the weather change requires. Don't change any details of the original photo other than the weather.",0,,0,,heavy snow,,,,,,,,,,,,,,,,,,,,,,,,,WEATHER,,item_00413_dashcam_T1_test_A
bdd100k_5ecb380a-95f93a70,bdd100k,,,1280,720,dashcam_T2_test_has_clear_road_ahead,dashcam_test_T2,night,clear,mixed,0,empty,0,1,,,1,green,0,1,1,3,,,,,dashcam,T2,test,B,X-T2-ADD-HAZARD-DSH,"Add a small animal to the roadway in this dashcam still, positioned at approximately the edge of the road. The hazard should appear at a scale and perspective consistent with the road surface and surrounding scene. Match the lighting, shadow direction, and weather of the original image. Keep all vehicles, road markings, signage, traffic lights, and pedestrians exactly as they appear. Make it look as photorealistic as possible. The hazard should look as if it had always been in that position.",0,,0,,,,,the edge of the road,,,,,,,,,small animal,,,,,,,,,,,,,,ADD-HAZARD,item_00448_dashcam_T2_test_B
bdd100k_5f1006e5-47c8e024,bdd100k,,,1280,720,dashcam_T1_train,dashcam_train_T1,night,clear,mixed,0,empty,0,1,,,0,none,0,1,0,2,,,,,dashcam,T1,train,B,X-T1-TIME-DSH,"Shift the time of day in this dashcam still from night to dusk. Adjust lighting, shadow direction, sky color, and ambient brightness to match dusk. Keep all people, vehicles, objects, structures, and signage exactly as they appear in the original image — same positions, same poses, same details. Make it look as photorealistic as possible. Change as little as possible beyond the lighting and time-of-day cues. Don't change any details of the original photo other than what's needed for the time shift.",0,,0,dusk,,,,,,,,,,,,,,,,,,,,,,,,,,TIME,,item_00288_dashcam_T1_train_B
bdd100k_5f689685-93bb55d4,bdd100k,,,1280,720,dashcam_T1_train,dashcam_train_T1,midday,clear,daylight,0,empty,0,1,,,1,green,0,0,1,8,,,,,dashcam,T1,train,A,X-T1-WEATHER-DSH,"Change the weather in this dashcam still from clear to fog. Add ground-level fog and reduced visibility consistent with fog. Adjust lighting, sky, and ground appearance to match. Keep all people, vehicles, objects, structures, and signage exactly as they appear in the original image. Make it look as photorealistic as possible. Change as little as possible beyond what the weather change requires. Don't change any details of the original photo other than the weather.",0,,0,,fog,,,,,,,,,,,,,,,,,,,,,,,,,WEATHER,,item_00245_dashcam_T1_train_A
bdd100k_5f8b8d74-4afa77e6,bdd100k,,,1280,720,dashcam_T2_test_has_clear_road_ahead,dashcam_test_T2,midday,clear,daylight,0,sparse,0,1,,,0,none,0,1,1,6,,,,,dashcam,T2,test,B,X-T2-ADD-HAZARD-DSH,"Add a fallen branch to the roadway in this dashcam still, positioned at approximately the center of the lane ahead. The hazard should appear at a scale and perspective consistent with the road surface and surrounding scene. Match the lighting, shadow direction, and weather of the original image. Keep all vehicles, road markings, signage, traffic lights, and pedestrians exactly as they appear. Make it look as photorealistic as possible. The hazard should look as if it had always been in that position.",0,,0,,,,,the center of the lane ahead,,,,,,,,,fallen branch,,,,,,,,,,,,,,ADD-HAZARD,item_00445_dashcam_T2_test_B
bdd100k_60ee9fc7-ead50000_train_color,bdd100k,,,1280,720,dashcam_T2_train_has_traffic_light_visible,dashcam_train_T2,midday,clear,daylight,0,empty,0,1,,,1,green,0,0,0,5,,,,,dashcam,T2,train,A,X-T2-LIGHT-COLOR-DSH,"In this dashcam still, change the color of the traffic light at approximately the intersection ahead from green to red. Adjust the glow and reflection on nearby surfaces (wet pavement, the hood of the vehicle, surrounding signs) to match the new color. Keep all vehicles, road markings, signage, pedestrians, and background exactly as they appear. Make it look as photorealistic as possible. The image should appear exactly as it would have if the light had simply been showing red.",0,,0,,,,,,,,,,,,green,red,,,,,,,,,,,,,,,LIGHT-COLOR,item_00356_dashcam_T2_train_A
bdd100k_617790f9-bb7b3a90,bdd100k,,,1280,720,dashcam_T2_test_has_traffic_light_visible,dashcam_test_T2,night,clear,mixed,0,empty,0,1,,,1,green,0,1,1,2,,,,,dashcam,T2,test,A,X-T2-LIGHT-COLOR-DSH,"In this dashcam still, change the color of the traffic light at approximately the intersection ahead from green to red. Adjust the glow and reflection on nearby surfaces (wet pavement, the hood of the vehicle, surrounding signs) to match the new color. Keep all vehicles, road markings, signage, pedestrians, and background exactly as they appear. Make it look as photorealistic as possible. The image should appear exactly as it would have if the light had simply been showing red.",0,,0,,,,,,,,,,,,green,red,,,,,,,,,,,,,,,LIGHT-COLOR,item_00456_dashcam_T2_test_A
bdd100k_641d1337-af06cf4e,bdd100k,,,1280,720,dashcam_T1_test,dashcam_test_T1,midday,clear,daylight,0,sparse,1,1,,,0,none,0,0,1,4,,,,,dashcam,T1,test,C,X-T1-WEATHER-DSH,"Change the weather in this dashcam still from clear to heavy rain. Add wet pavement, falling rain, and spray consistent with heavy rain. Adjust lighting, sky, and ground appearance to match. Keep all people, vehicles, objects, structures, and signage exactly as they appear in the original image. Make it look as photorealistic as possible. Change as little as possible beyond what the weather change requires. Don't change any details of the original photo other than the weather.",0,,0,,heavy rain,,,,,,,,,,,,,,,,,,,,,,,,,WEATHER,,item_00433_dashcam_T1_test_C
bdd100k_64ea3319-1dfa83c2_train_color,bdd100k,,,1280,720,dashcam_T1_train,dashcam_train_T1,midday,clear,daylight,0,empty,0,1,,,0,none,0,0,1,0,,,,,dashcam,T1,train,B,X-T1-CROWD-DSH,"Change the number of people visible in this dashcam still from approximately empty to approximately moderate. Add additional people consistent with the setting. Keep the existing scene composition, lighting, and all non-person elements (vehicles, structures, objects, signage) exactly as they appear. Any people added or kept should match the lighting, scale, and style of the original. Make it look as photorealistic as possible. Don't change any details of the original photo other than the people count.",0,,0,,,,moderate,,,,,,,,,,,,,,,,,,,,,,,CROWD,,item_00267_dashcam_T1_train_B
bdd100k_656ec50f-9d1bb23b,bdd100k,,,1280,720,dashcam_T1_train,dashcam_train_T1,dusk,clear,mixed,0,moderate,1,1,,,1,green,0,1,0,7,,,,,dashcam,T1,train,A,X-T1-TIME-DSH,"Shift the time of day in this dashcam still from dusk to golden hour. Adjust lighting, shadow direction, sky color, and ambient brightness to match golden hour. Keep all people, vehicles, objects, structures, and signage exactly as they appear in the original image — same positions, same poses, same details. Make it look as photorealistic as possible. Change as little as possible beyond the lighting and time-of-day cues. Don't change any details of the original photo other than what's needed for the time shift.",0,,0,golden hour,,,,,,,,,,,,,,,,,,,,,,,,,,TIME,,item_00296_dashcam_T1_train_A
bdd100k_65e0a5b6-ba2054cf,bdd100k,,,1280,720,dashcam_T1_train,dashcam_train_T1,midday,overcast,daylight,0,sparse,1,1,,,0,none,0,0,0,8,,,,,dashcam,T1,train,C,X-T1-LIGHTING-DSH,"Change the lighting in this dashcam still from daylight to dim. Adjust color temperature, contrast, and brightness throughout the image. Do not change the time of day or weather. Keep all people, vehicles, objects, structures, and signage exactly as they appear. Make it look as photorealistic as possible. Change as little as possible beyond the lighting. Don't change any details of the original photo other than the lighting.",0,,0,,,dim,,,,,,,,,,,,,,,,,,,,,,,,LIGHTING,,item_00274_dashcam_T1_train_C
bdd100k_6a6a13e1-b2793fba,bdd100k,,,1280,720,dashcam_T2_test_has_clear_road_ahead,dashcam_test_T2,midday,clear,daylight,0,empty,0,1,,,0,none,0,0,1,7,,,,,dashcam,T2,test,A,X-T2-ADD-HAZARD-DSH,"Add a construction cone to the roadway in this dashcam still, positioned at approximately the middle of the road ahead. The hazard should appear at a scale and perspective consistent with the road surface and surrounding scene. Match the lighting, shadow direction, and weather of the original image. Keep all vehicles, road markings, signage, traffic lights, and pedestrians exactly as they appear. Make it look as photorealistic as possible. The hazard should look as if it had always been in that position.",0,,0,,,,,the middle of the road ahead,,,,,,,,,construction cone,,,,,,,,,,,,,,ADD-HAZARD,item_00444_dashcam_T2_test_A
bdd100k_6a85a6e0-c3e0d20a,bdd100k,,,1280,720,dashcam_T1_train,dashcam_train_T1,night,clear,mixed,0,empty,0,1,,,0,none,0,0,0,10,,,,,dashcam,T1,train,B,X-T1-WEATHER-DSH,"Change the weather in this dashcam still from clear to fog. Add ground-level fog and reduced visibility consistent with fog. Adjust lighting, sky, and ground appearance to match. Keep all people, vehicles, objects, structures, and signage exactly as they appear in the original image. Make it look as photorealistic as possible. Change as little as possible beyond what the weather change requires. Don't change any details of the original photo other than the weather.",0,,0,,fog,,,,,,,,,,,,,,,,,,,,,,,,,WEATHER,,item_00261_dashcam_T1_train_B
bdd100k_6bb64282-50c23a90,bdd100k,,,1280,720,dashcam_T2_train_has_stop_sign_visible,dashcam_train_T2,midday,clear,daylight,0,sparse,1,1,,,0,none,1,1,1,15,,,,,dashcam,T2,train,B,X-T2-REMOVE-SIGN-DSH,"Remove the stop sign located at approximately at the upcoming corner from this dashcam still. Fill the area with sky, pole, or background as appropriate. Keep all vehicles, road markings, traffic lights, pedestrians, and other signage exactly as they appear. Make it look as photorealistic as possible. The image should appear as if that sign had never been installed at that location.",0,,0,,,,,at the upcoming corner,,,,,,,,,,,,,,,,,,,,,,,REMOVE-SIGN-DSH,item_00367_dashcam_T2_train_B
bdd100k_6e5c6810-dd50899d,bdd100k,,,1280,720,dashcam_T1_train,dashcam_train_T1,night,clear,sodium_vapor,0,empty,0,1,,,0,none,0,0,0,10,,,,,dashcam,T1,train,B,X-T1-LIGHTING-DSH,"Change the lighting in this dashcam still from sodium vapor to mixed. Adjust color temperature, contrast, and brightness throughout the image. Do not change the time of day or weather. Keep all people, vehicles, objects, structures, and signage exactly as they appear. Make it look as photorealistic as possible. Change as little as possible beyond the lighting. Don't change any details of the original photo other than the lighting.",0,,0,,,mixed,,,,,,,,,,,,,,,,,,,,,,,,LIGHTING,,item_00282_dashcam_T1_train_B
bdd100k_6e9cf7a9-bba853ef,bdd100k,,,1280,720,dashcam_T1_train,dashcam_train_T1,night,clear,mixed,0,sparse,0,1,,,1,red,0,1,0,5,,,,,dashcam,T1,train,C,X-T1-CROWD-DSH,"Change the number of people visible in this dashcam still from approximately sparse to approximately busy. Add additional people consistent with the setting. Keep the existing scene composition, lighting, and all non-person elements (vehicles, structures, objects, signage) exactly as they appear. Any people added or kept should match the lighting, scale, and style of the original. Make it look as photorealistic as possible. Don't change any details of the original photo other than the people count.",0,,0,,,,busy,,,,,,,,,,,,,,,,,,,,,,,CROWD,,item_00247_dashcam_T1_train_C
bdd100k_6f957094-da85c997,bdd100k,,,1280,720,dashcam_T2_test_vehicle_count_in_scene,dashcam_test_T2,night,clear,sodium_vapor,0,empty,0,1,,,1,green,0,0,1,12,,,,,dashcam,T2,test,B,X-T2-REMOVE-VEHICLE-DSH,"Remove the vehicle on the right shoulder from this dashcam still. Fill the area with road surface, lane markings, sky, or background as appropriate, consistent with what would be visible if that vehicle were not there. Keep all other vehicles, road markings, signage, traffic lights, and pedestrians exactly as they appear. Make it look as photorealistic as possible.",0,,0,,,,,,,,,,,,,,,the vehicle on the right shoulder,,,,,,,,,,,,,REMOVE-VEHICLE,item_00472_dashcam_T2_test_B
bdd100k_7130b984-253d8ebe,bdd100k,,,1280,720,dashcam_T2_train_has_stop_sign_visible,dashcam_train_T2,night,clear,mixed,0,empty,0,1,,,0,none,1,1,0,7,,,,,dashcam,T2,train,B,X-T2-REMOVE-SIGN-DSH,"Remove the stop sign located at approximately the intersection ahead from this dashcam still. Fill the area with sky, pole, or background as appropriate. Keep all vehicles, road markings, traffic lights, pedestrians, and other signage exactly as they appear. Make it look as photorealistic as possible. The image should appear as if that sign had never been installed at that location.",0,,0,,,,,the intersection ahead,,,,,,,,,,,,,,,,,,,,,,,REMOVE-SIGN-DSH,item_00373_dashcam_T2_train_B
bdd100k_715e129e-5b1c2e10,bdd100k,,,1280,720,dashcam_T1_train,dashcam_train_T1,midday,clear,daylight,0,sparse,0,1,,,1,green,0,1,0,6,,,,,dashcam,T1,train,C,X-T1-WEATHER-DSH,"Change the weather in this dashcam still from clear to heavy rain. Add wet pavement, falling rain, and spray consistent with heavy rain. Adjust lighting, sky, and ground appearance to match. Keep all people, vehicles, objects, structures, and signage exactly as they appear in the original image. Make it look as photorealistic as possible. Change as little as possible beyond what the weather change requires. Don't change any details of the original photo other than the weather.",0,,0,,heavy rain,,,,,,,,,,,,,,,,,,,,,,,,,WEATHER,,item_00289_dashcam_T1_train_C
bdd100k_737621fd-bc91c7e6,bdd100k,,,1280,720,dashcam_T1_test,dashcam_test_T1,night,clear,mixed,0,empty,0,1,,,1,green,0,1,0,6,,,,,dashcam,T1,test,B,X-T1-TIME-DSH,"Shift the time of day in this dashcam still from night to dusk. Adjust lighting, shadow direction, sky color, and ambient brightness to match dusk. Keep all people, vehicles, objects, structures, and signage exactly as they appear in the original image — same positions, same poses, same details. Make it look as photorealistic as possible. Change as little as possible beyond the lighting and time-of-day cues. Don't change any details of the original photo other than what's needed for the time shift.",0,,0,dusk,,,,,,,,,,,,,,,,,,,,,,,,,,TIME,,item_00432_dashcam_T1_test_B
bdd100k_73cc10c9-791ad220,bdd100k,,,1280,720,dashcam_T2_train_has_traffic_light_visible,dashcam_train_T2,evening,overcast,daylight,0,moderate,1,1,,,1,green,0,1,0,5,,,,,dashcam,T2,train,B,X-T2-LIGHT-COLOR-DSH,"In this dashcam still, change the color of the traffic light at approximately the intersection ahead from green to red. Adjust the glow and reflection on nearby surfaces (wet pavement, the hood of the vehicle, surrounding signs) to match the new color. Keep all vehicles, road markings, signage, pedestrians, and background exactly as they appear. Make it look as photorealistic as possible. The image should appear exactly as it would have if the light had simply been showing red.",0,,0,,,,,,,,,,,,green,red,,,,,,,,,,,,,,,LIGHT-COLOR,item_00348_dashcam_T2_train_B
bdd100k_74e8f1f7-ea8c5d88,bdd100k,,,1280,720,dashcam_T2_train_has_traffic_light_visible,dashcam_train_T2,night,clear,mixed,0,sparse,0,1,,,1,red,0,1,0,3,,,,,dashcam,T2,train,B,X-T2-LIGHT-COLOR-DSH,"In this dashcam still, change the color of the traffic light at approximately the intersection ahead from red to green. Adjust the glow and reflection on nearby surfaces (wet pavement, the hood of the vehicle, surrounding signs) to match the new color. Keep all vehicles, road markings, signage, pedestrians, and background exactly as they appear. Make it look as photorealistic as possible. The image should appear exactly as it would have if the light had simply been showing green.",0,,0,,,,,,,,,,,,red,green,,,,,,,,,,,,,,,LIGHT-COLOR,item_00354_dashcam_T2_train_B
bdd100k_7538704e-3c384407,bdd100k,,,1280,720,dashcam_T2_train_vehicle_count_in_scene,dashcam_train_T2,night,clear,mixed,0,empty,0,1,,,0,none,0,1,0,3,,,,,dashcam,T2,train,B,X-T2-REMOVE-VEHICLE-DSH,"Remove the vehicle on the right shoulder from this dashcam still. Fill the area with road surface, lane markings, sky, or background as appropriate, consistent with what would be visible if that vehicle were not there. Keep all other vehicles, road markings, signage, traffic lights, and pedestrians exactly as they appear. Make it look as photorealistic as possible.",0,,0,,,,,,,,,,,,,,,the vehicle on the right shoulder,,,,,,,,,,,,,REMOVE-VEHICLE,item_00398_dashcam_T2_train_B
bdd100k_7609cb88-3349196f,bdd100k,,,1280,720,dashcam_T2_train_has_traffic_light_visible,dashcam_train_T2,night,clear,mixed,0,moderate,1,1,,,1,green,0,1,0,6,,,,,dashcam,T2,train,A,X-T2-LIGHT-COLOR-DSH,"In this dashcam still, change the color of the traffic light at approximately the intersection ahead from green to red. Adjust the glow and reflection on nearby surfaces (wet pavement, the hood of the vehicle, surrounding signs) to match the new color. Keep all vehicles, road markings, signage, pedestrians, and background exactly as they appear. Make it look as photorealistic as possible. The image should appear exactly as it would have if the light had simply been showing red.",0,,0,,,,,,,,,,,,green,red,,,,,,,,,,,,,,,LIGHT-COLOR,item_00350_dashcam_T2_train_A
bdd100k_76d361cd-14fb64b4,bdd100k,,,1280,720,dashcam_T2_train_vehicle_count_in_scene,dashcam_train_T2,midday,clear,daylight,0,empty,0,1,,,0,none,0,1,0,10,,,,,dashcam,T2,train,A,X-T2-REMOVE-VEHICLE-DSH,"Remove the vehicle in the next lane from this dashcam still. Fill the area with road surface, lane markings, sky, or background as appropriate, consistent with what would be visible if that vehicle were not there. Keep all other vehicles, road markings, signage, traffic lights, and pedestrians exactly as they appear. Make it look as photorealistic as possible.",0,,0,,,,,,,,,,,,,,,the vehicle in the next lane,,,,,,,,,,,,,REMOVE-VEHICLE,item_00388_dashcam_T2_train_A
bdd100k_77642d6c-43356ec7,bdd100k,,,1280,720,dashcam_T2_train_vehicle_count_in_scene,dashcam_train_T2,midday,overcast,daylight,0,moderate,1,1,,,1,green,0,1,0,7,,,,,dashcam,T2,train,A,X-T2-REMOVE-VEHICLE-DSH,"Remove the parked vehicle visible in the scene from this dashcam still. Fill the area with road surface, lane markings, sky, or background as appropriate, consistent with what would be visible if that vehicle were not there. Keep all other vehicles, road markings, signage, traffic lights, and pedestrians exactly as they appear. Make it look as photorealistic as possible.",0,,0,,,,,,,,,,,,,,,the parked vehicle visible in the scene,,,,,,,,,,,,,REMOVE-VEHICLE,item_00391_dashcam_T2_train_A
bdd100k_7a0ed920-596f2331,bdd100k,,,1280,720,dashcam_T2_train_vehicle_count_in_scene,dashcam_train_T2,midday,clear,daylight,0,empty,0,1,,,0,none,0,1,1,5,,,,,dashcam,T2,train,C,X-T2-REMOVE-VEHICLE-DSH,"Remove the vehicle in the next lane from this dashcam still. Fill the area with road surface, lane markings, sky, or background as appropriate, consistent with what would be visible if that vehicle were not there. Keep all other vehicles, road markings, signage, traffic lights, and pedestrians exactly as they appear. Make it look as photorealistic as possible.",0,,0,,,,,,,,,,,,,,,the vehicle in the next lane,,,,,,,,,,,,,REMOVE-VEHICLE,item_00396_dashcam_T2_train_C
bdd100k_7a53506f-9c59128b,bdd100k,,,1280,720,dashcam_T1_test,dashcam_test_T1,midday,clear,daylight,0,empty,0,1,,,0,none,0,0,0,5,,,,,dashcam,T1,test,C,X-T1-TIME-DSH,"Shift the time of day in this dashcam still from midday to night. Adjust lighting, shadow direction, sky color, and ambient brightness to match night. Keep all people, vehicles, objects, structures, and signage exactly as they appear in the original image — same positions, same poses, same details. Make it look as photorealistic as possible. Change as little as possible beyond the lighting and time-of-day cues. Don't change any details of the original photo other than what's needed for the time shift.",0,,0,night,,,,,,,,,,,,,,,,,,,,,,,,,,TIME,,item_00400_dashcam_T1_test_C
bdd100k_7b8a90c2-7a02dccb,bdd100k,,,1280,720,dashcam_T2_test_vehicle_count_in_scene,dashcam_test_T2,night,clear,mixed,0,empty,0,1,,,0,none,0,1,0,4,,,,,dashcam,T2,test,C,X-T2-REMOVE-VEHICLE-DSH,"Remove the vehicle directly ahead from this dashcam still. Fill the area with road surface, lane markings, sky, or background as appropriate, consistent with what would be visible if that vehicle were not there. Keep all other vehicles, road markings, signage, traffic lights, and pedestrians exactly as they appear. Make it look as photorealistic as possible.",0,,0,,,,,,,,,,,,,,,the vehicle directly ahead,,,,,,,,,,,,,REMOVE-VEHICLE,item_00479_dashcam_T2_test_C
bdd100k_7cc04f10-bb0f1b20,bdd100k,,,1280,720,dashcam_T2_train_has_clear_road_ahead,dashcam_train_T2,midday,clear,daylight,0,sparse,1,1,,,1,green,0,1,1,5,,,,,dashcam,T2,train,Photoshop,X-T2-ADD-HAZARD-DSH,"Add a fallen branch to the roadway in this dashcam still, positioned at approximately the center of the lane ahead. The hazard should appear at a scale and perspective consistent with the road surface and surrounding scene. Match the lighting, shadow direction, and weather of the original image. Keep all vehicles, road markings, signage, traffic lights, and pedestrians exactly as they appear. Make it look as photorealistic as possible. The hazard should look as if it had always been in that position.",0,,1,,,,,the center of the lane ahead,,,,,,,,,fallen branch,,,,,,,,,,,,,,ADD-HAZARD,item_00320_dashcam_T2_hero_Photoshop
bdd100k_7e70084d-47177fb4,bdd100k,,,1280,720,dashcam_T2_train_has_traffic_light_visible,dashcam_train_T2,midday,overcast,daylight,0,moderate,1,1,,,1,yellow,0,1,0,4,,,,,dashcam,T2,train,A,X-T2-LIGHT-COLOR-DSH,"In this dashcam still, change the color of the traffic light at approximately the intersection ahead from yellow to green. Adjust the glow and reflection on nearby surfaces (wet pavement, the hood of the vehicle, surrounding signs) to match the new color. Keep all vehicles, road markings, signage, pedestrians, and background exactly as they appear. Make it look as photorealistic as possible. The image should appear exactly as it would have if the light had simply been showing green.",0,,0,,,,,,,,,,,,yellow,green,,,,,,,,,,,,,,,LIGHT-COLOR,item_00347_dashcam_T2_train_A
bdd100k_7f3aaedc-2e9794e9_train_color,bdd100k,,,1280,720,dashcam_T1_train,dashcam_train_T1,midday,clear,daylight,0,empty,0,1,,,0,none,0,1,1,6,,,,,dashcam,T1,train,B,X-T1-WEATHER-DSH,"Change the weather in this dashcam still from clear to heavy rain. Add wet pavement, falling rain, and spray consistent with heavy rain. Adjust lighting, sky, and ground appearance to match. Keep all people, vehicles, objects, structures, and signage exactly as they appear in the original image. Make it look as photorealistic as possible. Change as little as possible beyond what the weather change requires. Don't change any details of the original photo other than the weather.",0,,0,,heavy rain,,,,,,,,,,,,,,,,,,,,,,,,,WEATHER,,item_00273_dashcam_T1_train_B
bdd100k_81071563-61ccec30,bdd100k,,,1280,720,dashcam_T1_test,dashcam_test_T1,night,clear,mixed,0,empty,0,1,,,1,green,0,1,0,6,,,,,dashcam,T1,test,B,X-T1-LIGHTING-DSH,"Change the lighting in this dashcam still from mixed to dim. Adjust color temperature, contrast, and brightness throughout the image. Do not change the time of day or weather. Keep all people, vehicles, objects, structures, and signage exactly as they appear. Make it look as photorealistic as possible. Change as little as possible beyond the lighting. Don't change any details of the original photo other than the lighting.",0,,0,,,dim,,,,,,,,,,,,,,,,,,,,,,,,LIGHTING,,item_00438_dashcam_T1_test_B
bdd100k_812f2a18-53ef9f70,bdd100k,,,1280,720,dashcam_T1_train,dashcam_train_T1,midday,clear,daylight,0,empty,0,1,,,0,none,0,1,1,6,,,,,dashcam,T1,train,C,X-T1-CROWD-DSH,"Change the number of people visible in this dashcam still from approximately empty to approximately busy. Add additional people consistent with the setting. Keep the existing scene composition, lighting, and all non-person elements (vehicles, structures, objects, signage) exactly as they appear. Any people added or kept should match the lighting, scale, and style of the original. Make it look as photorealistic as possible. Don't change any details of the original photo other than the people count.",0,,0,,,,busy,,,,,,,,,,,,,,,,,,,,,,,CROWD,,item_00259_dashcam_T1_train_C
bdd100k_813234a8-f892f472,bdd100k,,,1280,720,dashcam_T1_train,dashcam_train_T1,midday,clear,daylight,0,empty,0,1,,,1,green,0,1,0,9,,,,,dashcam,T1,train,B,X-T1-TIME-DSH,"Shift the time of day in this dashcam still from midday to golden hour. Adjust lighting, shadow direction, sky color, and ambient brightness to match golden hour. Keep all people, vehicles, objects, structures, and signage exactly as they appear in the original image — same positions, same poses, same details. Make it look as photorealistic as possible. Change as little as possible beyond the lighting and time-of-day cues. Don't change any details of the original photo other than what's needed for the time shift.",0,,0,golden hour,,,,,,,,,,,,,,,,,,,,,,,,,,TIME,,item_00312_dashcam_T1_train_B
bdd100k_86967d41-b6e63260,bdd100k,,,1280,720,dashcam_T1_train,dashcam_train_T1,dusk,clear,mixed,0,empty,0,1,,,1,red,0,1,0,4,,,,,dashcam,T1,train,C,X-T1-TIME-DSH,"Shift the time of day in this dashcam still from dusk to morning. Adjust lighting, shadow direction, sky color, and ambient brightness to match morning. Keep all people, vehicles, objects, structures, and signage exactly as they appear in the original image — same positions, same poses, same details. Make it look as photorealistic as possible. Change as little as possible beyond the lighting and time-of-day cues. Don't change any details of the original photo other than what's needed for the time shift.",0,,0,morning,,,,,,,,,,,,,,,,,,,,,,,,,,TIME,,item_00280_dashcam_T1_train_C
bdd100k_86d317b5-ce58348d,bdd100k,,,1280,720,dashcam_T1_train,dashcam_train_T1,midday,clear,daylight,0,sparse,1,1,,,1,green,0,1,0,3,,,,,dashcam,T1,train,A,X-T1-LIGHTING-DSH,"Change the lighting in this dashcam still from daylight to dim. Adjust color temperature, contrast, and brightness throughout the image. Do not change the time of day or weather. Keep all people, vehicles, objects, structures, and signage exactly as they appear. Make it look as photorealistic as possible. Change as little as possible beyond the lighting. Don't change any details of the original photo other than the lighting.",0,,0,,,dim,,,,,,,,,,,,,,,,,,,,,,,,LIGHTING,,item_00290_dashcam_T1_train_A
bdd100k_8744aad5-78400263,bdd100k,,,1280,720,dashcam_T2_test_has_clear_road_ahead,dashcam_test_T2,night,clear,mixed,0,empty,0,1,,,1,green,0,0,1,10,,,,,dashcam,T2,test,C,X-T2-ADD-HAZARD-DSH,"Add a pothole to the roadway in this dashcam still, positioned at approximately the right side of the road ahead. The hazard should appear at a scale and perspective consistent with the road surface and surrounding scene. Match the lighting, shadow direction, and weather of the original image. Keep all vehicles, road markings, signage, traffic lights, and pedestrians exactly as they appear. Make it look as photorealistic as possible. The hazard should look as if it had always been in that position.",0,,0,,,,,the right side of the road ahead,,,,,,,,,pothole,,,,,,,,,,,,,,ADD-HAZARD,item_00446_dashcam_T2_test_C
bdd100k_8a10c2ad-77f906b0,bdd100k,,,1280,720,dashcam_T1_train,dashcam_train_T1,golden_hour,clear,daylight,0,sparse,0,1,,,1,red,0,1,0,10,,,,,dashcam,T1,train,A,X-T1-CROWD-DSH,"Change the number of people visible in this dashcam still from approximately sparse to approximately empty. Remove people from less-prominent areas of the scene first consistent with the setting. Keep the existing scene composition, lighting, and all non-person elements (vehicles, structures, objects, signage) exactly as they appear. Any people added or kept should match the lighting, scale, and style of the original. Make it look as photorealistic as possible. Don't change any details of the original photo other than the people count.",0,,0,,,,empty,,,,,,,,,,,,,,,,,,,,,,,CROWD,,item_00263_dashcam_T1_train_A
bdd100k_8beab6f7-33926e65,bdd100k,,,1280,720,dashcam_T2_test_has_traffic_light_visible,dashcam_test_T2,dusk,clear,daylight,0,sparse,0,1,,,1,green,0,1,1,5,,,,,dashcam,T2,test,A,X-T2-LIGHT-COLOR-DSH,"In this dashcam still, change the color of the traffic light at approximately the intersection ahead from green to red. Adjust the glow and reflection on nearby surfaces (wet pavement, the hood of the vehicle, surrounding signs) to match the new color. Keep all vehicles, road markings, signage, pedestrians, and background exactly as they appear. Make it look as photorealistic as possible. The image should appear exactly as it would have if the light had simply been showing red.",0,,0,,,,,,,,,,,,green,red,,,,,,,,,,,,,,,LIGHT-COLOR,item_00453_dashcam_T2_test_A
bdd100k_8d381fdb-c8f5eb03,bdd100k,,,1280,720,dashcam_T1_train,dashcam_train_T1,midday,clear,daylight,0,empty,0,1,,,0,none,0,1,1,8,,,,,dashcam,T1,train,C,X-T1-LIGHTING-DSH,"Change the lighting in this dashcam still from daylight to sodium vapor. Adjust color temperature, contrast, and brightness throughout the image. Do not change the time of day or weather. Keep all people, vehicles, objects, structures, and signage exactly as they appear. Make it look as photorealistic as possible. Change as little as possible beyond the lighting. Don't change any details of the original photo other than the lighting.",0,,0,,,sodium vapor,,,,,,,,,,,,,,,,,,,,,,,,LIGHTING,,item_00286_dashcam_T1_train_C
bdd100k_8d56d993-2a4a24c1,bdd100k,,,1280,720,dashcam_T1_train,dashcam_train_T1,indeterminate,light_rain,daylight,0,sparse,0,1,,,1,green,0,1,0,15,,,,,dashcam,T1,train,C,X-T1-WEATHER-DSH,"Change the weather in this dashcam still from light rain to heavy snow. Add heavy snowfall and accumulated snow on surfaces consistent with heavy snow. Adjust lighting, sky, and ground appearance to match. Keep all people, vehicles, objects, structures, and signage exactly as they appear in the original image. Make it look as photorealistic as possible. Change as little as possible beyond what the weather change requires. Don't change any details of the original photo other than the weather.",0,,0,,heavy snow,,,,,,,,,,,,,,,,,,,,,,,,,WEATHER,,item_00301_dashcam_T1_train_C
bdd100k_9347585c-30db0854,bdd100k,,,1280,720,dashcam_T1_train,dashcam_train_T1,night,clear,sodium_vapor,0,sparse,1,1,,,1,green,0,1,0,6,,,,,dashcam,T1,train,C,X-T1-LIGHTING-DSH,"Change the lighting in this dashcam still from sodium vapor to mixed. Adjust color temperature, contrast, and brightness throughout the image. Do not change the time of day or weather. Keep all people, vehicles, objects, structures, and signage exactly as they appear. Make it look as photorealistic as possible. Change as little as possible beyond the lighting. Don't change any details of the original photo other than the lighting.",0,,0,,,mixed,,,,,,,,,,,,,,,,,,,,,,,,LIGHTING,,item_00310_dashcam_T1_train_C
bdd100k_9608e62f-b627cdf4_train_id,bdd100k,,,1280,720,dashcam_T1_train,dashcam_train_T1,night,indeterminate,dim,0,empty,0,1,,,0,none,0,0,0,3,,,,,dashcam,T1,train,A,X-T1-WEATHER-DSH,"Change the weather in this dashcam still from the current weather to heavy rain. Add wet pavement, falling rain, and spray consistent with heavy rain. Adjust lighting, sky, and ground appearance to match. Keep all people, vehicles, objects, structures, and signage exactly as they appear in the original image. Make it look as photorealistic as possible. Change as little as possible beyond what the weather change requires. Don't change any details of the original photo other than the weather.",0,,0,,heavy rain,,,,,,,,,,,,,,,,,,,,,,,,,WEATHER,,item_00257_dashcam_T1_train_A
bdd100k_96e14336-42e1bb0a,bdd100k,,,1280,720,dashcam_T2_test_has_stop_sign_visible,dashcam_test_T2,midday,overcast,daylight,0,sparse,1,1,,,1,green,1,1,0,6,,,,,dashcam,T2,test,B,X-T2-REMOVE-SIGN-DSH,"Remove the stop sign located at approximately near the front of the vehicle from this dashcam still. Fill the area with sky, pole, or background as appropriate. Keep all vehicles, road markings, traffic lights, pedestrians, and other signage exactly as they appear. Make it look as photorealistic as possible. The image should appear as if that sign had never been installed at that location.",0,,0,,,,,near the front of the vehicle,,,,,,,,,,,,,,,,,,,,,,,REMOVE-SIGN-DSH,item_00466_dashcam_T2_test_B
bdd100k_971fcfa2-b0ec8868,bdd100k,,,1280,720,dashcam_T1_train,dashcam_train_T1,evening,overcast,daylight,0,empty,0,1,,,0,none,0,1,1,3,,,,,dashcam,T1,train,B,X-T1-LIGHTING-DSH,"Change the lighting in this dashcam still from daylight to dim. Adjust color temperature, contrast, and brightness throughout the image. Do not change the time of day or weather. Keep all people, vehicles, objects, structures, and signage exactly as they appear. Make it look as photorealistic as possible. Change as little as possible beyond the lighting. Don't change any details of the original photo other than the lighting.",0,,0,,,dim,,,,,,,,,,,,,,,,,,,,,,,,LIGHTING,,item_00318_dashcam_T1_train_B
bdd100k_97877501-d6e1c211,bdd100k,,,1280,720,dashcam_T1_train,dashcam_train_T1,night,clear,dim,0,empty,0,1,,,0,none,0,1,1,2,,,,,dashcam,T1,train,A,X-T1-WEATHER-DSH,"Change the weather in this dashcam still from clear to heavy rain. Add wet pavement, falling rain, and spray consistent with heavy rain. Adjust lighting, sky, and ground appearance to match. Keep all people, vehicles, objects, structures, and signage exactly as they appear in the original image. Make it look as photorealistic as possible. Change as little as possible beyond what the weather change requires. Don't change any details of the original photo other than the weather.",0,,0,,heavy rain,,,,,,,,,,,,,,,,,,,,,,,,,WEATHER,,item_00305_dashcam_T1_train_A
bdd100k_97fdd307-1725c18e,bdd100k,,,1280,720,dashcam_T2_test_has_traffic_light_visible,dashcam_test_T2,dusk,overcast,mixed,0,sparse,1,1,,,1,green,0,1,0,6,,,,,dashcam,T2,test,A,X-T2-LIGHT-COLOR-DSH,"In this dashcam still, change the color of the traffic light at approximately the intersection ahead from green to red. Adjust the glow and reflection on nearby surfaces (wet pavement, the hood of the vehicle, surrounding signs) to match the new color. Keep all vehicles, road markings, signage, pedestrians, and background exactly as they appear. Make it look as photorealistic as possible. The image should appear exactly as it would have if the light had simply been showing red.",0,,0,,,,,,,,,,,,green,red,,,,,,,,,,,,,,,LIGHT-COLOR,item_00459_dashcam_T2_test_A
bdd100k_9948a6d2-6673382f,bdd100k,,,1280,720,dashcam_T1_test,dashcam_test_T1,night,clear,mixed,0,sparse,1,1,,,0,none,0,0,0,6,,,,,dashcam,T1,test,A,X-T1-CROWD-DSH,"Change the number of people visible in this dashcam still from approximately sparse to approximately busy. Add additional people consistent with the setting. Keep the existing scene composition, lighting, and all non-person elements (vehicles, structures, objects, signage) exactly as they appear. Any people added or kept should match the lighting, scale, and style of the original. Make it look as photorealistic as possible. Don't change any details of the original photo other than the people count.",0,,0,,,,busy,,,,,,,,,,,,,,,,,,,,,,,CROWD,,item_00431_dashcam_T1_test_A
bdd100k_9a2afc0a-a2b6fcfb,bdd100k,,,1280,720,dashcam_T1_test,dashcam_test_T1,midday,clear,daylight,0,empty,0,1,,,0,none,0,1,1,7,,,,,dashcam,T1,test,B,X-T1-CROWD-DSH,"Change the number of people visible in this dashcam still from approximately empty to approximately sparse. Add additional people consistent with the setting. Keep the existing scene composition, lighting, and all non-person elements (vehicles, structures, objects, signage) exactly as they appear. Any people added or kept should match the lighting, scale, and style of the original. Make it look as photorealistic as possible. Don't change any details of the original photo other than the people count.",0,,0,,,,sparse,,,,,,,,,,,,,,,,,,,,,,,CROWD,,item_00411_dashcam_T1_test_B
bdd100k_9ad65c93-c8ee1218,bdd100k,,,1280,720,dashcam_T2_train_has_stop_sign_visible,dashcam_train_T2,midday,clear,daylight,0,empty,0,1,,,0,none,1,1,0,10,,,,,dashcam,T2,train,A,X-T2-REMOVE-SIGN-DSH,"Remove the stop sign located at approximately the intersection ahead from this dashcam still. Fill the area with sky, pole, or background as appropriate. Keep all vehicles, road markings, traffic lights, pedestrians, and other signage exactly as they appear. Make it look as photorealistic as possible. The image should appear as if that sign had never been installed at that location.",0,,0,,,,,the intersection ahead,,,,,,,,,,,,,,,,,,,,,,,REMOVE-SIGN-DSH,item_00369_dashcam_T2_train_A
bdd100k_9d28c095-789179ef,bdd100k,,,1280,720,dashcam_T1_train,dashcam_train_T1,midday,clear,daylight,0,empty,0,1,,,0,none,0,1,1,4,,,,,dashcam,T1,train,B,X-T1-CROWD-DSH,"Change the number of people visible in this dashcam still from approximately empty to approximately moderate. Add additional people consistent with the setting. Keep the existing scene composition, lighting, and all non-person elements (vehicles, structures, objects, signage) exactly as they appear. Any people added or kept should match the lighting, scale, and style of the original. Make it look as photorealistic as possible. Don't change any details of the original photo other than the people count.",0,,0,,,,moderate,,,,,,,,,,,,,,,,,,,,,,,CROWD,,item_00243_dashcam_T1_train_B
bdd100k_a29add31-49f1532a,bdd100k,,,1280,720,dashcam_T1_test,dashcam_test_T1,night,clear,mixed,0,empty,0,1,,,1,green,0,1,0,7,,,,,dashcam,T1,test,A,X-T1-CROWD-DSH,"Change the number of people visible in this dashcam still from approximately empty to approximately busy. Add additional people consistent with the setting. Keep the existing scene composition, lighting, and all non-person elements (vehicles, structures, objects, signage) exactly as they appear. Any people added or kept should match the lighting, scale, and style of the original. Make it look as photorealistic as possible. Don't change any details of the original photo other than the people count.",0,,0,,,,busy,,,,,,,,,,,,,,,,,,,,,,,CROWD,,item_00407_dashcam_T1_test_A
bdd100k_a32543af-20a81156,bdd100k,,,1280,720,dashcam_T1_test,dashcam_test_T1,night,clear,mixed,0,empty,0,1,,,1,red,0,1,0,3,,,,,dashcam,T1,test,C,X-T1-LIGHTING-DSH,"Change the lighting in this dashcam still from mixed to sodium vapor. Adjust color temperature, contrast, and brightness throughout the image. Do not change the time of day or weather. Keep all people, vehicles, objects, structures, and signage exactly as they appear. Make it look as photorealistic as possible. Change as little as possible beyond the lighting. Don't change any details of the original photo other than the lighting.",0,,0,,,sodium vapor,,,,,,,,,,,,,,,,,,,,,,,,LIGHTING,,item_00418_dashcam_T1_test_C
bdd100k_a32543af-b7d67e99,bdd100k,,,1280,720,dashcam_T2_train_has_traffic_light_visible,dashcam_train_T2,night,clear,mixed,0,sparse,0,1,,,1,red,0,1,0,5,,,,,dashcam,T2,train,C,X-T2-LIGHT-COLOR-DSH,"In this dashcam still, change the color of the traffic light at approximately the intersection ahead from red to green. Adjust the glow and reflection on nearby surfaces (wet pavement, the hood of the vehicle, surrounding signs) to match the new color. Keep all vehicles, road markings, signage, pedestrians, and background exactly as they appear. Make it look as photorealistic as possible. The image should appear exactly as it would have if the light had simply been showing green.",0,,0,,,,,,,,,,,,red,green,,,,,,,,,,,,,,,LIGHT-COLOR,item_00352_dashcam_T2_train_C
bdd100k_a48b43f0-2d3bda80,bdd100k,,,1280,720,dashcam_T2_test_has_stop_sign_visible,dashcam_test_T2,night,clear,mixed,0,empty,0,1,,,0,none,1,1,1,5,,,,,dashcam,T2,test,C,X-T2-REMOVE-SIGN-DSH,"Remove the stop sign located at approximately the right side of the road ahead from this dashcam still. Fill the area with sky, pole, or background as appropriate. Keep all vehicles, road markings, traffic lights, pedestrians, and other signage exactly as they appear. Make it look as photorealistic as possible. The image should appear as if that sign had never been installed at that location.",0,,0,,,,,the right side of the road ahead,,,,,,,,,,,,,,,,,,,,,,,REMOVE-SIGN-DSH,item_00464_dashcam_T2_test_C
bdd100k_a54e5f6d-00000000_train_id,bdd100k,,,1280,720,dashcam_T1_test,dashcam_test_T1,indeterminate,indeterminate,indeterminate,0,empty,0,1,,,0,none,0,0,0,0,,,,,dashcam,T1,test,A,X-T1-TIME-DSH,"Shift the time of day in this dashcam still from the current time of day to golden hour. Adjust lighting, shadow direction, sky color, and ambient brightness to match golden hour. Keep all people, vehicles, objects, structures, and signage exactly as they appear in the original image — same positions, same poses, same details. Make it look as photorealistic as possible. Change as little as possible beyond the lighting and time-of-day cues. Don't change any details of the original photo other than what's needed for the time shift.",0,,0,golden hour,,,,,,,,,,,,,,,,,,,,,,,,,,TIME,,item_00428_dashcam_T1_test_A
bdd100k_a88221be-ac4e37ca,bdd100k,,,1280,720,dashcam_T2_train_has_traffic_light_visible,dashcam_train_T2,night,clear,dim,0,sparse,1,1,,,1,red,0,1,0,6,,,,,dashcam,T2,train,C,X-T2-LIGHT-COLOR-DSH,"In this dashcam still, change the color of the traffic light at approximately the intersection ahead from red to green. Adjust the glow and reflection on nearby surfaces (wet pavement, the hood of the vehicle, surrounding signs) to match the new color. Keep all vehicles, road markings, signage, pedestrians, and background exactly as they appear. Make it look as photorealistic as possible. The image should appear exactly as it would have if the light had simply been showing green.",0,,0,,,,,,,,,,,,red,green,,,,,,,,,,,,,,,LIGHT-COLOR,item_00346_dashcam_T2_train_C
bdd100k_a91b7555-00001090_train_color,bdd100k,,,1280,720,dashcam_T1_train,dashcam_train_T1,midday,clear,daylight,0,sparse,1,1,,,0,none,0,1,0,5,,,,,dashcam,T1,train,B,X-T1-LIGHTING-DSH,"Change the lighting in this dashcam still from daylight to bright. Adjust color temperature, contrast, and brightness throughout the image. Do not change the time of day or weather. Keep all people, vehicles, objects, structures, and signage exactly as they appear. Make it look as photorealistic as possible. Change as little as possible beyond the lighting. Don't change any details of the original photo other than the lighting.",0,,0,,,bright,,,,,,,,,,,,,,,,,,,,,,,,LIGHTING,,item_00294_dashcam_T1_train_B
bdd100k_a93e74d8-512a4803,bdd100k,,,1280,720,dashcam_T1_train,dashcam_train_T1,night,clear,mixed,0,sparse,1,1,,,1,green,0,0,0,4,,,,,dashcam,T1,train,A,X-T1-LIGHTING-DSH,"Change the lighting in this dashcam still from mixed to sodium vapor. Adjust color temperature, contrast, and brightness throughout the image. Do not change the time of day or weather. Keep all people, vehicles, objects, structures, and signage exactly as they appear. Make it look as photorealistic as possible. Change as little as possible beyond the lighting. Don't change any details of the original photo other than the lighting.",0,,0,,,sodium vapor,,,,,,,,,,,,,,,,,,,,,,,,LIGHTING,,item_00314_dashcam_T1_train_A
bdd100k_aafe19f7-729ed2c0,bdd100k,,,1280,720,dashcam_T1_test,dashcam_test_T1,night,clear,sodium_vapor,0,empty,0,1,,,1,red,0,1,1,1,,,,,dashcam,T1,test,C,X-T1-WEATHER-DSH,"Change the weather in this dashcam still from clear to light snow. Add falling snow and light snow accumulation consistent with light snow. Adjust lighting, sky, and ground appearance to match. Keep all people, vehicles, objects, structures, and signage exactly as they appear in the original image. Make it look as photorealistic as possible. Change as little as possible beyond what the weather change requires. Don't change any details of the original photo other than the weather.",0,,0,,light snow,,,,,,,,,,,,,,,,,,,,,,,,,WEATHER,,item_00409_dashcam_T1_test_C
bdd100k_ab54b6e9-91a74408_train_id,bdd100k,,,1280,720,dashcam_T1_test,dashcam_test_T1,night,indeterminate,dim,0,empty,0,1,,,0,none,0,0,1,0,,,,,dashcam,T1,test,B,X-T1-CROWD-DSH,"Change the number of people visible in this dashcam still from approximately empty to approximately sparse. Add additional people consistent with the setting. Keep the existing scene composition, lighting, and all non-person elements (vehicles, structures, objects, signage) exactly as they appear. Any people added or kept should match the lighting, scale, and style of the original. Make it look as photorealistic as possible. Don't change any details of the original photo other than the people count.",0,,0,,,,sparse,,,,,,,,,,,,,,,,,,,,,,,CROWD,,item_00435_dashcam_T1_test_B
bdd100k_adb77b75-b2a4897d,bdd100k,,,1280,720,dashcam_T1_train,dashcam_train_T1,midday,clear,daylight,0,sparse,0,1,,,1,green,0,1,0,10,,,,,dashcam,T1,train,C,X-T1-CROWD-DSH,"Change the number of people visible in this dashcam still from approximately sparse to approximately busy. Add additional people consistent with the setting. Keep the existing scene composition, lighting, and all non-person elements (vehicles, structures, objects, signage) exactly as they appear. Any people added or kept should match the lighting, scale, and style of the original. Make it look as photorealistic as possible. Don't change any details of the original photo other than the people count.",0,,0,,,,busy,,,,,,,,,,,,,,,,,,,,,,,CROWD,,item_00283_dashcam_T1_train_C
bdd100k_ae49bf6d-00000000,bdd100k,,,1280,720,dashcam_T1_train,dashcam_train_T1,midday,clear,daylight,0,sparse,1,1,,,1,red,0,1,0,7,,,,,dashcam,T1,train,A,X-T1-TIME-DSH,"Shift the time of day in this dashcam still from midday to morning. Adjust lighting, shadow direction, sky color, and ambient brightness to match morning. Keep all people, vehicles, objects, structures, and signage exactly as they appear in the original image — same positions, same poses, same details. Make it look as photorealistic as possible. Change as little as possible beyond the lighting and time-of-day cues. Don't change any details of the original photo other than what's needed for the time shift.",0,,0,morning,,,,,,,,,,,,,,,,,,,,,,,,,,TIME,,item_00248_dashcam_T1_train_A
bdd100k_afd1e775-6e58b4bb,bdd100k,,,1280,720,dashcam_T2_train_has_traffic_light_visible,dashcam_train_T2,morning,fog,daylight,0,sparse,1,1,,,1,green,0,1,0,10,,,,,dashcam,T2,train,A,X-T2-LIGHT-COLOR-DSH,"In this dashcam still, change the color of the traffic light at approximately the intersection ahead from green to red. Adjust the glow and reflection on nearby surfaces (wet pavement, the hood of the vehicle, surrounding signs) to match the new color. Keep all vehicles, road markings, signage, pedestrians, and background exactly as they appear. Make it look as photorealistic as possible. The image should appear exactly as it would have if the light had simply been showing red.",0,,0,,,,,,,,,,,,green,red,,,,,,,,,,,,,,,LIGHT-COLOR,item_00359_dashcam_T2_train_A
bdd100k_b1514a2d-7c200466,bdd100k,,,1280,720,dashcam_T2_train_has_traffic_light_visible,dashcam_train_T2,night,clear,dim,0,empty,0,1,,,1,red,0,0,0,1,,,,,dashcam,T2,train,A,X-T2-LIGHT-COLOR-DSH,"In this dashcam still, change the color of the traffic light at approximately the intersection ahead from red to green. Adjust the glow and reflection on nearby surfaces (wet pavement, the hood of the vehicle, surrounding signs) to match the new color. Keep all vehicles, road markings, signage, pedestrians, and background exactly as they appear. Make it look as photorealistic as possible. The image should appear exactly as it would have if the light had simply been showing green.",0,,0,,,,,,,,,,,,red,green,,,,,,,,,,,,,,,LIGHT-COLOR,item_00341_dashcam_T2_train_A
bdd100k_b19b87e3-f576fec3_train_color,bdd100k,,,1280,720,dashcam_T2_train_has_traffic_light_visible,dashcam_train_T2,indeterminate,indeterminate,indeterminate,0,empty,0,1,,,1,red,0,0,0,3,,,,,dashcam,T2,train,B,X-T2-LIGHT-COLOR-DSH,"In this dashcam still, change the color of the traffic light at approximately the intersection ahead from red to green. Adjust the glow and reflection on nearby surfaces (wet pavement, the hood of the vehicle, surrounding signs) to match the new color. Keep all vehicles, road markings, signage, pedestrians, and background exactly as they appear. Make it look as photorealistic as possible. The image should appear exactly as it would have if the light had simply been showing green.",0,,0,,,,,,,,,,,,red,green,,,,,,,,,,,,,,,LIGHT-COLOR,item_00345_dashcam_T2_train_B
bdd100k_b27688b6-cd521517,bdd100k,,,1280,720,dashcam_T1_test,dashcam_test_T1,midday,clear,daylight,0,empty,0,1,,,1,red,0,0,0,5,,,,,dashcam,T1,test,C,X-T1-LIGHTING-DSH,"Change the lighting in this dashcam still from daylight to dim. Adjust color temperature, contrast, and brightness throughout the image. Do not change the time of day or weather. Keep all people, vehicles, objects, structures, and signage exactly as they appear. Make it look as photorealistic as possible. Change as little as possible beyond the lighting. Don't change any details of the original photo other than the lighting.",0,,0,,,dim,,,,,,,,,,,,,,,,,,,,,,,,LIGHTING,,item_00406_dashcam_T1_test_C
bdd100k_b2e96aa8-4d92cdf0,bdd100k,,,1280,720,dashcam_T2_test_has_clear_road_ahead,dashcam_test_T2,midday,clear,daylight,0,sparse,0,1,,,1,green,0,1,1,7,,,,,dashcam,T2,test,A,X-T2-ADD-HAZARD-DSH,"Add a piece of debris to the roadway in this dashcam still, positioned at approximately the left side of the lane ahead. The hazard should appear at a scale and perspective consistent with the road surface and surrounding scene. Match the lighting, shadow direction, and weather of the original image. Keep all vehicles, road markings, signage, traffic lights, and pedestrians exactly as they appear. Make it look as photorealistic as possible. The hazard should look as if it had always been in that position.",0,,0,,,,,the left side of the lane ahead,,,,,,,,,piece of debris,,,,,,,,,,,,,,ADD-HAZARD,item_00447_dashcam_T2_test_A
bdd100k_b33ced12-5caa9205,bdd100k,,,1280,720,dashcam_T1_train,dashcam_train_T1,midday,clear,daylight,0,empty,0,1,,,0,none,0,1,1,4,,,,,dashcam,T1,train,A,X-T1-CROWD-DSH,"Change the number of people visible in this dashcam still from approximately empty to approximately sparse. Add additional people consistent with the setting. Keep the existing scene composition, lighting, and all non-person elements (vehicles, structures, objects, signage) exactly as they appear. Any people added or kept should match the lighting, scale, and style of the original. Make it look as photorealistic as possible. Don't change any details of the original photo other than the people count.",0,,0,,,,sparse,,,,,,,,,,,,,,,,,,,,,,,CROWD,,item_00251_dashcam_T1_train_A
bdd100k_b3d6c39a-a396c692,bdd100k,,,1280,720,dashcam_T1_train,dashcam_train_T1,midday,overcast,daylight,0,sparse,1,1,,,1,green,0,1,1,10,,,,,dashcam,T1,train,C,X-T1-TIME-DSH,"Shift the time of day in this dashcam still from midday to night. Adjust lighting, shadow direction, sky color, and ambient brightness to match night. Keep all people, vehicles, objects, structures, and signage exactly as they appear in the original image — same positions, same poses, same details. Make it look as photorealistic as possible. Change as little as possible beyond the lighting and time-of-day cues. Don't change any details of the original photo other than what's needed for the time shift.",0,,0,night,,,,,,,,,,,,,,,,,,,,,,,,,,TIME,,item_00256_dashcam_T1_train_C
bdd100k_b7064abc-4ed592fe,bdd100k,,,1280,720,dashcam_T2_test_has_clear_road_ahead,dashcam_test_T2,midday,clear,daylight,0,empty,0,1,,,0,none,0,1,1,5,,,,,dashcam,T2,test,C,X-T2-ADD-HAZARD-DSH,"Add a small animal to the roadway in this dashcam still, positioned at approximately the edge of the road. The hazard should appear at a scale and perspective consistent with the road surface and surrounding scene. Match the lighting, shadow direction, and weather of the original image. Keep all vehicles, road markings, signage, traffic lights, and pedestrians exactly as they appear. Make it look as photorealistic as possible. The hazard should look as if it had always been in that position.",0,,0,,,,,the edge of the road,,,,,,,,,small animal,,,,,,,,,,,,,,ADD-HAZARD,item_00443_dashcam_T2_test_C
bdd100k_b92d48c3-f7812f84,bdd100k,,,1280,720,dashcam_T2_test_has_traffic_light_visible,dashcam_test_T2,night,clear,mixed,0,empty,0,1,,,1,red,0,1,0,6,,,,,dashcam,T2,test,B,X-T2-LIGHT-COLOR-DSH,"In this dashcam still, change the color of the traffic light at approximately the intersection ahead from red to green. Adjust the glow and reflection on nearby surfaces (wet pavement, the hood of the vehicle, surrounding signs) to match the new color. Keep all vehicles, road markings, signage, pedestrians, and background exactly as they appear. Make it look as photorealistic as possible. The image should appear exactly as it would have if the light had simply been showing green.",0,,0,,,,,,,,,,,,red,green,,,,,,,,,,,,,,,LIGHT-COLOR,item_00451_dashcam_T2_test_B
bdd100k_b9d24e81-a9679e2a,bdd100k,,,1280,720,dashcam_T2_train_vehicle_count_in_scene,dashcam_train_T2,midday,clear,daylight,0,empty,0,1,,,1,green,0,1,1,7,,,,,dashcam,T2,train,B,X-T2-REMOVE-VEHICLE-DSH,"Remove the vehicle on the right shoulder from this dashcam still. Fill the area with road surface, lane markings, sky, or background as appropriate, consistent with what would be visible if that vehicle were not there. Keep all other vehicles, road markings, signage, traffic lights, and pedestrians exactly as they appear. Make it look as photorealistic as possible.",0,,0,,,,,,,,,,,,,,,the vehicle on the right shoulder,,,,,,,,,,,,,REMOVE-VEHICLE,item_00386_dashcam_T2_train_B
bdd100k_bc39bd15-d825bd1d,bdd100k,,,1280,720,dashcam_T1_train,dashcam_train_T1,midday,clear,daylight,0,empty,0,1,,,0,none,0,1,0,8,,,,,dashcam,T1,train,C,X-T1-WEATHER-DSH,"Change the weather in this dashcam still from clear to light snow. Add falling snow and light snow accumulation consistent with light snow. Adjust lighting, sky, and ground appearance to match. Keep all people, vehicles, objects, structures, and signage exactly as they appear in the original image. Make it look as photorealistic as possible. Change as little as possible beyond what the weather change requires. Don't change any details of the original photo other than the weather.",0,,0,,light snow,,,,,,,,,,,,,,,,,,,,,,,,,WEATHER,,item_00265_dashcam_T1_train_C
bdd100k_c0e05e70-6431cfed,bdd100k,,,1280,720,dashcam_T1_test,dashcam_test_T1,midday,clear,daylight,0,empty,0,1,,,1,none,0,1,1,6,,,,,dashcam,T1,test,A,X-T1-TIME-DSH,"Shift the time of day in this dashcam still from midday to dusk. Adjust lighting, shadow direction, sky color, and ambient brightness to match dusk. Keep all people, vehicles, objects, structures, and signage exactly as they appear in the original image — same positions, same poses, same details. Make it look as photorealistic as possible. Change as little as possible beyond the lighting and time-of-day cues. Don't change any details of the original photo other than what's needed for the time shift.",0,,0,dusk,,,,,,,,,,,,,,,,,,,,,,,,,,TIME,,item_00404_dashcam_T1_test_A
bdd100k_c155b6d9-cfa6c733_train_id,bdd100k,,,1280,720,dashcam_T1_train,dashcam_train_T1,night,indeterminate,dim,0,empty,0,1,,,0,none,0,0,0,0,,,,,dashcam,T1,train,B,X-T1-TIME-DSH,"Shift the time of day in this dashcam still from night to morning. Adjust lighting, shadow direction, sky color, and ambient brightness to match morning. Keep all people, vehicles, objects, structures, and signage exactly as they appear in the original image — same positions, same poses, same details. Make it look as photorealistic as possible. Change as little as possible beyond the lighting and time-of-day cues. Don't change any details of the original photo other than what's needed for the time shift.",0,,0,morning,,,,,,,,,,,,,,,,,,,,,,,,,,TIME,,item_00264_dashcam_T1_train_B
bdd100k_c159a842-cdc7a8cd,bdd100k,,,1280,720,dashcam_T1_test,dashcam_test_T1,night,light_snow,mixed,0,empty,0,1,,,1,green,0,1,0,6,,,,,dashcam,T1,test,C,X-T1-CROWD-DSH,"Change the number of people visible in this dashcam still from approximately empty to approximately moderate. Add additional people consistent with the setting. Keep the existing scene composition, lighting, and all non-person elements (vehicles, structures, objects, signage) exactly as they appear. Any people added or kept should match the lighting, scale, and style of the original. Make it look as photorealistic as possible. Don't change any details of the original photo other than the people count.",0,,0,,,,moderate,,,,,,,,,,,,,,,,,,,,,,,CROWD,,item_00427_dashcam_T1_test_C
bdd100k_c2e4e91e-cf165083,bdd100k,,,1280,720,dashcam_T2_train_vehicle_count_in_scene,dashcam_train_T2,morning,clear,daylight,0,empty,0,1,,,0,none,0,0,1,8,,,,,dashcam,T2,train,B,X-T2-REMOVE-VEHICLE-DSH,"Remove the vehicle in the next lane from this dashcam still. Fill the area with road surface, lane markings, sky, or background as appropriate, consistent with what would be visible if that vehicle were not there. Keep all other vehicles, road markings, signage, traffic lights, and pedestrians exactly as they appear. Make it look as photorealistic as possible.",0,,0,,,,,,,,,,,,,,,the vehicle in the next lane,,,,,,,,,,,,,REMOVE-VEHICLE,item_00380_dashcam_T2_train_B
bdd100k_c3cc12e9-d96fb013,bdd100k,,,1280,720,dashcam_T2_train_vehicle_count_in_scene,dashcam_train_T2,midday,overcast,daylight,0,empty,0,1,,,1,green,0,1,1,4,,,,,dashcam,T2,train,A,X-T2-REMOVE-VEHICLE-DSH,"Remove the vehicle directly ahead from this dashcam still. Fill the area with road surface, lane markings, sky, or background as appropriate, consistent with what would be visible if that vehicle were not there. Keep all other vehicles, road markings, signage, traffic lights, and pedestrians exactly as they appear. Make it look as photorealistic as possible.",0,,0,,,,,,,,,,,,,,,the vehicle directly ahead,,,,,,,,,,,,,REMOVE-VEHICLE,item_00397_dashcam_T2_train_A
bdd100k_c4fb8930-2ff82458,bdd100k,,,1280,720,dashcam_T2_train_has_stop_sign_visible,dashcam_train_T2,midday,clear,daylight,0,sparse,1,1,,,0,none,1,1,1,4,,,,,dashcam,T2,train,A,X-T2-REMOVE-SIGN-DSH,"Remove the stop sign located at approximately near the front of the vehicle from this dashcam still. Fill the area with sky, pole, or background as appropriate. Keep all vehicles, road markings, traffic lights, pedestrians, and other signage exactly as they appear. Make it look as photorealistic as possible. The image should appear as if that sign had never been installed at that location.",0,,0,,,,,near the front of the vehicle,,,,,,,,,,,,,,,,,,,,,,,REMOVE-SIGN-DSH,item_00366_dashcam_T2_train_A
bdd100k_c5b166fd-cbe303b7,bdd100k,,,1280,720,dashcam_T2_train_has_clear_road_ahead,dashcam_train_T2,midday,clear,daylight,0,sparse,1,1,,,0,none,0,1,1,8,,,,,dashcam,T2,train,ChatGPT,X-T2-ADD-HAZARD-DSH,"Add a piece of debris to the roadway in this dashcam still, positioned at approximately the left side of the lane ahead. The hazard should appear at a scale and perspective consistent with the road surface and surrounding scene. Match the lighting, shadow direction, and weather of the original image. Keep all vehicles, road markings, signage, traffic lights, and pedestrians exactly as they appear. Make it look as photorealistic as possible. The hazard should look as if it had always been in that position.",0,,1,,,,,the left side of the lane ahead,,,,,,,,,piece of debris,,,,,,,,,,,,,,ADD-HAZARD,item_00322_dashcam_T2_hero_ChatGPT
bdd100k_c65b8cb4-e2aa6d2f,bdd100k,,,1280,720,dashcam_T1_test,dashcam_test_T1,midday,clear,daylight,0,empty,0,1,,,1,yellow,0,1,0,10,,,,,dashcam,T1,test,C,X-T1-TIME-DSH,"Shift the time of day in this dashcam still from midday to morning. Adjust lighting, shadow direction, sky color, and ambient brightness to match morning. Keep all people, vehicles, objects, structures, and signage exactly as they appear in the original image — same positions, same poses, same details. Make it look as photorealistic as possible. Change as little as possible beyond the lighting and time-of-day cues. Don't change any details of the original photo other than what's needed for the time shift.",0,,0,morning,,,,,,,,,,,,,,,,,,,,,,,,,,TIME,,item_00436_dashcam_T1_test_C
bdd100k_c6bd6f3b-d6ad11b5,bdd100k,,,1280,720,dashcam_T2_test_vehicle_count_in_scene,dashcam_test_T2,golden_hour,clear,daylight,0,sparse,1,1,,,0,none,0,1,1,5,,,,,dashcam,T2,test,C,X-T2-REMOVE-VEHICLE-DSH,"Remove the parked vehicle visible in the scene from this dashcam still. Fill the area with road surface, lane markings, sky, or background as appropriate, consistent with what would be visible if that vehicle were not there. Keep all other vehicles, road markings, signage, traffic lights, and pedestrians exactly as they appear. Make it look as photorealistic as possible.",0,,0,,,,,,,,,,,,,,,the parked vehicle visible in the scene,,,,,,,,,,,,,REMOVE-VEHICLE,item_00473_dashcam_T2_test_C
bdd100k_c96519fa-d85ac570,bdd100k,,,1280,720,dashcam_T2_test_has_stop_sign_visible,dashcam_test_T2,night,clear,mixed,0,empty,0,1,,,0,none,1,1,0,8,,,,,dashcam,T2,test,C,X-T2-REMOVE-SIGN-DSH,"Remove the stop sign located at approximately the intersection ahead from this dashcam still. Fill the area with sky, pole, or background as appropriate. Keep all vehicles, road markings, traffic lights, pedestrians, and other signage exactly as they appear. Make it look as photorealistic as possible. The image should appear as if that sign had never been installed at that location.",0,,0,,,,,the intersection ahead,,,,,,,,,,,,,,,,,,,,,,,REMOVE-SIGN-DSH,item_00461_dashcam_T2_test_C
bdd100k_c9d6dbc7-edc72471,bdd100k,,,1280,720,dashcam_T2_train_has_stop_sign_visible,dashcam_train_T2,dusk,clear,daylight,0,empty,0,1,,,1,none,1,1,0,10,,,,,dashcam,T2,train,A,X-T2-REMOVE-SIGN-DSH,"Remove the stop sign located at approximately near the front of the vehicle from this dashcam still. Fill the area with sky, pole, or background as appropriate. Keep all vehicles, road markings, traffic lights, pedestrians, and other signage exactly as they appear. Make it look as photorealistic as possible. The image should appear as if that sign had never been installed at that location.",0,,0,,,,,near the front of the vehicle,,,,,,,,,,,,,,,,,,,,,,,REMOVE-SIGN-DSH,item_00378_dashcam_T2_train_A
bdd100k_ca3045ee-a27490fa,bdd100k,,,1280,720,dashcam_T2_train_vehicle_count_in_scene,dashcam_train_T2,night,clear,mixed,0,empty,0,1,,,1,green,0,0,1,2,,,,,dashcam,T2,train,A,X-T2-REMOVE-VEHICLE-DSH,"Remove the vehicle directly ahead from this dashcam still. Fill the area with road surface, lane markings, sky, or background as appropriate, consistent with what would be visible if that vehicle were not there. Keep all other vehicles, road markings, signage, traffic lights, and pedestrians exactly as they appear. Make it look as photorealistic as possible.",0,,0,,,,,,,,,,,,,,,the vehicle directly ahead,,,,,,,,,,,,,REMOVE-VEHICLE,item_00385_dashcam_T2_train_A
bdd100k_cad02f4a-dd2c4b41,bdd100k,,,1280,720,dashcam_T1_train,dashcam_train_T1,midday,clear,daylight,0,empty,0,1,,,0,none,0,1,0,12,,,,,dashcam,T1,train,C,X-T1-CROWD-DSH,"Change the number of people visible in this dashcam still from approximately empty to approximately busy. Add additional people consistent with the setting. Keep the existing scene composition, lighting, and all non-person elements (vehicles, structures, objects, signage) exactly as they appear. Any people added or kept should match the lighting, scale, and style of the original. Make it look as photorealistic as possible. Don't change any details of the original photo other than the people count.",0,,0,,,,busy,,,,,,,,,,,,,,,,,,,,,,,CROWD,,item_00319_dashcam_T1_train_C
bdd100k_cba301b8-469303a6,bdd100k,,,1280,720,dashcam_T2_test_has_clear_road_ahead,dashcam_test_T2,midday,clear,daylight,0,empty,0,1,,,1,green,0,1,1,3,,,,,dashcam,T2,test,A,X-T2-ADD-HAZARD-DSH,"Add a pothole to the roadway in this dashcam still, positioned at approximately the right side of the road ahead. The hazard should appear at a scale and perspective consistent with the road surface and surrounding scene. Match the lighting, shadow direction, and weather of the original image. Keep all vehicles, road markings, signage, traffic lights, and pedestrians exactly as they appear. Make it look as photorealistic as possible. The hazard should look as if it had always been in that position.",0,,0,,,,,the right side of the road ahead,,,,,,,,,pothole,,,,,,,,,,,,,,ADD-HAZARD,item_00441_dashcam_T2_test_A
bdd100k_cc154f56-27f7d6f2,bdd100k,,,1280,720,dashcam_T2_test_vehicle_count_in_scene,dashcam_test_T2,night,clear,mixed,0,empty,0,1,,,0,none,0,1,0,4,,,,,dashcam,T2,test,B,X-T2-REMOVE-VEHICLE-DSH,"Remove the vehicle in the next lane from this dashcam still. Fill the area with road surface, lane markings, sky, or background as appropriate, consistent with what would be visible if that vehicle were not there. Keep all other vehicles, road markings, signage, traffic lights, and pedestrians exactly as they appear. Make it look as photorealistic as possible.",0,,0,,,,,,,,,,,,,,,the vehicle in the next lane,,,,,,,,,,,,,REMOVE-VEHICLE,item_00478_dashcam_T2_test_B
bdd100k_cc2e048a-f0318ec1,bdd100k,,,1280,720,dashcam_T2_train_has_clear_road_ahead,dashcam_train_T2,night,clear,sodium_vapor,0,empty,0,1,,,0,none,0,1,1,2,,,,,dashcam,T2,train,Chatgpt,X-T2-ADD-HAZARD-DSH,"Add a small animal to the roadway in this dashcam still, positioned at approximately the edge of the road. The hazard should appear at a scale and perspective consistent with the road surface and surrounding scene. Match the lighting, shadow direction, and weather of the original image. Keep all vehicles, road markings, signage, traffic lights, and pedestrians exactly as they appear. Make it look as photorealistic as possible. The hazard should look as if it had always been in that position.",0,,1,,,,,the edge of the road,,,,,,,,,small animal,,,,,,,,,,,,,,ADD-HAZARD,item_00338_dashcam_T2_hero_ChatGPT
bdd100k_cea9ebb6-c6cbf955,bdd100k,,,1280,720,dashcam_T1_train,dashcam_train_T1,night,clear,sodium_vapor,0,empty,0,1,,,1,green,0,0,0,12,,,,,dashcam,T1,train,C,X-T1-CROWD-DSH,"Change the number of people visible in this dashcam still from approximately empty to approximately busy. Add additional people consistent with the setting. Keep the existing scene composition, lighting, and all non-person elements (vehicles, structures, objects, signage) exactly as they appear. Any people added or kept should match the lighting, scale, and style of the original. Make it look as photorealistic as possible. Don't change any details of the original photo other than the people count.",0,,0,,,,busy,,,,,,,,,,,,,,,,,,,,,,,CROWD,,item_00295_dashcam_T1_train_C
bdd100k_d0d83563-dfa83b9d,bdd100k,,,1280,720,dashcam_T2_train_has_traffic_light_visible,dashcam_train_T2,night,clear,mixed,0,empty,0,1,,,1,green,0,1,0,2,,,,,dashcam,T2,train,C,X-T2-LIGHT-COLOR-DSH,"In this dashcam still, change the color of the traffic light at approximately the intersection ahead from green to red. Adjust the glow and reflection on nearby surfaces (wet pavement, the hood of the vehicle, surrounding signs) to match the new color. Keep all vehicles, road markings, signage, pedestrians, and background exactly as they appear. Make it look as photorealistic as possible. The image should appear exactly as it would have if the light had simply been showing red.",0,,0,,,,,,,,,,,,green,red,,,,,,,,,,,,,,,LIGHT-COLOR,item_00358_dashcam_T2_train_C
bdd100k_d15d1cdc-be09fc41,bdd100k,,,1280,720,dashcam_T2_train_has_stop_sign_visible,dashcam_train_T2,midday,overcast,daylight,0,sparse,1,1,,,0,none,1,1,0,7,,,,,dashcam,T2,train,B,X-T2-REMOVE-SIGN-DSH,"Remove the stop sign located at approximately the right side of the road ahead from this dashcam still. Fill the area with sky, pole, or background as appropriate. Keep all vehicles, road markings, traffic lights, pedestrians, and other signage exactly as they appear. Make it look as photorealistic as possible. The image should appear as if that sign had never been installed at that location.",0,,0,,,,,the right side of the road ahead,,,,,,,,,,,,,,,,,,,,,,,REMOVE-SIGN-DSH,item_00364_dashcam_T2_train_B
bdd100k_d16a27ae-94242b18,bdd100k,,,1280,720,dashcam_T1_test,dashcam_test_T1,dusk,clear,mixed,0,empty,0,1,,,0,none,0,1,0,7,,,,,dashcam,T1,test,B,X-T1-LIGHTING-DSH,"Change the lighting in this dashcam still from mixed to bright. Adjust color temperature, contrast, and brightness throughout the image. Do not change the time of day or weather. Keep all people, vehicles, objects, structures, and signage exactly as they appear. Make it look as photorealistic as possible. Change as little as possible beyond the lighting. Don't change any details of the original photo other than the lighting.",0,,0,,,bright,,,,,,,,,,,,,,,,,,,,,,,,LIGHTING,,item_00426_dashcam_T1_test_B
bdd100k_d2075530-34808e8a,bdd100k,,,1280,720,dashcam_T1_train,dashcam_train_T1,night,clear,sodium_vapor,0,empty,0,1,,,1,green,0,1,0,2,,,,,dashcam,T1,train,A,X-T1-LIGHTING-DSH,"Change the lighting in this dashcam still from sodium vapor to dim. Adjust color temperature, contrast, and brightness throughout the image. Do not change the time of day or weather. Keep all people, vehicles, objects, structures, and signage exactly as they appear. Make it look as photorealistic as possible. Change as little as possible beyond the lighting. Don't change any details of the original photo other than the lighting.",0,,0,,,dim,,,,,,,,,,,,,,,,,,,,,,,,LIGHTING,,item_00242_dashcam_T1_train_A
bdd100k_d308674c-82e7465d,bdd100k,,,1280,720,dashcam_T2_train_has_stop_sign_visible,dashcam_train_T2,midday,clear,daylight,0,sparse,1,1,,,0,none,1,1,0,3,,,,,dashcam,T2,train,C,X-T2-REMOVE-SIGN-DSH,"Remove the stop sign located at approximately the intersection ahead from this dashcam still. Fill the area with sky, pole, or background as appropriate. Keep all vehicles, road markings, traffic lights, pedestrians, and other signage exactly as they appear. Make it look as photorealistic as possible. The image should appear as if that sign had never been installed at that location.",0,,0,,,,,the intersection ahead,,,,,,,,,,,,,,,,,,,,,,,REMOVE-SIGN-DSH,item_00377_dashcam_T2_train_C
bdd100k_d36fbb2e-70fc2177,bdd100k,,,1280,720,dashcam_T1_train,dashcam_train_T1,night,clear,mixed,0,empty,0,1,,,1,green,0,1,1,6,,,,,dashcam,T1,train,B,X-T1-CROWD-DSH,"Change the number of people visible in this dashcam still from approximately empty to approximately moderate. Add additional people consistent with the setting. Keep the existing scene composition, lighting, and all non-person elements (vehicles, structures, objects, signage) exactly as they appear. Any people added or kept should match the lighting, scale, and style of the original. Make it look as photorealistic as possible. Don't change any details of the original photo other than the people count.",0,,0,,,,moderate,,,,,,,,,,,,,,,,,,,,,,,CROWD,,item_00255_dashcam_T1_train_B
bdd100k_d564d78b-00000000,bdd100k,,,1280,720,dashcam_T1_train,dashcam_train_T1,midday,clear,daylight,0,empty,0,1,,,0,none,0,1,0,7,,,,,dashcam,T1,train,A,X-T1-LIGHTING-DSH,"Change the lighting in this dashcam still from daylight to bright. Adjust color temperature, contrast, and brightness throughout the image. Do not change the time of day or weather. Keep all people, vehicles, objects, structures, and signage exactly as they appear. Make it look as photorealistic as possible. Change as little as possible beyond the lighting. Don't change any details of the original photo other than the lighting.",0,,0,,,bright,,,,,,,,,,,,,,,,,,,,,,,,LIGHTING,,item_00278_dashcam_T1_train_A
bdd100k_d6023cbf-a126426e,bdd100k,,,1280,720,dashcam_T1_test,dashcam_test_T1,midday,clear,daylight,0,empty,0,1,,,0,none,0,1,0,6,,,,,dashcam,T1,test,A,X-T1-WEATHER-DSH,"Change the weather in this dashcam still from clear to light snow. Add falling snow and light snow accumulation consistent with light snow. Adjust lighting, sky, and ground appearance to match. Keep all people, vehicles, objects, structures, and signage exactly as they appear in the original image. Make it look as photorealistic as possible. Change as little as possible beyond what the weather change requires. Don't change any details of the original photo other than the weather.",0,,0,,light snow,,,,,,,,,,,,,,,,,,,,,,,,,WEATHER,,item_00425_dashcam_T1_test_A
bdd100k_d6ca2b26-d0e81cd3,bdd100k,,,1280,720,dashcam_T2_train_has_traffic_light_visible,dashcam_train_T2,midday,overcast,daylight,0,empty,0,1,,,1,green,0,1,1,12,,,,,dashcam,T2,train,C,X-T2-LIGHT-COLOR-DSH,"In this dashcam still, change the color of the traffic light at approximately the intersection ahead from green to red. Adjust the glow and reflection on nearby surfaces (wet pavement, the hood of the vehicle, surrounding signs) to match the new color. Keep all vehicles, road markings, signage, pedestrians, and background exactly as they appear. Make it look as photorealistic as possible. The image should appear exactly as it would have if the light had simply been showing red.",0,,0,,,,,,,,,,,,green,red,,,,,,,,,,,,,,,LIGHT-COLOR,item_00340_dashcam_T2_train_C
bdd100k_da8f1246-e26bccd6,bdd100k,,,1280,720,dashcam_T1_train,dashcam_train_T1,night,indeterminate,mixed,0,empty,0,1,,,1,red,0,0,0,5,,,,,dashcam,T1,train,C,X-T1-TIME-DSH,"Shift the time of day in this dashcam still from night to golden hour. Adjust lighting, shadow direction, sky color, and ambient brightness to match golden hour. Keep all people, vehicles, objects, structures, and signage exactly as they appear in the original image — same positions, same poses, same details. Make it look as photorealistic as possible. Change as little as possible beyond the lighting and time-of-day cues. Don't change any details of the original photo other than what's needed for the time shift.",0,,0,golden hour,,,,,,,,,,,,,,,,,,,,,,,,,,TIME,,item_00268_dashcam_T1_train_C
bdd100k_db5c6243-df428819,bdd100k,,,1280,720,dashcam_T1_test,dashcam_test_T1,midday,clear,daylight,0,empty,0,1,,,0,none,0,1,0,8,,,,,dashcam,T1,test,A,X-T1-WEATHER-DSH,"Change the weather in this dashcam still from clear to heavy rain. Add wet pavement, falling rain, and spray consistent with heavy rain. Adjust lighting, sky, and ground appearance to match. Keep all people, vehicles, objects, structures, and signage exactly as they appear in the original image. Make it look as photorealistic as possible. Change as little as possible beyond what the weather change requires. Don't change any details of the original photo other than the weather.",0,,0,,heavy rain,,,,,,,,,,,,,,,,,,,,,,,,,WEATHER,,item_00401_dashcam_T1_test_A
bdd100k_dd1a028b-4e9e8c6c,bdd100k,,,1280,720,dashcam_T2_train_has_stop_sign_visible,dashcam_train_T2,night,clear,mixed,0,empty,0,1,,,1,green,1,1,0,8,,,,,dashcam,T2,train,C,X-T2-REMOVE-SIGN-DSH,"Remove the stop sign located at approximately at the upcoming corner from this dashcam still. Fill the area with sky, pole, or background as appropriate. Keep all vehicles, road markings, traffic lights, pedestrians, and other signage exactly as they appear. Make it look as photorealistic as possible. The image should appear as if that sign had never been installed at that location.",0,,0,,,,,at the upcoming corner,,,,,,,,,,,,,,,,,,,,,,,REMOVE-SIGN-DSH,item_00371_dashcam_T2_train_C
bdd100k_de81edeb-2c44f845,bdd100k,,,1280,720,dashcam_T1_train,dashcam_train_T1,midday,overcast,daylight,0,busy,1,1,,,1,green,0,1,0,8,,,,,dashcam,T1,train,A,X-T1-CROWD-DSH,"Change the number of people visible in this dashcam still from approximately busy to approximately sparse. Remove people from less-prominent areas of the scene first consistent with the setting. Keep the existing scene composition, lighting, and all non-person elements (vehicles, structures, objects, signage) exactly as they appear. Any people added or kept should match the lighting, scale, and style of the original. Make it look as photorealistic as possible. Don't change any details of the original photo other than the people count.",0,,0,,,,sparse,,,,,,,,,,,,,,,,,,,,,,,CROWD,,item_00275_dashcam_T1_train_A
bdd100k_ded53e49-3f2802d9,bdd100k,,,1280,720,dashcam_T2_train_vehicle_count_in_scene,dashcam_train_T2,midday,clear,daylight,0,empty,0,1,,,0,none,0,0,0,4,,,,,dashcam,T2,train,C,X-T2-REMOVE-VEHICLE-DSH,"Remove the parked vehicle visible in the scene from this dashcam still. Fill the area with road surface, lane markings, sky, or background as appropriate, consistent with what would be visible if that vehicle were not there. Keep all other vehicles, road markings, signage, traffic lights, and pedestrians exactly as they appear. Make it look as photorealistic as possible.",0,,0,,,,,,,,,,,,,,,the parked vehicle visible in the scene,,,,,,,,,,,,,REMOVE-VEHICLE,item_00399_dashcam_T2_train_C
bdd100k_dede6b87-65b69ba4,bdd100k,,,1280,720,dashcam_T1_train,dashcam_train_T1,midday,clear,daylight,0,empty,0,1,,,0,none,0,1,0,7,,,,,dashcam,T1,train,C,X-T1-WEATHER-DSH,"Change the weather in this dashcam still from clear to fog. Add ground-level fog and reduced visibility consistent with fog. Adjust lighting, sky, and ground appearance to match. Keep all people, vehicles, objects, structures, and signage exactly as they appear in the original image. Make it look as photorealistic as possible. Change as little as possible beyond what the weather change requires. Don't change any details of the original photo other than the weather.",0,,0,,fog,,,,,,,,,,,,,,,,,,,,,,,,,WEATHER,,item_00277_dashcam_T1_train_C
bdd100k_df73ed2c-c54886fd,bdd100k,,,1280,720,dashcam_T1_test,dashcam_test_T1,midday,clear,daylight,0,empty,0,1,,,0,none,0,1,0,4,,,,,dashcam,T1,test,A,X-T1-WEATHER-DSH,"Change the weather in this dashcam still from clear to fog. Add ground-level fog and reduced visibility consistent with fog. Adjust lighting, sky, and ground appearance to match. Keep all people, vehicles, objects, structures, and signage exactly as they appear in the original image. Make it look as photorealistic as possible. Change as little as possible beyond what the weather change requires. Don't change any details of the original photo other than the weather.",0,,0,,fog,,,,,,,,,,,,,,,,,,,,,,,,,WEATHER,,item_00437_dashcam_T1_test_A
bdd100k_df899b90-22d0eca8,bdd100k,,,1280,720,dashcam_T1_test,dashcam_test_T1,midday,clear,daylight,0,empty,0,1,,,0,none,0,1,1,12,,,,,dashcam,T1,test,C,X-T1-CROWD-DSH,"Change the number of people visible in this dashcam still from approximately empty to approximately moderate. Add additional people consistent with the setting. Keep the existing scene composition, lighting, and all non-person elements (vehicles, structures, objects, signage) exactly as they appear. Any people added or kept should match the lighting, scale, and style of the original. Make it look as photorealistic as possible. Don't change any details of the original photo other than the people count.",0,,0,,,,moderate,,,,,,,,,,,,,,,,,,,,,,,CROWD,,item_00439_dashcam_T1_test_C
bdd100k_e01a2b3d-c114c723,bdd100k,,,1280,720,dashcam_T1_train,dashcam_train_T1,midday,overcast,daylight,0,sparse,1,1,,,0,none,0,1,0,7,,,,,dashcam,T1,train,A,X-T1-WEATHER-DSH,"Change the weather in this dashcam still from overcast to heavy snow. Add heavy snowfall and accumulated snow on surfaces consistent with heavy snow. Adjust lighting, sky, and ground appearance to match. Keep all people, vehicles, objects, structures, and signage exactly as they appear in the original image. Make it look as photorealistic as possible. Change as little as possible beyond what the weather change requires. Don't change any details of the original photo other than the weather.",0,,0,,heavy snow,,,,,,,,,,,,,,,,,,,,,,,,,WEATHER,,item_00269_dashcam_T1_train_A
bdd100k_e19df6a4-7379be3c,bdd100k,,,1280,720,dashcam_T2_train_has_traffic_light_visible,dashcam_train_T2,golden_hour,clear,daylight,0,sparse,0,1,,,1,red,0,1,0,7,,,,,dashcam,T2,train,B,X-T2-LIGHT-COLOR-DSH,"In this dashcam still, change the color of the traffic light at approximately the intersection ahead from red to green. Adjust the glow and reflection on nearby surfaces (wet pavement, the hood of the vehicle, surrounding signs) to match the new color. Keep all vehicles, road markings, signage, pedestrians, and background exactly as they appear. Make it look as photorealistic as possible. The image should appear exactly as it would have if the light had simply been showing green.",0,,0,,,,,,,,,,,,red,green,,,,,,,,,,,,,,,LIGHT-COLOR,item_00351_dashcam_T2_train_B
bdd100k_e2a06563-c8e9abef,bdd100k,,,1280,720,dashcam_T2_test_has_stop_sign_visible,dashcam_test_T2,night,clear,mixed,0,sparse,1,1,,,1,red,1,1,0,3,,,,,dashcam,T2,test,C,X-T2-REMOVE-SIGN-DSH,"Remove the stop sign located at approximately at the upcoming corner from this dashcam still. Fill the area with sky, pole, or background as appropriate. Keep all vehicles, road markings, traffic lights, pedestrians, and other signage exactly as they appear. Make it look as photorealistic as possible. The image should appear as if that sign had never been installed at that location.",0,,0,,,,,at the upcoming corner,,,,,,,,,,,,,,,,,,,,,,,REMOVE-SIGN-DSH,item_00467_dashcam_T2_test_C
bdd100k_e35d3d78-29009221,bdd100k,,,1280,720,dashcam_T2_train_has_clear_road_ahead,dashcam_train_T2,midday,clear,daylight,0,sparse,0,1,,,0,none,0,0,1,10,,,,,dashcam,T2,train,Chatgpt,X-T2-ADD-HAZARD-DSH,"Add a construction cone to the roadway in this dashcam still, positioned at approximately the middle of the road ahead. The hazard should appear at a scale and perspective consistent with the road surface and surrounding scene. Match the lighting, shadow direction, and weather of the original image. Keep all vehicles, road markings, signage, traffic lights, and pedestrians exactly as they appear. Make it look as photorealistic as possible. The hazard should look as if it had always been in that position.",0,,1,,,,,the middle of the road ahead,,,,,,,,,construction cone,,,,,,,,,,,,,,ADD-HAZARD,item_00339_dashcam_T2_hero_ChatGPT
bdd100k_e37813ce-b17c5f9f,bdd100k,,,1280,720,dashcam_T1_train,dashcam_train_T1,night,clear,sodium_vapor,0,empty,0,1,,,1,red,0,1,0,8,,,,,dashcam,T1,train,B,X-T1-TIME-DSH,"Shift the time of day in this dashcam still from night to golden hour. Adjust lighting, shadow direction, sky color, and ambient brightness to match golden hour. Keep all people, vehicles, objects, structures, and signage exactly as they appear in the original image — same positions, same poses, same details. Make it look as photorealistic as possible. Change as little as possible beyond the lighting and time-of-day cues. Don't change any details of the original photo other than what's needed for the time shift.",0,,0,golden hour,,,,,,,,,,,,,,,,,,,,,,,,,,TIME,,item_00252_dashcam_T1_train_B
bdd100k_e4d043c5-04b467b3,bdd100k,,,1280,720,dashcam_T2_test_has_stop_sign_visible,dashcam_test_T2,midday,clear,daylight,0,empty,0,1,,,0,none,1,1,0,8,,,,,dashcam,T2,test,A,X-T2-REMOVE-SIGN-DSH,"Remove the stop sign located at approximately the right side of the road ahead from this dashcam still. Fill the area with sky, pole, or background as appropriate. Keep all vehicles, road markings, traffic lights, pedestrians, and other signage exactly as they appear. Make it look as photorealistic as possible. The image should appear as if that sign had never been installed at that location.",0,,0,,,,,the right side of the road ahead,,,,,,,,,,,,,,,,,,,,,,,REMOVE-SIGN-DSH,item_00468_dashcam_T2_test_A
bdd100k_e6066341-00000000,bdd100k,,,1280,720,dashcam_T1_train,dashcam_train_T1,midday,clear,daylight,0,sparse,1,1,,,0,none,0,1,0,4,,,,,dashcam,T1,train,B,X-T1-TIME-DSH,"Shift the time of day in this dashcam still from midday to night. Adjust lighting, shadow direction, sky color, and ambient brightness to match night. Keep all people, vehicles, objects, structures, and signage exactly as they appear in the original image — same positions, same poses, same details. Make it look as photorealistic as possible. Change as little as possible beyond the lighting and time-of-day cues. Don't change any details of the original photo other than what's needed for the time shift.",0,,0,night,,,,,,,,,,,,,,,,,,,,,,,,,,TIME,,item_00240_dashcam_T1_train_B
bdd100k_e6843b3b-6b827c57,bdd100k,,,1280,720,dashcam_T1_train,dashcam_train_T1,night,clear,mixed,0,empty,0,1,,,1,green,0,1,0,5,,,,,dashcam,T1,train,B,X-T1-LIGHTING-DSH,"Change the lighting in this dashcam still from mixed to dim. Adjust color temperature, contrast, and brightness throughout the image. Do not change the time of day or weather. Keep all people, vehicles, objects, structures, and signage exactly as they appear. Make it look as photorealistic as possible. Change as little as possible beyond the lighting. Don't change any details of the original photo other than the lighting.",0,,0,,,dim,,,,,,,,,,,,,,,,,,,,,,,,LIGHTING,,item_00258_dashcam_T1_train_B
bdd100k_e758bb09-f1e048a8,bdd100k,,,1280,720,dashcam_T1_test,dashcam_test_T1,midday,overcast,daylight,0,sparse,1,1,,,0,none,0,1,1,10,,,,,dashcam,T1,test,C,X-T1-TIME-DSH,"Shift the time of day in this dashcam still from midday to golden hour. Adjust lighting, shadow direction, sky color, and ambient brightness to match golden hour. Keep all people, vehicles, objects, structures, and signage exactly as they appear in the original image — same positions, same poses, same details. Make it look as photorealistic as possible. Change as little as possible beyond the lighting and time-of-day cues. Don't change any details of the original photo other than what's needed for the time shift.",0,,0,golden hour,,,,,,,,,,,,,,,,,,,,,,,,,,TIME,,item_00412_dashcam_T1_test_C
bdd100k_ed027695-6b604ca1,bdd100k,,,1280,720,dashcam_T1_test,dashcam_test_T1,midday,clear,daylight,0,empty,0,1,,,1,green,0,1,0,5,,,,,dashcam,T1,test,C,X-T1-CROWD-DSH,"Change the number of people visible in this dashcam still from approximately empty to approximately moderate. Add additional people consistent with the setting. Keep the existing scene composition, lighting, and all non-person elements (vehicles, structures, objects, signage) exactly as they appear. Any people added or kept should match the lighting, scale, and style of the original. Make it look as photorealistic as possible. Don't change any details of the original photo other than the people count.",0,,0,,,,moderate,,,,,,,,,,,,,,,,,,,,,,,CROWD,,item_00415_dashcam_T1_test_C
bdd100k_ee893ee1-c9464d9b,bdd100k,,,1280,720,dashcam_T2_train_vehicle_count_in_scene,dashcam_train_T2,midday,overcast,daylight,0,empty,0,1,,,1,green,0,1,0,8,,,,,dashcam,T2,train,B,X-T2-REMOVE-VEHICLE-DSH,"Remove the vehicle directly ahead from this dashcam still. Fill the area with road surface, lane markings, sky, or background as appropriate, consistent with what would be visible if that vehicle were not there. Keep all other vehicles, road markings, signage, traffic lights, and pedestrians exactly as they appear. Make it look as photorealistic as possible.",0,,0,,,,,,,,,,,,,,,the vehicle directly ahead,,,,,,,,,,,,,REMOVE-VEHICLE,item_00389_dashcam_T2_train_B
bdd100k_efb87586-00000000,bdd100k,,,1280,720,dashcam_T2_train_has_traffic_light_visible,dashcam_train_T2,dusk,overcast,mixed,0,empty,0,1,,,1,green,0,1,1,6,,,,,dashcam,T2,train,A,X-T2-LIGHT-COLOR-DSH,"In this dashcam still, change the color of the traffic light at approximately the intersection ahead from green to red. Adjust the glow and reflection on nearby surfaces (wet pavement, the hood of the vehicle, surrounding signs) to match the new color. Keep all vehicles, road markings, signage, pedestrians, and background exactly as they appear. Make it look as photorealistic as possible. The image should appear exactly as it would have if the light had simply been showing red.",0,,0,,,,,,,,,,,,green,red,,,,,,,,,,,,,,,LIGHT-COLOR,item_00344_dashcam_T2_train_A
bdd100k_f1df68d9-2fa3b59c,bdd100k,,,1280,720,dashcam_T1_train,dashcam_train_T1,midday,clear,daylight,0,sparse,1,1,,,1,green,0,1,0,2,,,,,dashcam,T1,train,B,X-T1-TIME-DSH,"Shift the time of day in this dashcam still from midday to dusk. Adjust lighting, shadow direction, sky color, and ambient brightness to match dusk. Keep all people, vehicles, objects, structures, and signage exactly as they appear in the original image — same positions, same poses, same details. Make it look as photorealistic as possible. Change as little as possible beyond the lighting and time-of-day cues. Don't change any details of the original photo other than what's needed for the time shift.",0,,0,dusk,,,,,,,,,,,,,,,,,,,,,,,,,,TIME,,item_00276_dashcam_T1_train_B
bdd100k_f435d3df-94d04e43,bdd100k,,,1280,720,dashcam_T2_train_has_stop_sign_visible,dashcam_train_T2,midday,overcast,daylight,0,moderate,1,1,,,1,green,1,1,0,6,,,,,dashcam,T2,train,B,X-T2-REMOVE-SIGN-DSH,"Remove the stop sign located at approximately the right side of the road ahead from this dashcam still. Fill the area with sky, pole, or background as appropriate. Keep all vehicles, road markings, traffic lights, pedestrians, and other signage exactly as they appear. Make it look as photorealistic as possible. The image should appear as if that sign had never been installed at that location.",0,,0,,,,,the right side of the road ahead,,,,,,,,,,,,,,,,,,,,,,,REMOVE-SIGN-DSH,item_00376_dashcam_T2_train_B
bdd100k_f504ea27-18bb573b,bdd100k,,,1280,720,dashcam_T1_train,dashcam_train_T1,night,clear,mixed,0,empty,0,1,,,1,red,0,1,0,6,,,,,dashcam,T1,train,B,X-T1-LIGHTING-DSH,"Change the lighting in this dashcam still from mixed to bright. Adjust color temperature, contrast, and brightness throughout the image. Do not change the time of day or weather. Keep all people, vehicles, objects, structures, and signage exactly as they appear. Make it look as photorealistic as possible. Change as little as possible beyond the lighting. Don't change any details of the original photo other than the lighting.",0,,0,,,bright,,,,,,,,,,,,,,,,,,,,,,,,LIGHTING,,item_00306_dashcam_T1_train_B
bdd100k_f702ebe5-23fb11b0,bdd100k,,,1280,720,dashcam_T1_train,dashcam_train_T1,night,clear,mixed,0,empty,0,1,,,1,green,0,0,1,10,,,,,dashcam,T1,train,B,X-T1-CROWD-DSH,"Change the number of people visible in this dashcam still from approximately empty to approximately moderate. Add additional people consistent with the setting. Keep the existing scene composition, lighting, and all non-person elements (vehicles, structures, objects, signage) exactly as they appear. Any people added or kept should match the lighting, scale, and style of the original. Make it look as photorealistic as possible. Don't change any details of the original photo other than the people count.",0,,0,,,,moderate,,,,,,,,,,,,,,,,,,,,,,,CROWD,,item_00303_dashcam_T1_train_B
bdd100k_f7967f5b-77c8e341,bdd100k,,,1280,720,dashcam_T1_test,dashcam_test_T1,night,clear,mixed,0,empty,0,1,,,1,red,0,1,0,4,,,,,dashcam,T1,test,B,X-T1-CROWD-DSH,"Change the number of people visible in this dashcam still from approximately empty to approximately sparse. Add additional people consistent with the setting. Keep the existing scene composition, lighting, and all non-person elements (vehicles, structures, objects, signage) exactly as they appear. Any people added or kept should match the lighting, scale, and style of the original. Make it look as photorealistic as possible. Don't change any details of the original photo other than the people count.",0,,0,,,,sparse,,,,,,,,,,,,,,,,,,,,,,,CROWD,,item_00423_dashcam_T1_test_B
bdd100k_f7dfb53f-ece53f99,bdd100k,,,1280,720,dashcam_T2_test_has_clear_road_ahead,dashcam_test_T2,night,clear,sodium_vapor,0,empty,0,1,,,0,none,0,0,1,4,,,,,dashcam,T2,test,B,X-T2-ADD-HAZARD-DSH,"Add a piece of debris to the roadway in this dashcam still, positioned at approximately the left side of the lane ahead. The hazard should appear at a scale and perspective consistent with the road surface and surrounding scene. Match the lighting, shadow direction, and weather of the original image. Keep all vehicles, road markings, signage, traffic lights, and pedestrians exactly as they appear. Make it look as photorealistic as possible. The hazard should look as if it had always been in that position.",0,,0,,,,,the left side of the lane ahead,,,,,,,,,piece of debris,,,,,,,,,,,,,,ADD-HAZARD,item_00442_dashcam_T2_test_B
bdd100k_fb984002-57381bfd,bdd100k,,,1280,720,dashcam_T2_train_has_traffic_light_visible,dashcam_train_T2,midday,overcast,daylight,0,empty,0,1,,,1,none,0,1,0,8,,,,,dashcam,T2,train,C,X-T2-LIGHT-COLOR-DSH,[FLAGGED: no current traffic light color],1,traffic_light_state='none' — cannot determine current color,0,,,,,,,,,,,,,,,,,,,,,,,,,,,,LIGHT-COLOR,item_00349_dashcam_T2_train_C
bdd100k_fcfe0f44-a8320a65,bdd100k,,,1280,720,dashcam_T1_test,dashcam_test_T1,night,clear,mixed,0,sparse,0,1,,,1,green,0,1,0,10,,,,,dashcam,T1,test,B,X-T1-TIME-DSH,"Shift the time of day in this dashcam still from night to morning. Adjust lighting, shadow direction, sky color, and ambient brightness to match morning. Keep all people, vehicles, objects, structures, and signage exactly as they appear in the original image — same positions, same poses, same details. Make it look as photorealistic as possible. Change as little as possible beyond the lighting and time-of-day cues. Don't change any details of the original photo other than what's needed for the time shift.",0,,0,morning,,,,,,,,,,,,,,,,,,,,,,,,,,TIME,,item_00408_dashcam_T1_test_B
casia_Au_arc_00033,casia,,,384,256,phone_T1_train,phone_train_T1,midday,clear,daylight,0,sparse,1,1,,,,,,,,,0,1,0,1,phone,T1,train,C,X-T1-WEATHER-PHN,"Change the weather in this phone photograph from clear to fog. Add ground-level fog and reduced visibility consistent with fog. Adjust lighting, sky, and ground appearance to match. Keep all people, vehicles, objects, structures, and signage exactly as they appear in the original image. Make it look as photorealistic as possible. Change as little as possible beyond what the weather change requires. Don't change any details of the original photo other than the weather.",0,,0,,fog,,,,,,,,,,,,,,,,,,,,,,,,,WEATHER,,item_00537_phone_T1_train_C
casia_Au_arc_00048,casia,,,384,256,phone_T1_train,phone_train_T1,midday,clear,daylight,0,empty,0,1,,,,,,,,,0,1,0,1,phone,T1,train,B,X-T1-LIGHTING-PHN,"Change the lighting in this phone photograph from daylight to dim. Adjust color temperature, contrast, and brightness throughout the image. Do not change the time of day or weather. Keep all people, vehicles, objects, structures, and signage exactly as they appear. Make it look as photorealistic as possible. Change as little as possible beyond the lighting. Don't change any details of the original photo other than the lighting.",0,,0,,,dim,,,,,,,,,,,,,,,,,,,,,,,,LIGHTING,,item_00506_phone_T1_train_B
casia_Au_arc_00066,casia,,,384,256,phone_T1_test,phone_test_T1,midday,clear,daylight,0,sparse,0,1,,,,,,,,,0,1,0,1,phone,T1,test,C,X-T1-CROWD-PHN,"Change the number of people visible in this phone photograph from approximately sparse to approximately crowded. Add additional people consistent with the setting. Keep the existing scene composition, lighting, and all non-person elements (vehicles, structures, objects, signage) exactly as they appear. Any people added or kept should match the lighting, scale, and style of the original. Make it look as photorealistic as possible. Don't change any details of the original photo other than the people count.",0,,0,,,,crowded,,,,,,,,,,,,,,,,,,,,,,,CROWD,,item_00675_phone_T1_test_C
casia_Au_arc_00100,casia,,,384,256,phone_T2_train_has_handheld_object_visible,phone_train_T2,midday,overcast,daylight,0,sparse,1,1,,,,,,,,,0,1,1,1,phone,T2,train,B,X-T2-SWAP-OBJECT-PHN,"In this phone photograph, find the cup at approximately the center of the image. Replace it with mug of comparable size, positioned in the same place. Match the lighting, shadow, and perspective of the original. Keep everything else exactly as it appears. Make it look as photorealistic as possible. The substitution should be undetectable.",0,,0,,,,,the center of the image,,,cup,mug,,,,,,,,,,,,,,,,,,,SWAP-OBJECT-PHN,item_00634_phone_T2_train_B
casia_Au_arc_10101,casia,,,240,180,phone_T2_train_has_undamaged_surface_target,phone_train_T2,midday,overcast,daylight,0,sparse,1,1,,,,,,,,,0,1,0,1,phone,T2,train,A,X-T2-ADD-DAMAGE-PHN,"Add visible damage of type crack to the glass or smooth surface at approximately the visible edge in this phone photograph. The damage should be consistent with realistic wear or impact — matching the lighting, shadow, and material properties of the surrounding surface. Keep everything else in the photograph exactly as it appears. Make it look as photorealistic as possible. The damage should look organic, as if it had actually occurred.",0,,0,,,,,the visible edge,,,,,,,,,,,crack,glass or smooth surface,,,,,,,,,,,ADD-DAMAGE,item_00567_phone_T2_train_A
casia_Au_arc_10102,casia,,,240,160,phone_T1_test,phone_test_T1,midday,overcast,daylight,0,empty,0,0,,,,,,,,,0,1,0,0,phone,T1,test,B,X-T1-TIME-PHN,"Shift the time of day in this phone photograph from midday to night. Adjust lighting, shadow direction, sky color, and ambient brightness to match night. Keep all people, vehicles, objects, structures, and signage exactly as they appear in the original image — same positions, same poses, same details. Make it look as photorealistic as possible. Change as little as possible beyond the lighting and time-of-day cues. Don't change any details of the original photo other than what's needed for the time shift.",0,,0,night,,,,,,,,,,,,,,,,,,,,,,,,,,TIME,,item_00668_phone_T1_test_B
casia_Au_arc_10110,casia,,,240,160,phone_T2_train_has_undamaged_surface_target,phone_train_T2,midday,overcast,daylight,0,empty,0,0,,,,,,,,,0,1,0,0,phone,T2,train,A,X-T2-ADD-DAMAGE-PHN,"Add visible damage of type chip to the painted surface at approximately the center in this phone photograph. The damage should be consistent with realistic wear or impact — matching the lighting, shadow, and material properties of the surrounding surface. Keep everything else in the photograph exactly as it appears. Make it look as photorealistic as possible. The damage should look organic, as if it had actually occurred.",0,,0,,,,,the center,,,,,,,,,,,chip,painted surface,,,,,,,,,,,ADD-DAMAGE,item_00564_phone_T2_train_A
casia_Au_arc_20019,casia,,,800,518,phone_T1_train,phone_train_T1,midday,clear,daylight,0,sparse,1,1,,,,,,,,,1,0,0,1,phone,T1,train,A,X-T1-WEATHER-PHN,"Change the weather in this phone photograph from clear to fog. Add ground-level fog and reduced visibility consistent with fog. Adjust lighting, sky, and ground appearance to match. Keep all people, vehicles, objects, structures, and signage exactly as they appear in the original image. Make it look as photorealistic as possible. Change as little as possible beyond what the weather change requires. Don't change any details of the original photo other than the weather.",0,,0,,fog,,,,,,,,,,,,,,,,,,,,,,,,,WEATHER,,item_00553_phone_T1_train_A
casia_Au_arc_20026,casia,,,800,600,phone_T1_train,phone_train_T1,midday,clear,daylight,0,empty,0,1,,,,,,,,,0,1,0,1,phone,T1,train,A,X-T1-TIME-PHN,"Shift the time of day in this phone photograph from midday to golden hour. Adjust lighting, shadow direction, sky color, and ambient brightness to match golden hour. Keep all people, vehicles, objects, structures, and signage exactly as they appear in the original image — same positions, same poses, same details. Make it look as photorealistic as possible. Change as little as possible beyond the lighting and time-of-day cues. Don't change any details of the original photo other than what's needed for the time shift.",0,,0,golden hour,,,,,,,,,,,,,,,,,,,,,,,,,,TIME,,item_00496_phone_T1_train_A
casia_Au_arc_20040,casia,,,800,518,phone_T1_train,phone_train_T1,dusk,overcast,daylight,0,sparse,0,1,,,,,,,,,0,1,0,1,phone,T1,train,C,X-T1-LIGHTING-PHN,"Change the lighting in this phone photograph from daylight to incandescent. Adjust color temperature, contrast, and brightness throughout the image. Do not change the time of day or weather. Keep all people, vehicles, objects, structures, and signage exactly as they appear. Make it look as photorealistic as possible. Change as little as possible beyond the lighting. Don't change any details of the original photo other than the lighting.",0,,0,,,incandescent,,,,,,,,,,,,,,,,,,,,,,,,LIGHTING,,item_00498_phone_T1_train_C
casia_Au_arc_20043,casia,,,800,518,phone_T2_test_has_open_surface_space,phone_test_T2,midday,overcast,daylight,0,empty,0,1,,,,,,,,,0,1,0,1,phone,T2,test,A,X-T2-ADD-OBJECT-PHN,"Add a folded receipt to this phone photograph, positioned at approximately the table surface. The object should appear at a scale and perspective consistent with the scene, with lighting and shadow matching the original. Keep everything else in the photograph exactly as it appears. Make it look as photorealistic as possible. The object should look like it has always been in that position.",0,,0,,,,,the table surface,,,,,,,,,,,,,a folded receipt,,,,,,,,,,ADD-OBJECT,item_00692_phone_T2_test_A
casia_Au_arc_20082,casia,,,468,648,phone_T2_test_has_undamaged_surface_target,phone_test_T2,midday,overcast,daylight,0,sparse,0,1,,,,,,,,,0,1,0,1,phone,T2,test,C,X-T2-ADD-DAMAGE-PHN,"Add visible damage of type crack to the glass or smooth surface at approximately the visible edge in this phone photograph. The damage should be consistent with realistic wear or impact — matching the lighting, shadow, and material properties of the surrounding surface. Keep everything else in the photograph exactly as it appears. Make it look as photorealistic as possible. The damage should look organic, as if it had actually occurred.",0,,0,,,,,the visible edge,,,,,,,,,,,crack,glass or smooth surface,,,,,,,,,,,ADD-DAMAGE,item_00682_phone_T2_test_C
casia_Au_arc_30021,casia,,,384,256,phone_T1_test,phone_test_T1,midday,overcast,daylight,0,empty,0,1,,,,,,,,,0,1,0,1,phone,T1,test,C,X-T1-TIME-PHN,"Shift the time of day in this phone photograph from midday to dusk. Adjust lighting, shadow direction, sky color, and ambient brightness to match dusk. Keep all people, vehicles, objects, structures, and signage exactly as they appear in the original image — same positions, same poses, same details. Make it look as photorealistic as possible. Change as little as possible beyond the lighting and time-of-day cues. Don't change any details of the original photo other than what's needed for the time shift.",0,,0,dusk,,,,,,,,,,,,,,,,,,,,,,,,,,TIME,,item_00660_phone_T1_test_C
casia_Au_arc_30024,casia,,,384,256,phone_T2_train_has_visible_damage,phone_train_T2,midday,overcast,daylight,0,empty,0,1,,,,,,,,,1,1,0,1,phone,T2,train,B,X-T2-REMOVE-DAMAGE-PHN,"Remove the visible damage at approximately the upper area of the surface from this phone photograph. Replace the damaged area with a clean, undamaged surface that matches the surrounding material (paint, metal, plastic, fabric, drywall as appropriate). Keep everything else in the photograph exactly as it appears — same lighting, same composition, same other details. Make it look as photorealistic as possible. The surface should appear as if no damage had ever occurred.",0,,0,,,,,the upper area of the surface,,,,,,,,,,,,,,,,,,,,,,,REMOVE-DAMAGE,item_00609_phone_T2_train_B
casia_Au_arc_30033,casia,,,384,256,phone_T2_test_has_visible_damage,phone_test_T2,midday,clear,daylight,0,sparse,1,1,,,,,,,,,1,1,0,1,phone,T2,test,C,X-T2-REMOVE-DAMAGE-PHN,"Remove the visible damage at approximately the visible edge of the surface from this phone photograph. Replace the damaged area with a clean, undamaged surface that matches the surrounding material (paint, metal, plastic, fabric, drywall as appropriate). Keep everything else in the photograph exactly as it appears — same lighting, same composition, same other details. Make it look as photorealistic as possible. The surface should appear as if no damage had ever occurred.",0,,0,,,,,the visible edge of the surface,,,,,,,,,,,,,,,,,,,,,,,REMOVE-DAMAGE,item_00703_phone_T2_test_C
casia_Au_arc_30065,casia,,,256,384,phone_T2_train_has_handheld_object_visible,phone_train_T2,midday,clear,daylight,0,sparse,1,1,,,,,,,,,0,1,1,1,phone,T2,train,A,X-T2-SWAP-OBJECT-PHN,"In this phone photograph, find the keys at approximately the center of the image. Replace it with coins of comparable size, positioned in the same place. Match the lighting, shadow, and perspective of the original. Keep everything else exactly as it appears. Make it look as photorealistic as possible. The substitution should be undetectable.",0,,0,,,,,the center of the image,,,keys,coins,,,,,,,,,,,,,,,,,,,SWAP-OBJECT-PHN,item_00621_phone_T2_train_A
casia_Au_arc_30097,casia,,,384,256,phone_T1_test,phone_test_T1,night,clear,LED_warm,0,empty,0,1,,,,,,,,,0,1,0,1,phone,T1,test,B,X-T1-CROWD-PHN,"Change the number of people visible in this phone photograph from approximately empty to approximately crowded. Add additional people consistent with the setting. Keep the existing scene composition, lighting, and all non-person elements (vehicles, structures, objects, signage) exactly as they appear. Any people added or kept should match the lighting, scale, and style of the original. Make it look as photorealistic as possible. Don't change any details of the original photo other than the people count.",0,,0,,,,crowded,,,,,,,,,,,,,,,,,,,,,,,CROWD,,item_00647_phone_T1_test_B
casia_Au_arc_30112,casia,,,384,256,phone_T2_test_has_open_surface_space,phone_test_T2,night,indeterminate,mixed,0,empty,0,1,,,,,,,,,0,1,0,1,phone,T2,test,C,X-T2-ADD-OBJECT-PHN,"Add a folded receipt to this phone photograph, positioned at approximately the table surface. The object should appear at a scale and perspective consistent with the scene, with lighting and shadow matching the original. Keep everything else in the photograph exactly as it appears. Make it look as photorealistic as possible. The object should look like it has always been in that position.",0,,0,,,,,the table surface,,,,,,,,,,,,,a folded receipt,,,,,,,,,,ADD-OBJECT,item_00697_phone_T2_test_C
casia_Au_arc_30114,casia,,,384,256,phone_T2_train_has_visible_damage,phone_train_T2,midday,clear,daylight,0,sparse,1,1,,,,,,,,,1,1,0,1,phone,T2,train,A,X-T2-REMOVE-DAMAGE-PHN,"Remove the visible damage at approximately the visible edge of the surface from this phone photograph. Replace the damaged area with a clean, undamaged surface that matches the surrounding material (paint, metal, plastic, fabric, drywall as appropriate). Keep everything else in the photograph exactly as it appears — same lighting, same composition, same other details. Make it look as photorealistic as possible. The surface should appear as if no damage had ever occurred.",0,,0,,,,,the visible edge of the surface,,,,,,,,,,,,,,,,,,,,,,,REMOVE-DAMAGE,item_00611_phone_T2_train_A
casia_Au_arc_30118,casia,,,384,256,phone_T1_train,phone_train_T1,golden_hour,overcast,daylight,0,empty,0,0,,,,,,,,,0,0,0,0,phone,T1,train,A,X-T1-CROWD-PHN,"Change the number of people visible in this phone photograph from approximately empty to approximately sparse. Add additional people consistent with the setting. Keep the existing scene composition, lighting, and all non-person elements (vehicles, structures, objects, signage) exactly as they appear. Any people added or kept should match the lighting, scale, and style of the original. Make it look as photorealistic as possible. Don't change any details of the original photo other than the people count.",0,,0,,,,sparse,,,,,,,,,,,,,,,,,,,,,,,CROWD,,item_00559_phone_T1_train_A
casia_Au_arc_30126,casia,,,384,256,phone_T1_train,phone_train_T1,midday,clear,daylight,0,empty,0,1,,,,,,,,,0,1,0,1,phone,T1,train,B,X-T1-CROWD-PHN,"Change the number of people visible in this phone photograph from approximately empty to approximately moderate. Add additional people consistent with the setting. Keep the existing scene composition, lighting, and all non-person elements (vehicles, structures, objects, signage) exactly as they appear. Any people added or kept should match the lighting, scale, and style of the original. Make it look as photorealistic as possible. Don't change any details of the original photo other than the people count.",0,,0,,,,moderate,,,,,,,,,,,,,,,,,,,,,,,CROWD,,item_00527_phone_T1_train_B
casia_Au_arc_30178,casia,,,256,384,phone_T1_train,phone_train_T1,midday,overcast,daylight,0,empty,0,0,,,,,,,,,0,1,0,0,phone,T1,train,C,X-T1-TIME-PHN,"Shift the time of day in this phone photograph from midday to evening. Adjust lighting, shadow direction, sky color, and ambient brightness to match evening. Keep all people, vehicles, objects, structures, and signage exactly as they appear in the original image — same positions, same poses, same details. Make it look as photorealistic as possible. Change as little as possible beyond the lighting and time-of-day cues. Don't change any details of the original photo other than what's needed for the time shift.",0,,0,evening,,,,,,,,,,,,,,,,,,,,,,,,,,TIME,,item_00504_phone_T1_train_C
casia_Au_arc_30190,casia,,,256,384,phone_T1_train,phone_train_T1,midday,clear,daylight,0,empty,0,1,,,,,,,,,0,1,0,1,phone,T1,train,C,X-T1-LIGHTING-PHN,"Change the lighting in this phone photograph from daylight to incandescent. Adjust color temperature, contrast, and brightness throughout the image. Do not change the time of day or weather. Keep all people, vehicles, objects, structures, and signage exactly as they appear. Make it look as photorealistic as possible. Change as little as possible beyond the lighting. Don't change any details of the original photo other than the lighting.",0,,0,,,incandescent,,,,,,,,,,,,,,,,,,,,,,,,LIGHTING,,item_00546_phone_T1_train_C
casia_Au_arc_30191,casia,,,384,256,phone_T2_train_has_visible_damage,phone_train_T2,midday,clear,daylight,0,empty,0,1,,,,,,,,,1,1,0,1,phone,T2,train,B,X-T2-REMOVE-DAMAGE-PHN,"Remove the visible damage at approximately the corner of the surface from this phone photograph. Replace the damaged area with a clean, undamaged surface that matches the surrounding material (paint, metal, plastic, fabric, drywall as appropriate). Keep everything else in the photograph exactly as it appears — same lighting, same composition, same other details. Make it look as photorealistic as possible. The surface should appear as if no damage had ever occurred.",0,,0,,,,,the corner of the surface,,,,,,,,,,,,,,,,,,,,,,,REMOVE-DAMAGE,item_00618_phone_T2_train_B
casia_Au_arc_30202,casia,,,384,256,phone_T1_train,phone_train_T1,midday,overcast,daylight,0,empty,0,1,,,,,,,,,0,1,0,1,phone,T1,train,C,X-T1-LIGHTING-PHN,"Change the lighting in this phone photograph from daylight to LED cool. Adjust color temperature, contrast, and brightness throughout the image. Do not change the time of day or weather. Keep all people, vehicles, objects, structures, and signage exactly as they appear. Make it look as photorealistic as possible. Change as little as possible beyond the lighting. Don't change any details of the original photo other than the lighting.",0,,0,,,LED cool,,,,,,,,,,,,,,,,,,,,,,,,LIGHTING,,item_00486_phone_T1_train_C
casia_Au_arc_30218,casia,,,384,256,phone_T1_train,phone_train_T1,midday,overcast,daylight,0,empty,0,1,,,,,,,,,0,1,0,1,phone,T1,train,B,X-T1-WEATHER-PHN,"Change the weather in this phone photograph from overcast to light rain. Add scattered raindrops and slightly wet surfaces consistent with light rain. Adjust lighting, sky, and ground appearance to match. Keep all people, vehicles, objects, structures, and signage exactly as they appear in the original image. Make it look as photorealistic as possible. Change as little as possible beyond what the weather change requires. Don't change any details of the original photo other than the weather.",0,,0,,light rain,,,,,,,,,,,,,,,,,,,,,,,,,WEATHER,,item_00485_phone_T1_train_B
casia_Au_arc_30223,casia,,,256,384,phone_T1_train,phone_train_T1,midday,overcast,daylight,0,sparse,0,1,,,,,,,,,0,1,0,1,phone,T1,train,B,X-T1-TIME-PHN,"Shift the time of day in this phone photograph from midday to dusk. Adjust lighting, shadow direction, sky color, and ambient brightness to match dusk. Keep all people, vehicles, objects, structures, and signage exactly as they appear in the original image — same positions, same poses, same details. Make it look as photorealistic as possible. Change as little as possible beyond the lighting and time-of-day cues. Don't change any details of the original photo other than what's needed for the time shift.",0,,0,dusk,,,,,,,,,,,,,,,,,,,,,,,,,,TIME,,item_00548_phone_T1_train_B
casia_Au_arc_30240,casia,,,256,384,phone_T2_train_has_open_surface_space,phone_train_T2,midday,clear,daylight,0,sparse,0,1,,,,,,,,,0,1,0,1,phone,T2,train,C,X-T2-ADD-OBJECT-PHN,"Add a folded receipt to this phone photograph, positioned at approximately the table surface. The object should appear at a scale and perspective consistent with the scene, with lighting and shadow matching the original. Keep everything else in the photograph exactly as it appears. Make it look as photorealistic as possible. The object should look like it has always been in that position.",0,,0,,,,,the table surface,,,,,,,,,,,,,a folded receipt,,,,,,,,,,ADD-OBJECT,item_00597_phone_T2_train_C
casia_Au_arc_30260,casia,,,384,256,phone_T2_train_has_visible_damage,phone_train_T2,midday,clear,daylight,0,empty,0,1,,,,,,,,,1,1,0,1,phone,T2,train,C,X-T2-REMOVE-DAMAGE-PHN,"Remove the visible damage at approximately the center of the surface from this phone photograph. Replace the damaged area with a clean, undamaged surface that matches the surrounding material (paint, metal, plastic, fabric, drywall as appropriate). Keep everything else in the photograph exactly as it appears — same lighting, same composition, same other details. Make it look as photorealistic as possible. The surface should appear as if no damage had ever occurred.",0,,0,,,,,the center of the surface,,,,,,,,,,,,,,,,,,,,,,,REMOVE-DAMAGE,item_00604_phone_T2_train_C
casia_Au_arc_30290,casia,,,384,256,phone_T2_train_has_open_surface_space,phone_train_T2,midday,clear,daylight,0,empty,0,1,,,,,,,,,0,1,0,1,phone,T2,train,C,X-T2-ADD-OBJECT-PHN,"Add a notebook to this phone photograph, positioned at approximately the table surface. The object should appear at a scale and perspective consistent with the scene, with lighting and shadow matching the original. Keep everything else in the photograph exactly as it appears. Make it look as photorealistic as possible. The object should look like it has always been in that position.",0,,0,,,,,the table surface,,,,,,,,,,,,,a notebook,,,,,,,,,,ADD-OBJECT,item_00594_phone_T2_train_C
casia_Au_arc_30304,casia,,,384,256,phone_T1_test,phone_test_T1,midday,clear,daylight,0,empty,0,1,,,,,,,,,0,1,0,1,phone,T1,test,A,X-T1-WEATHER-PHN,"Change the weather in this phone photograph from clear to light snow. Add falling snow and light snow accumulation consistent with light snow. Adjust lighting, sky, and ground appearance to match. Keep all people, vehicles, objects, structures, and signage exactly as they appear in the original image. Make it look as photorealistic as possible. Change as little as possible beyond what the weather change requires. Don't change any details of the original photo other than the weather.",0,,0,,light snow,,,,,,,,,,,,,,,,,,,,,,,,,WEATHER,,item_00673_phone_T1_test_A
casia_Au_arc_30305,casia,,,384,256,phone_T1_train,phone_train_T1,midday,clear,daylight,0,empty,0,1,,,,,,,,,0,1,0,1,phone,T1,train,B,X-T1-LIGHTING-PHN,"Change the lighting in this phone photograph from daylight to dim. Adjust color temperature, contrast, and brightness throughout the image. Do not change the time of day or weather. Keep all people, vehicles, objects, structures, and signage exactly as they appear. Make it look as photorealistic as possible. Change as little as possible beyond the lighting. Don't change any details of the original photo other than the lighting.",0,,0,,,dim,,,,,,,,,,,,,,,,,,,,,,,,LIGHTING,,item_00554_phone_T1_train_B
casia_Au_arc_30313,casia,,,384,256,phone_T1_test,phone_test_T1,midday,clear,daylight,0,empty,0,0,,,,,,,,,0,1,0,0,phone,T1,test,C,X-T1-WEATHER-PHN,"Change the weather in this phone photograph from clear to overcast. Add an overcast sky with diffuse, soft lighting consistent with overcast. Adjust lighting, sky, and ground appearance to match. Keep all people, vehicles, objects, structures, and signage exactly as they appear in the original image. Make it look as photorealistic as possible. Change as little as possible beyond what the weather change requires. Don't change any details of the original photo other than the weather.",0,,0,,overcast,,,,,,,,,,,,,,,,,,,,,,,,,WEATHER,,item_00669_phone_T1_test_C
casia_Au_arc_30314,casia,,,256,384,phone_T2_train_has_visible_damage,phone_train_T2,midday,clear,daylight,0,empty,0,0,,,,,,,,,1,1,0,0,phone,T2,train,C,X-T2-REMOVE-DAMAGE-PHN,"Remove the visible damage at approximately the upper area of the surface from this phone photograph. Replace the damaged area with a clean, undamaged surface that matches the surrounding material (paint, metal, plastic, fabric, drywall as appropriate). Keep everything else in the photograph exactly as it appears — same lighting, same composition, same other details. Make it look as photorealistic as possible. The surface should appear as if no damage had ever occurred.",0,,0,,,,,the upper area of the surface,,,,,,,,,,,,,,,,,,,,,,,REMOVE-DAMAGE,item_00613_phone_T2_train_C
casia_Au_arc_30333,casia,,,384,256,phone_T1_train,phone_train_T1,midday,clear,daylight,0,empty,0,1,,,,,,,,,0,1,0,1,phone,T1,train,C,X-T1-LIGHTING-PHN,"Change the lighting in this phone photograph from daylight to dim. Adjust color temperature, contrast, and brightness throughout the image. Do not change the time of day or weather. Keep all people, vehicles, objects, structures, and signage exactly as they appear. Make it look as photorealistic as possible. Change as little as possible beyond the lighting. Don't change any details of the original photo other than the lighting.",0,,0,,,dim,,,,,,,,,,,,,,,,,,,,,,,,LIGHTING,,item_00522_phone_T1_train_C
casia_Au_arc_30371,casia,,,384,256,phone_T1_train,phone_train_T1,midday,overcast,daylight,0,sparse,0,1,,,,,,,,,0,1,0,1,phone,T1,train,B,X-T1-WEATHER-PHN,"Change the weather in this phone photograph from overcast to fog. Add ground-level fog and reduced visibility consistent with fog. Adjust lighting, sky, and ground appearance to match. Keep all people, vehicles, objects, structures, and signage exactly as they appear in the original image. Make it look as photorealistic as possible. Change as little as possible beyond what the weather change requires. Don't change any details of the original photo other than the weather.",0,,0,,fog,,,,,,,,,,,,,,,,,,,,,,,,,WEATHER,,item_00521_phone_T1_train_B
casia_Au_arc_30372,casia,,,384,256,phone_T2_train_has_undamaged_surface_target,phone_train_T2,midday,clear,daylight,0,sparse,0,1,,,,,,,,,1,1,0,1,phone,T2,train,C,X-T2-ADD-DAMAGE-PHN,"Add visible damage of type chip to the painted surface at approximately the center in this phone photograph. The damage should be consistent with realistic wear or impact — matching the lighting, shadow, and material properties of the surrounding surface. Keep everything else in the photograph exactly as it appears. Make it look as photorealistic as possible. The damage should look organic, as if it had actually occurred.",0,,0,,,,,the center,,,,,,,,,,,chip,painted surface,,,,,,,,,,,ADD-DAMAGE,item_00569_phone_T2_train_C
casia_Au_arc_30386,casia,,,384,256,phone_T1_train,phone_train_T1,midday,clear,daylight,0,empty,0,1,,,,,,,,,0,1,0,1,phone,T1,train,A,X-T1-CROWD-PHN,"Change the number of people visible in this phone photograph from approximately empty to approximately moderate. Add additional people consistent with the setting. Keep the existing scene composition, lighting, and all non-person elements (vehicles, structures, objects, signage) exactly as they appear. Any people added or kept should match the lighting, scale, and style of the original. Make it look as photorealistic as possible. Don't change any details of the original photo other than the people count.",0,,0,,,,moderate,,,,,,,,,,,,,,,,,,,,,,,CROWD,,item_00499_phone_T1_train_A
casia_Au_arc_30405,casia,,,384,256,phone_T2_train_has_visible_damage,phone_train_T2,midday,clear,daylight,0,empty,0,1,,,,,,,,,1,0,0,1,phone,T2,train,A,X-T2-REMOVE-DAMAGE-PHN,"Remove the visible damage at approximately the corner of the surface from this phone photograph. Replace the damaged area with a clean, undamaged surface that matches the surrounding material (paint, metal, plastic, fabric, drywall as appropriate). Keep everything else in the photograph exactly as it appears — same lighting, same composition, same other details. Make it look as photorealistic as possible. The surface should appear as if no damage had ever occurred.",0,,0,,,,,the corner of the surface,,,,,,,,,,,,,,,,,,,,,,,REMOVE-DAMAGE,item_00602_phone_T2_train_A
casia_Au_arc_30407,casia,,,256,384,phone_T1_train,phone_train_T1,midday,overcast,daylight,0,empty,0,1,,,,,,,,,1,0,0,1,phone,T1,train,A,X-T1-TIME-PHN,"Shift the time of day in this phone photograph from midday to night. Adjust lighting, shadow direction, sky color, and ambient brightness to match night. Keep all people, vehicles, objects, structures, and signage exactly as they appear in the original image — same positions, same poses, same details. Make it look as photorealistic as possible. Change as little as possible beyond the lighting and time-of-day cues. Don't change any details of the original photo other than what's needed for the time shift.",0,,0,night,,,,,,,,,,,,,,,,,,,,,,,,,,TIME,,item_00556_phone_T1_train_A
casia_Au_arc_30412,casia,,,384,256,phone_T2_train_has_visible_damage,phone_train_T2,midday,clear,daylight,0,empty,0,0,,,,,,,,,1,0,0,0,phone,T2,train,A,X-T2-REMOVE-DAMAGE-PHN,"Remove the visible damage at approximately the upper area of the surface from this phone photograph. Replace the damaged area with a clean, undamaged surface that matches the surrounding material (paint, metal, plastic, fabric, drywall as appropriate). Keep everything else in the photograph exactly as it appears — same lighting, same composition, same other details. Make it look as photorealistic as possible. The surface should appear as if no damage had ever occurred.",0,,0,,,,,the upper area of the surface,,,,,,,,,,,,,,,,,,,,,,,REMOVE-DAMAGE,item_00617_phone_T2_train_A
casia_Au_arc_30433,casia,,,256,384,phone_T1_test,phone_test_T1,midday,clear,daylight,0,empty,0,1,,,,,,,,,0,1,0,1,phone,T1,test,B,X-T1-WEATHER-PHN,"Change the weather in this phone photograph from clear to overcast. Add an overcast sky with diffuse, soft lighting consistent with overcast. Adjust lighting, sky, and ground appearance to match. Keep all people, vehicles, objects, structures, and signage exactly as they appear in the original image. Make it look as photorealistic as possible. Change as little as possible beyond what the weather change requires. Don't change any details of the original photo other than the weather.",0,,0,,overcast,,,,,,,,,,,,,,,,,,,,,,,,,WEATHER,,item_00653_phone_T1_test_B
casia_Au_arc_30471,casia,,,384,256,phone_T1_train,phone_train_T1,midday,clear,daylight,0,empty,0,1,,,,,,,,,1,0,0,1,phone,T1,train,C,X-T1-CROWD-PHN,"Change the number of people visible in this phone photograph from approximately empty to approximately crowded. Add additional people consistent with the setting. Keep the existing scene composition, lighting, and all non-person elements (vehicles, structures, objects, signage) exactly as they appear. Any people added or kept should match the lighting, scale, and style of the original. Make it look as photorealistic as possible. Don't change any details of the original photo other than the people count.",0,,0,,,,crowded,,,,,,,,,,,,,,,,,,,,,,,CROWD,,item_00531_phone_T1_train_C
casia_Au_arc_30500,casia,,,384,256,phone_T2_train_has_visible_damage,phone_train_T2,midday,overcast,daylight,0,empty,0,1,,,,,,,,,1,1,0,1,phone,T2,train,A,X-T2-REMOVE-DAMAGE-PHN,"Remove the visible damage at approximately the center of the surface from this phone photograph. Replace the damaged area with a clean, undamaged surface that matches the surrounding material (paint, metal, plastic, fabric, drywall as appropriate). Keep everything else in the photograph exactly as it appears — same lighting, same composition, same other details. Make it look as photorealistic as possible. The surface should appear as if no damage had ever occurred.",0,,0,,,,,the center of the surface,,,,,,,,,,,,,,,,,,,,,,,REMOVE-DAMAGE,item_00608_phone_T2_train_A
casia_Au_arc_30504,casia,,,256,384,phone_T2_test_has_handheld_object_visible,phone_test_T2,midday,clear,daylight,0,moderate,1,1,,,,,,,,,0,1,1,1,phone,T2,test,A,X-T2-SWAP-OBJECT-PHN,"In this phone photograph, find the phone at approximately the center of the image. Replace it with wallet of comparable size, positioned in the same place. Match the lighting, shadow, and perspective of the original. Keep everything else exactly as it appears. Make it look as photorealistic as possible. The substitution should be undetectable.",0,,0,,,,,the center of the image,,,phone,wallet,,,,,,,,,,,,,,,,,,,SWAP-OBJECT-PHN,item_00710_phone_T2_test_A
casia_Au_arc_30522,casia,,,384,256,phone_T2_train_has_handheld_object_visible,phone_train_T2,midday,clear,daylight,0,sparse,1,1,,,,,,,,,0,1,1,1,phone,T2,train,C,X-T2-SWAP-OBJECT-PHN,"In this phone photograph, find the phone at approximately the center of the image. Replace it with wallet of comparable size, positioned in the same place. Match the lighting, shadow, and perspective of the original. Keep everything else exactly as it appears. Make it look as photorealistic as possible. The substitution should be undetectable.",0,,0,,,,,the center of the image,,,phone,wallet,,,,,,,,,,,,,,,,,,,SWAP-OBJECT-PHN,item_00620_phone_T2_train_C
casia_Au_arc_30523,casia,,,384,256,phone_T1_train,phone_train_T1,dusk,overcast,daylight,0,empty,0,0,,,,,,,,,0,1,0,0,phone,T1,train,C,X-T1-CROWD-PHN,"Change the number of people visible in this phone photograph from approximately empty to approximately sparse. Add additional people consistent with the setting. Keep the existing scene composition, lighting, and all non-person elements (vehicles, structures, objects, signage) exactly as they appear. Any people added or kept should match the lighting, scale, and style of the original. Make it look as photorealistic as possible. Don't change any details of the original photo other than the people count.",0,,0,,,,sparse,,,,,,,,,,,,,,,,,,,,,,,CROWD,,item_00495_phone_T1_train_C
casia_Au_arc_30528,casia,,,256,384,phone_T2_test_has_visible_damage,phone_test_T2,midday,clear,daylight,0,sparse,1,1,,,,,,,,,1,0,0,1,phone,T2,test,C,X-T2-REMOVE-DAMAGE-PHN,"Remove the visible damage at approximately the center of the surface from this phone photograph. Replace the damaged area with a clean, undamaged surface that matches the surrounding material (paint, metal, plastic, fabric, drywall as appropriate). Keep everything else in the photograph exactly as it appears — same lighting, same composition, same other details. Make it look as photorealistic as possible. The surface should appear as if no damage had ever occurred.",0,,0,,,,,the center of the surface,,,,,,,,,,,,,,,,,,,,,,,REMOVE-DAMAGE,item_00700_phone_T2_test_C
casia_Au_arc_30532,casia,,,384,256,phone_T2_train_has_visible_damage,phone_train_T2,midday,clear,daylight,0,empty,0,0,,,,,,,,,1,0,0,0,phone,T2,train,C,X-T2-REMOVE-DAMAGE-PHN,"Remove the visible damage at approximately the corner of the surface from this phone photograph. Replace the damaged area with a clean, undamaged surface that matches the surrounding material (paint, metal, plastic, fabric, drywall as appropriate). Keep everything else in the photograph exactly as it appears — same lighting, same composition, same other details. Make it look as photorealistic as possible. The surface should appear as if no damage had ever occurred.",0,,0,,,,,the corner of the surface,,,,,,,,,,,,,,,,,,,,,,,REMOVE-DAMAGE,item_00610_phone_T2_train_C
casia_Au_arc_30552,casia,,,384,256,phone_T2_train_has_visible_damage,phone_train_T2,golden_hour,clear,daylight,0,empty,0,1,,,,,,,,,1,0,0,1,phone,T2,train,B,X-T2-REMOVE-DAMAGE-PHN,"Remove the visible damage at approximately the visible edge of the surface from this phone photograph. Replace the damaged area with a clean, undamaged surface that matches the surrounding material (paint, metal, plastic, fabric, drywall as appropriate). Keep everything else in the photograph exactly as it appears — same lighting, same composition, same other details. Make it look as photorealistic as possible. The surface should appear as if no damage had ever occurred.",0,,0,,,,,the visible edge of the surface,,,,,,,,,,,,,,,,,,,,,,,REMOVE-DAMAGE,item_00603_phone_T2_train_B
casia_Au_arc_30553,casia,,,384,256,phone_T2_train_has_visible_damage,phone_train_T2,midday,clear,daylight,0,sparse,1,1,,,,,,,,,1,1,0,1,phone,T2,train,A,X-T2-REMOVE-DAMAGE-PHN,"Remove the visible damage at approximately the corner of the surface from this phone photograph. Replace the damaged area with a clean, undamaged surface that matches the surrounding material (paint, metal, plastic, fabric, drywall as appropriate). Keep everything else in the photograph exactly as it appears — same lighting, same composition, same other details. Make it look as photorealistic as possible. The surface should appear as if no damage had ever occurred.",0,,0,,,,,the corner of the surface,,,,,,,,,,,,,,,,,,,,,,,REMOVE-DAMAGE,item_00614_phone_T2_train_A
casia_Au_arc_30563,casia,,,384,256,phone_T1_train,phone_train_T1,midday,clear,daylight,0,sparse,1,1,,,,,,,,,1,0,0,1,phone,T1,train,C,X-T1-TIME-PHN,"Shift the time of day in this phone photograph from midday to night. Adjust lighting, shadow direction, sky color, and ambient brightness to match night. Keep all people, vehicles, objects, structures, and signage exactly as they appear in the original image — same positions, same poses, same details. Make it look as photorealistic as possible. Change as little as possible beyond the lighting and time-of-day cues. Don't change any details of the original photo other than what's needed for the time shift.",0,,0,night,,,,,,,,,,,,,,,,,,,,,,,,,,TIME,,item_00492_phone_T1_train_C
casia_Au_arc_30571,casia,,,384,256,phone_T2_test_has_open_surface_space,phone_test_T2,dusk,clear,daylight,0,sparse,0,1,,,,,,,,,1,1,0,1,phone,T2,test,A,X-T2-ADD-OBJECT-PHN,"Add a small package to this phone photograph, positioned at approximately the available space. The object should appear at a scale and perspective consistent with the scene, with lighting and shadow matching the original. Keep everything else in the photograph exactly as it appears. Make it look as photorealistic as possible. The object should look like it has always been in that position.",0,,0,,,,,the available space,,,,,,,,,,,,,a small package,,,,,,,,,,ADD-OBJECT,item_00698_phone_T2_test_A
casia_Au_arc_30579,casia,,,256,384,phone_T2_train_has_handheld_object_visible,phone_train_T2,midday,clear,daylight,0,sparse,1,1,,,,,,,,,0,1,1,1,phone,T2,train,C,X-T2-SWAP-OBJECT-PHN,"In this phone photograph, find the pen at approximately the center of the image. Replace it with marker of comparable size, positioned in the same place. Match the lighting, shadow, and perspective of the original. Keep everything else exactly as it appears. Make it look as photorealistic as possible. The substitution should be undetectable.",0,,0,,,,,the center of the image,,,pen,marker,,,,,,,,,,,,,,,,,,,SWAP-OBJECT-PHN,item_00623_phone_T2_train_C
casia_Au_arc_30623,casia,,,256,384,phone_T1_train,phone_train_T1,midday,overcast,daylight,0,sparse,0,0,,,,,,,,,0,1,0,0,phone,T1,train,A,X-T1-TIME-PHN,"Shift the time of day in this phone photograph from midday to night. Adjust lighting, shadow direction, sky color, and ambient brightness to match night. Keep all people, vehicles, objects, structures, and signage exactly as they appear in the original image — same positions, same poses, same details. Make it look as photorealistic as possible. Change as little as possible beyond the lighting and time-of-day cues. Don't change any details of the original photo other than what's needed for the time shift.",0,,0,night,,,,,,,,,,,,,,,,,,,,,,,,,,TIME,,item_00508_phone_T1_train_A
casia_Au_arc_30631,casia,,,256,384,phone_T1_test,phone_test_T1,midday,clear,daylight,0,empty,0,0,,,,,,,,,0,1,0,0,phone,T1,test,B,X-T1-WEATHER-PHN,"Change the weather in this phone photograph from clear to fog. Add ground-level fog and reduced visibility consistent with fog. Adjust lighting, sky, and ground appearance to match. Keep all people, vehicles, objects, structures, and signage exactly as they appear in the original image. Make it look as photorealistic as possible. Change as little as possible beyond what the weather change requires. Don't change any details of the original photo other than the weather.",0,,0,,fog,,,,,,,,,,,,,,,,,,,,,,,,,WEATHER,,item_00665_phone_T1_test_B
casia_Au_arc_30635,casia,,,384,256,phone_T2_train_has_open_surface_space,phone_train_T2,midday,clear,daylight,0,sparse,0,1,,,,,,,,,0,1,0,1,phone,T2,train,A,X-T2-ADD-OBJECT-PHN,"Add a notebook to this phone photograph, positioned at approximately the table surface. The object should appear at a scale and perspective consistent with the scene, with lighting and shadow matching the original. Keep everything else in the photograph exactly as it appears. Make it look as photorealistic as possible. The object should look like it has always been in that position.",0,,0,,,,,the table surface,,,,,,,,,,,,,a notebook,,,,,,,,,,ADD-OBJECT,item_00589_phone_T2_train_A
casia_Au_arc_30656,casia,,,384,256,phone_T1_test,phone_test_T1,midday,clear,daylight,0,empty,0,1,,,,,,,,,0,1,0,1,phone,T1,test,B,X-T1-TIME-PHN,"Shift the time of day in this phone photograph from midday to dusk. Adjust lighting, shadow direction, sky color, and ambient brightness to match dusk. Keep all people, vehicles, objects, structures, and signage exactly as they appear in the original image — same positions, same poses, same details. Make it look as photorealistic as possible. Change as little as possible beyond the lighting and time-of-day cues. Don't change any details of the original photo other than what's needed for the time shift.",0,,0,dusk,,,,,,,,,,,,,,,,,,,,,,,,,,TIME,,item_00644_phone_T1_test_B
casia_Au_arc_30668,casia,,,384,256,phone_T1_test,phone_test_T1,golden_hour,clear,daylight,0,empty,0,1,,,,,,,,,1,1,0,1,phone,T1,test,A,X-T1-TIME-PHN,"Shift the time of day in this phone photograph from golden hour to evening. Adjust lighting, shadow direction, sky color, and ambient brightness to match evening. Keep all people, vehicles, objects, structures, and signage exactly as they appear in the original image — same positions, same poses, same details. Make it look as photorealistic as possible. Change as little as possible beyond the lighting and time-of-day cues. Don't change any details of the original photo other than what's needed for the time shift.",0,,0,evening,,,,,,,,,,,,,,,,,,,,,,,,,,TIME,,item_00664_phone_T1_test_A
casia_Au_arc_30674,casia,,,384,256,phone_T1_test,phone_test_T1,midday,clear,daylight,0,empty,0,1,,,,,,,,,0,1,0,1,phone,T1,test,B,X-T1-WEATHER-PHN,"Change the weather in this phone photograph from clear to light rain. Add scattered raindrops and slightly wet surfaces consistent with light rain. Adjust lighting, sky, and ground appearance to match. Keep all people, vehicles, objects, structures, and signage exactly as they appear in the original image. Make it look as photorealistic as possible. Change as little as possible beyond what the weather change requires. Don't change any details of the original photo other than the weather.",0,,0,,light rain,,,,,,,,,,,,,,,,,,,,,,,,,WEATHER,,item_00677_phone_T1_test_B
casia_Au_arc_30678,casia,,,256,384,phone_T1_train,phone_train_T1,midday,clear,daylight,0,empty,0,1,,,,,,,,,0,1,0,1,phone,T1,train,B,X-T1-CROWD-PHN,"Change the number of people visible in this phone photograph from approximately empty to approximately moderate. Add additional people consistent with the setting. Keep the existing scene composition, lighting, and all non-person elements (vehicles, structures, objects, signage) exactly as they appear. Any people added or kept should match the lighting, scale, and style of the original. Make it look as photorealistic as possible. Don't change any details of the original photo other than the people count.",0,,0,,,,moderate,,,,,,,,,,,,,,,,,,,,,,,CROWD,,item_00515_phone_T1_train_B
casia_Au_arc_30692,casia,,,256,384,phone_T2_train_has_open_surface_space,phone_train_T2,night,indeterminate,mixed,0,empty,0,1,,,,,,,,,0,1,0,1,phone,T2,train,B,X-T2-ADD-OBJECT-PHN,"Add a coffee mug to this phone photograph, positioned at approximately the table surface. The object should appear at a scale and perspective consistent with the scene, with lighting and shadow matching the original. Keep everything else in the photograph exactly as it appears. Make it look as photorealistic as possible. The object should look like it has always been in that position.",0,,0,,,,,the table surface,,,,,,,,,,,,,a coffee mug,,,,,,,,,,ADD-OBJECT,item_00581_phone_T2_train_B
casia_Au_arc_30706,casia,,,256,384,phone_T2_train_has_open_surface_space,phone_train_T2,midday,clear,daylight,0,empty,0,1,,,,,,,,,0,1,0,1,phone,T2,train,B,X-T2-ADD-OBJECT-PHN,"Add a small package to this phone photograph, positioned at approximately the available space. The object should appear at a scale and perspective consistent with the scene, with lighting and shadow matching the original. Keep everything else in the photograph exactly as it appears. Make it look as photorealistic as possible. The object should look like it has always been in that position.",0,,0,,,,,the available space,,,,,,,,,,,,,a small package,,,,,,,,,,ADD-OBJECT,item_00593_phone_T2_train_B
casia_Au_arc_30710,casia,,,384,256,phone_T1_test,phone_test_T1,midday,overcast,daylight,0,empty,0,1,,,,,,,,,1,1,0,1,phone,T1,test,B,X-T1-LIGHTING-PHN,"Change the lighting in this phone photograph from daylight to dim. Adjust color temperature, contrast, and brightness throughout the image. Do not change the time of day or weather. Keep all people, vehicles, objects, structures, and signage exactly as they appear. Make it look as photorealistic as possible. Change as little as possible beyond the lighting. Don't change any details of the original photo other than the lighting.",0,,0,,,dim,,,,,,,,,,,,,,,,,,,,,,,,LIGHTING,,item_00650_phone_T1_test_B
casia_Au_arc_30729,casia,,,384,256,phone_T2_train_has_open_surface_space,phone_train_T2,dusk,clear,mixed,0,empty,0,1,,,,,,,,,0,1,0,1,phone,T2,train,A,X-T2-ADD-OBJECT-PHN,"Add a small package to this phone photograph, positioned at approximately the available space. The object should appear at a scale and perspective consistent with the scene, with lighting and shadow matching the original. Keep everything else in the photograph exactly as it appears. Make it look as photorealistic as possible. The object should look like it has always been in that position.",0,,0,,,,,the available space,,,,,,,,,,,,,a small package,,,,,,,,,,ADD-OBJECT,item_00598_phone_T2_train_A
casia_Au_arc_30733,casia,,,384,256,phone_T1_train,phone_train_T1,midday,clear,daylight,0,empty,0,0,,,,,,,,,0,1,0,0,phone,T1,train,C,X-T1-TIME-PHN,"Shift the time of day in this phone photograph from midday to dusk. Adjust lighting, shadow direction, sky color, and ambient brightness to match dusk. Keep all people, vehicles, objects, structures, and signage exactly as they appear in the original image — same positions, same poses, same details. Make it look as photorealistic as possible. Change as little as possible beyond the lighting and time-of-day cues. Don't change any details of the original photo other than what's needed for the time shift.",0,,0,dusk,,,,,,,,,,,,,,,,,,,,,,,,,,TIME,,item_00516_phone_T1_train_C
casia_Au_arc_30734,casia,,,384,256,phone_T1_train,phone_train_T1,dusk,clear,mixed,0,empty,0,0,,,,,,,,,0,0,0,0,phone,T1,train,B,X-T1-TIME-PHN,"Shift the time of day in this phone photograph from dusk to evening. Adjust lighting, shadow direction, sky color, and ambient brightness to match evening. Keep all people, vehicles, objects, structures, and signage exactly as they appear in the original image — same positions, same poses, same details. Make it look as photorealistic as possible. Change as little as possible beyond the lighting and time-of-day cues. Don't change any details of the original photo other than what's needed for the time shift.",0,,0,evening,,,,,,,,,,,,,,,,,,,,,,,,,,TIME,,item_00536_phone_T1_train_B
casia_Au_arc_30764,casia,,,384,256,phone_T1_test,phone_test_T1,dusk,clear,mixed,0,empty,0,0,,,,,,,,,0,1,0,0,phone,T1,test,A,X-T1-WEATHER-PHN,"Change the weather in this phone photograph from clear to light rain. Add scattered raindrops and slightly wet surfaces consistent with light rain. Adjust lighting, sky, and ground appearance to match. Keep all people, vehicles, objects, structures, and signage exactly as they appear in the original image. Make it look as photorealistic as possible. Change as little as possible beyond what the weather change requires. Don't change any details of the original photo other than the weather.",0,,0,,light rain,,,,,,,,,,,,,,,,,,,,,,,,,WEATHER,,item_00661_phone_T1_test_A
casia_Au_arc_30765,casia,,,384,256,phone_T1_train,phone_train_T1,dusk,clear,mixed,0,empty,0,0,,,,,,,,,0,0,0,0,phone,T1,train,A,X-T1-LIGHTING-PHN,"Change the lighting in this phone photograph from mixed to dim. Adjust color temperature, contrast, and brightness throughout the image. Do not change the time of day or weather. Keep all people, vehicles, objects, structures, and signage exactly as they appear. Make it look as photorealistic as possible. Change as little as possible beyond the lighting. Don't change any details of the original photo other than the lighting.",0,,0,,,dim,,,,,,,,,,,,,,,,,,,,,,,,LIGHTING,,item_00490_phone_T1_train_A
casia_Au_arc_30769,casia,,,384,256,phone_T1_test,phone_test_T1,dusk,overcast,mixed,0,empty,0,0,,,,,,,,,0,1,0,0,phone,T1,test,A,X-T1-WEATHER-PHN,"Change the weather in this phone photograph from overcast to fog. Add ground-level fog and reduced visibility consistent with fog. Adjust lighting, sky, and ground appearance to match. Keep all people, vehicles, objects, structures, and signage exactly as they appear in the original image. Make it look as photorealistic as possible. Change as little as possible beyond what the weather change requires. Don't change any details of the original photo other than the weather.",0,,0,,fog,,,,,,,,,,,,,,,,,,,,,,,,,WEATHER,,item_00649_phone_T1_test_A
casia_Au_arc_30771,casia,,,384,256,phone_T1_train,phone_train_T1,midday,clear,daylight,0,moderate,1,1,,,,,,,,,0,1,0,1,phone,T1,train,C,X-T1-WEATHER-PHN,"Change the weather in this phone photograph from clear to light rain. Add scattered raindrops and slightly wet surfaces consistent with light rain. Adjust lighting, sky, and ground appearance to match. Keep all people, vehicles, objects, structures, and signage exactly as they appear in the original image. Make it look as photorealistic as possible. Change as little as possible beyond what the weather change requires. Don't change any details of the original photo other than the weather.",0,,0,,light rain,,,,,,,,,,,,,,,,,,,,,,,,,WEATHER,,item_00501_phone_T1_train_C
casia_Au_arc_30781,casia,,,384,256,phone_T1_train,phone_train_T1,golden_hour,clear,daylight,0,empty,0,0,,,,,,,,,0,1,0,0,phone,T1,train,A,X-T1-TIME-PHN,"Shift the time of day in this phone photograph from golden hour to evening. Adjust lighting, shadow direction, sky color, and ambient brightness to match evening. Keep all people, vehicles, objects, structures, and signage exactly as they appear in the original image — same positions, same poses, same details. Make it look as photorealistic as possible. Change as little as possible beyond the lighting and time-of-day cues. Don't change any details of the original photo other than what's needed for the time shift.",0,,0,evening,,,,,,,,,,,,,,,,,,,,,,,,,,TIME,,item_00520_phone_T1_train_A
casia_Au_arc_30790,casia,,,384,256,phone_T1_train,phone_train_T1,midday,clear,daylight,0,empty,0,1,,,,,,,,,0,1,0,1,phone,T1,train,A,X-T1-WEATHER-PHN,"Change the weather in this phone photograph from clear to overcast. Add an overcast sky with diffuse, soft lighting consistent with overcast. Adjust lighting, sky, and ground appearance to match. Keep all people, vehicles, objects, structures, and signage exactly as they appear in the original image. Make it look as photorealistic as possible. Change as little as possible beyond what the weather change requires. Don't change any details of the original photo other than the weather.",0,,0,,overcast,,,,,,,,,,,,,,,,,,,,,,,,,WEATHER,,item_00493_phone_T1_train_A
casia_Au_arc_30792,casia,,,384,256,phone_T2_test_has_undamaged_surface_target,phone_test_T2,golden_hour,clear,daylight,0,empty,0,0,,,,,,,,,0,1,0,0,phone,T2,test,C,X-T2-ADD-DAMAGE-PHN,"Add visible damage of type rust spot to the metal surface at approximately the corner in this phone photograph. The damage should be consistent with realistic wear or impact — matching the lighting, shadow, and material properties of the surrounding surface. Keep everything else in the photograph exactly as it appears. Make it look as photorealistic as possible. The damage should look organic, as if it had actually occurred.",0,,0,,,,,the corner,,,,,,,,,,,rust spot,metal surface,,,,,,,,,,,ADD-DAMAGE,item_00688_phone_T2_test_C
casia_Au_arc_30800,casia,,,384,256,phone_T1_train,phone_train_T1,night,clear,mixed,0,empty,0,0,,,,,,,,,0,0,0,0,phone,T1,train,B,X-T1-CROWD-PHN,"Change the number of people visible in this phone photograph from approximately empty to approximately crowded. Add additional people consistent with the setting. Keep the existing scene composition, lighting, and all non-person elements (vehicles, structures, objects, signage) exactly as they appear. Any people added or kept should match the lighting, scale, and style of the original. Make it look as photorealistic as possible. Don't change any details of the original photo other than the people count.",0,,0,,,,crowded,,,,,,,,,,,,,,,,,,,,,,,CROWD,,item_00503_phone_T1_train_B
casia_Au_arc_30810,casia,,,384,256,phone_T1_test,phone_test_T1,dusk,clear,mixed,0,empty,0,0,,,,,,,,,0,1,0,0,phone,T1,test,A,X-T1-LIGHTING-PHN,"Change the lighting in this phone photograph from mixed to LED warm. Adjust color temperature, contrast, and brightness throughout the image. Do not change the time of day or weather. Keep all people, vehicles, objects, structures, and signage exactly as they appear. Make it look as photorealistic as possible. Change as little as possible beyond the lighting. Don't change any details of the original photo other than the lighting.",0,,0,,,LED warm,,,,,,,,,,,,,,,,,,,,,,,,LIGHTING,,item_00670_phone_T1_test_A
casia_Au_arc_30824,casia,,,256,384,phone_T2_test_has_visible_damage,phone_test_T2,midday,overcast,daylight,0,empty,0,0,,,,,,,,,1,0,0,0,phone,T2,test,A,X-T2-REMOVE-DAMAGE-PHN,"Remove the visible damage at approximately the upper area of the surface from this phone photograph. Replace the damaged area with a clean, undamaged surface that matches the surrounding material (paint, metal, plastic, fabric, drywall as appropriate). Keep everything else in the photograph exactly as it appears — same lighting, same composition, same other details. Make it look as photorealistic as possible. The surface should appear as if no damage had ever occurred.",0,,0,,,,,the upper area of the surface,,,,,,,,,,,,,,,,,,,,,,,REMOVE-DAMAGE,item_00701_phone_T2_test_A
casia_Au_art_00002,casia,,,384,256,phone_T1_test,phone_test_T1,midday,overcast,daylight,0,empty,0,1,,,,,,,,,0,1,0,1,phone,T1,test,C,X-T1-TIME-PHN,"Shift the time of day in this phone photograph from midday to golden hour. Adjust lighting, shadow direction, sky color, and ambient brightness to match golden hour. Keep all people, vehicles, objects, structures, and signage exactly as they appear in the original image — same positions, same poses, same details. Make it look as photorealistic as possible. Change as little as possible beyond the lighting and time-of-day cues. Don't change any details of the original photo other than what's needed for the time shift.",0,,0,golden hour,,,,,,,,,,,,,,,,,,,,,,,,,,TIME,,item_00672_phone_T1_test_C
casia_Au_art_00037,casia,,,384,256,phone_T2_test_has_visible_damage,phone_test_T2,midday,clear,daylight,0,empty,0,1,,,,,,,,,1,1,0,1,phone,T2,test,B,X-T2-REMOVE-DAMAGE-PHN,"Remove the visible damage at approximately the upper area of the surface from this phone photograph. Replace the damaged area with a clean, undamaged surface that matches the surrounding material (paint, metal, plastic, fabric, drywall as appropriate). Keep everything else in the photograph exactly as it appears — same lighting, same composition, same other details. Make it look as photorealistic as possible. The surface should appear as if no damage had ever occurred.",0,,0,,,,,the upper area of the surface,,,,,,,,,,,,,,,,,,,,,,,REMOVE-DAMAGE,item_00705_phone_T2_test_B
casia_Au_art_00072,casia,,,384,256,phone_T1_test,phone_test_T1,midday,clear,daylight,0,empty,0,1,,,,,,,,,0,1,0,1,phone,T1,test,B,X-T1-TIME-PHN,"Shift the time of day in this phone photograph from midday to golden hour. Adjust lighting, shadow direction, sky color, and ambient brightness to match golden hour. Keep all people, vehicles, objects, structures, and signage exactly as they appear in the original image — same positions, same poses, same details. Make it look as photorealistic as possible. Change as little as possible beyond the lighting and time-of-day cues. Don't change any details of the original photo other than what's needed for the time shift.",0,,0,golden hour,,,,,,,,,,,,,,,,,,,,,,,,,,TIME,,item_00656_phone_T1_test_B
casia_Au_art_00074,casia,,,384,256,phone_T1_train,phone_train_T1,midday,clear,daylight,0,empty,0,0,,,,,,,,,0,1,0,0,phone,T1,train,C,X-T1-CROWD-PHN,"Change the number of people visible in this phone photograph from approximately empty to approximately crowded. Add additional people consistent with the setting. Keep the existing scene composition, lighting, and all non-person elements (vehicles, structures, objects, signage) exactly as they appear. Any people added or kept should match the lighting, scale, and style of the original. Make it look as photorealistic as possible. Don't change any details of the original photo other than the people count.",0,,0,,,,crowded,,,,,,,,,,,,,,,,,,,,,,,CROWD,,item_00555_phone_T1_train_C
casia_Au_art_00084,casia,,,384,256,phone_T2_test_has_open_surface_space,phone_test_T2,midday,overcast,daylight,0,empty,0,1,,,,,,,,,0,1,0,1,phone,T2,test,B,X-T2-ADD-OBJECT-PHN,"Add a set of keys to this phone photograph, positioned at approximately the table surface. The object should appear at a scale and perspective consistent with the scene, with lighting and shadow matching the original. Keep everything else in the photograph exactly as it appears. Make it look as photorealistic as possible. The object should look like it has always been in that position.",0,,0,,,,,the table surface,,,,,,,,,,,,,a set of keys,,,,,,,,,,ADD-OBJECT,item_00690_phone_T2_test_B
casia_Au_art_10104,casia,,,500,375,phone_T1_train,phone_train_T1,dusk,overcast,daylight,0,empty,0,1,,,,,,,,,0,1,0,1,phone,T1,train,C,X-T1-LIGHTING-PHN,"Change the lighting in this phone photograph from daylight to LED warm. Adjust color temperature, contrast, and brightness throughout the image. Do not change the time of day or weather. Keep all people, vehicles, objects, structures, and signage exactly as they appear. Make it look as photorealistic as possible. Change as little as possible beyond the lighting. Don't change any details of the original photo other than the lighting.",0,,0,,,LED warm,,,,,,,,,,,,,,,,,,,,,,,,LIGHTING,,item_00510_phone_T1_train_C
casia_Au_art_10109,casia,,,384,256,phone_T2_test_has_undamaged_surface_target,phone_test_T2,indeterminate,indeterminate,mixed,1,empty,0,0,,,,,,,,,0,1,0,1,phone,T2,test,A,X-T2-ADD-DAMAGE-PHN,"Add visible damage of type chip to the painted surface at approximately the center in this phone photograph. The damage should be consistent with realistic wear or impact — matching the lighting, shadow, and material properties of the surrounding surface. Keep everything else in the photograph exactly as it appears. Make it look as photorealistic as possible. The damage should look organic, as if it had actually occurred.",0,,0,,,,,the center,,,,,,,,,,,chip,painted surface,,,,,,,,,,,ADD-DAMAGE,item_00689_phone_T2_test_A
casia_Au_art_20068,casia,,,566,681,phone_T1_train,phone_train_T1,midday,clear,daylight,0,empty,0,0,,,,,,,,,0,1,0,0,phone,T1,train,B,X-T1-CROWD-PHN,"Change the number of people visible in this phone photograph from approximately empty to approximately moderate. Add additional people consistent with the setting. Keep the existing scene composition, lighting, and all non-person elements (vehicles, structures, objects, signage) exactly as they appear. Any people added or kept should match the lighting, scale, and style of the original. Make it look as photorealistic as possible. Don't change any details of the original photo other than the people count.",0,,0,,,,moderate,,,,,,,,,,,,,,,,,,,,,,,CROWD,,item_00539_phone_T1_train_B
casia_Au_art_20077,casia,,,573,864,phone_T1_train,phone_train_T1,indeterminate,indeterminate,daylight,0,empty,0,0,,,,,,,,,1,0,0,0,phone,T1,train,A,X-T1-WEATHER-PHN,"Change the weather in this phone photograph from the current weather to light rain. Add scattered raindrops and slightly wet surfaces consistent with light rain. Adjust lighting, sky, and ground appearance to match. Keep all people, vehicles, objects, structures, and signage exactly as they appear in the original image. Make it look as photorealistic as possible. Change as little as possible beyond what the weather change requires. Don't change any details of the original photo other than the weather.",0,,0,,light rain,,,,,,,,,,,,,,,,,,,,,,,,,WEATHER,,item_00517_phone_T1_train_A
casia_Au_art_20079,casia,,,800,600,phone_T2_test_has_undamaged_surface_target,phone_test_T2,midday,clear,daylight,0,empty,0,1,,,,,,,,,0,1,0,1,phone,T2,test,A,X-T2-ADD-DAMAGE-PHN,"Add visible damage of type dent to the metal surface at approximately the center in this phone photograph. The damage should be consistent with realistic wear or impact — matching the lighting, shadow, and material properties of the surrounding surface. Keep everything else in the photograph exactly as it appears. Make it look as photorealistic as possible. The damage should look organic, as if it had actually occurred.",0,,0,,,,,the center,,,,,,,,,,,dent,metal surface,,,,,,,,,,,ADD-DAMAGE,item_00680_phone_T2_test_A
casia_Au_art_20081,casia,,,800,600,phone_T2_test_has_undamaged_surface_target,phone_test_T2,midday,clear,daylight,0,empty,0,1,,,,,,,,,0,1,0,1,phone,T2,test,C,X-T2-ADD-DAMAGE-PHN,"Add visible damage of type dent to the metal surface at approximately the center in this phone photograph. The damage should be consistent with realistic wear or impact — matching the lighting, shadow, and material properties of the surrounding surface. Keep everything else in the photograph exactly as it appears. Make it look as photorealistic as possible. The damage should look organic, as if it had actually occurred.",0,,0,,,,,the center,,,,,,,,,,,dent,metal surface,,,,,,,,,,,ADD-DAMAGE,item_00685_phone_T2_test_C
casia_Au_art_30009,casia,,,384,256,phone_T1_train,phone_train_T1,midday,clear,daylight,0,empty,0,0,,,,,,,,,0,0,0,0,phone,T1,train,B,X-T1-CROWD-PHN,"Change the number of people visible in this phone photograph from approximately empty to approximately moderate. Add additional people consistent with the setting. Keep the existing scene composition, lighting, and all non-person elements (vehicles, structures, objects, signage) exactly as they appear. Any people added or kept should match the lighting, scale, and style of the original. Make it look as photorealistic as possible. Don't change any details of the original photo other than the people count.",0,,0,,,,moderate,,,,,,,,,,,,,,,,,,,,,,,CROWD,,item_00551_phone_T1_train_B
casia_Au_art_30027,casia,,,256,384,phone_T1_train,phone_train_T1,indeterminate,indeterminate,indeterminate,1,empty,0,0,,,,,,,,,0,1,0,0,phone,T1,train,C,X-T1-TIME-PHN,"Shift the time of day in this phone photograph from the current time of day to evening. Adjust lighting, shadow direction, sky color, and ambient brightness to match evening. Keep all people, vehicles, objects, structures, and signage exactly as they appear in the original image — same positions, same poses, same details. Make it look as photorealistic as possible. Change as little as possible beyond the lighting and time-of-day cues. Don't change any details of the original photo other than what's needed for the time shift.",0,,0,evening,,,,,,,,,,,,,,,,,,,,,,,,,,TIME,,item_00552_phone_T1_train_C
casia_Au_art_30066,casia,,,256,384,phone_T2_train_has_open_surface_space,phone_train_T2,indeterminate,indeterminate,mixed,0,empty,0,1,,,,,,,,,0,1,0,1,phone,T2,train,A,X-T2-ADD-OBJECT-PHN,"Add a set of keys to this phone photograph, positioned at approximately the table surface. The object should appear at a scale and perspective consistent with the scene, with lighting and shadow matching the original. Keep everything else in the photograph exactly as it appears. Make it look as photorealistic as possible. The object should look like it has always been in that position.",0,,0,,,,,the table surface,,,,,,,,,,,,,a set of keys,,,,,,,,,,ADD-OBJECT,item_00595_phone_T2_train_A
casia_Au_art_30071,casia,,,256,384,phone_T1_train,phone_train_T1,indeterminate,indeterminate,indeterminate,1,empty,0,0,,,,,,,,,0,1,0,0,phone,T1,train,A,X-T1-CROWD-PHN,"Change the number of people visible in this phone photograph from approximately empty to approximately sparse. Add additional people consistent with the setting. Keep the existing scene composition, lighting, and all non-person elements (vehicles, structures, objects, signage) exactly as they appear. Any people added or kept should match the lighting, scale, and style of the original. Make it look as photorealistic as possible. Don't change any details of the original photo other than the people count.",0,,0,,,,sparse,,,,,,,,,,,,,,,,,,,,,,,CROWD,,item_00535_phone_T1_train_A
casia_Au_art_30076,casia,,,384,256,phone_T2_test_has_undamaged_surface_target,phone_test_T2,midday,clear,daylight,0,sparse,0,1,,,,,,,,,0,1,0,1,phone,T2,test,B,X-T2-ADD-DAMAGE-PHN,"Add visible damage of type chip to the painted surface at approximately the center in this phone photograph. The damage should be consistent with realistic wear or impact — matching the lighting, shadow, and material properties of the surrounding surface. Keep everything else in the photograph exactly as it appears. Make it look as photorealistic as possible. The damage should look organic, as if it had actually occurred.",0,,0,,,,,the center,,,,,,,,,,,chip,painted surface,,,,,,,,,,,ADD-DAMAGE,item_00684_phone_T2_test_B
casia_Au_art_30081,casia,,,256,384,phone_T1_train,phone_train_T1,indeterminate,indeterminate,indeterminate,1,empty,0,0,,,,,,,,,1,0,0,0,phone,T1,train,B,X-T1-LIGHTING-PHN,"Change the lighting in this phone photograph from the current lighting to LED warm. Adjust color temperature, contrast, and brightness throughout the image. Do not change the time of day or weather. Keep all people, vehicles, objects, structures, and signage exactly as they appear. Make it look as photorealistic as possible. Change as little as possible beyond the lighting. Don't change any details of the original photo other than the lighting.",0,,0,,,LED warm,,,,,,,,,,,,,,,,,,,,,,,,LIGHTING,,item_00494_phone_T1_train_B
casia_Au_art_30083,casia,,,384,256,phone_T1_train,phone_train_T1,indeterminate,indeterminate,indeterminate,1,empty,0,0,,,,,,,,,0,1,0,0,phone,T1,train,A,X-T1-WEATHER-PHN,"Change the weather in this phone photograph from the current weather to fog. Add ground-level fog and reduced visibility consistent with fog. Adjust lighting, sky, and ground appearance to match. Keep all people, vehicles, objects, structures, and signage exactly as they appear in the original image. Make it look as photorealistic as possible. Change as little as possible beyond what the weather change requires. Don't change any details of the original photo other than the weather.",0,,0,,fog,,,,,,,,,,,,,,,,,,,,,,,,,WEATHER,,item_00505_phone_T1_train_A
casia_Au_art_30086,casia,,,384,256,phone_T2_train_has_undamaged_surface_target,phone_train_T2,midday,clear,daylight,0,empty,0,0,,,,,,,,,0,1,0,0,phone,T2,train,B,X-T2-ADD-DAMAGE-PHN,"Add visible damage of type rust spot to the metal surface at approximately the corner in this phone photograph. The damage should be consistent with realistic wear or impact — matching the lighting, shadow, and material properties of the surrounding surface. Keep everything else in the photograph exactly as it appears. Make it look as photorealistic as possible. The damage should look organic, as if it had actually occurred.",0,,0,,,,,the corner,,,,,,,,,,,rust spot,metal surface,,,,,,,,,,,ADD-DAMAGE,item_00568_phone_T2_train_B
casia_Au_art_30117,casia,,,384,256,phone_T2_train_has_visible_damage,phone_train_T2,midday,clear,daylight,0,empty,0,0,,,,,,,,,1,0,0,0,phone,T2,train,B,X-T2-REMOVE-DAMAGE-PHN,"Remove the visible damage at approximately the center of the surface from this phone photograph. Replace the damaged area with a clean, undamaged surface that matches the surrounding material (paint, metal, plastic, fabric, drywall as appropriate). Keep everything else in the photograph exactly as it appears — same lighting, same composition, same other details. Make it look as photorealistic as possible. The surface should appear as if no damage had ever occurred.",0,,0,,,,,the center of the surface,,,,,,,,,,,,,,,,,,,,,,,REMOVE-DAMAGE,item_00600_phone_T2_train_B
casia_Au_art_30118,casia,,,384,256,phone_T2_train_has_visible_damage,phone_train_T2,indeterminate,indeterminate,indeterminate,1,empty,0,0,,,,,,,,,1,0,0,0,phone,T2,train,B,X-T2-REMOVE-DAMAGE-PHN,"Remove the visible damage at approximately the visible edge of the surface from this phone photograph. Replace the damaged area with a clean, undamaged surface that matches the surrounding material (paint, metal, plastic, fabric, drywall as appropriate). Keep everything else in the photograph exactly as it appears — same lighting, same composition, same other details. Make it look as photorealistic as possible. The surface should appear as if no damage had ever occurred.",0,,0,,,,,the visible edge of the surface,,,,,,,,,,,,,,,,,,,,,,,REMOVE-DAMAGE,item_00615_phone_T2_train_B
casia_Au_art_30147,casia,,,384,256,phone_T1_train,phone_train_T1,indeterminate,indeterminate,dim,1,empty,0,0,,,,,,,,,1,0,0,0,phone,T1,train,A,X-T1-TIME-PHN,"Shift the time of day in this phone photograph from the current time of day to golden hour. Adjust lighting, shadow direction, sky color, and ambient brightness to match golden hour. Keep all people, vehicles, objects, structures, and signage exactly as they appear in the original image — same positions, same poses, same details. Make it look as photorealistic as possible. Change as little as possible beyond the lighting and time-of-day cues. Don't change any details of the original photo other than what's needed for the time shift.",0,,0,golden hour,,,,,,,,,,,,,,,,,,,,,,,,,,TIME,,item_00544_phone_T1_train_A
casia_Au_art_30158,casia,,,256,384,phone_T2_test_has_visible_damage,phone_test_T2,midday,clear,daylight,0,empty,0,0,,,,,,,,,1,0,0,0,phone,T2,test,C,X-T2-REMOVE-DAMAGE-PHN,"Remove the visible damage at approximately the corner of the surface from this phone photograph. Replace the damaged area with a clean, undamaged surface that matches the surrounding material (paint, metal, plastic, fabric, drywall as appropriate). Keep everything else in the photograph exactly as it appears — same lighting, same composition, same other details. Make it look as photorealistic as possible. The surface should appear as if no damage had ever occurred.",0,,0,,,,,the corner of the surface,,,,,,,,,,,,,,,,,,,,,,,REMOVE-DAMAGE,item_00706_phone_T2_test_C
casia_Au_art_30172,casia,,,256,384,phone_T2_train_has_visible_damage,phone_train_T2,midday,overcast,daylight,0,sparse,1,0,,,,,,,,,1,1,0,0,phone,T2,train,B,X-T2-REMOVE-DAMAGE-PHN,"Remove the visible damage at approximately the center of the surface from this phone photograph. Replace the damaged area with a clean, undamaged surface that matches the surrounding material (paint, metal, plastic, fabric, drywall as appropriate). Keep everything else in the photograph exactly as it appears — same lighting, same composition, same other details. Make it look as photorealistic as possible. The surface should appear as if no damage had ever occurred.",0,,0,,,,,the center of the surface,,,,,,,,,,,,,,,,,,,,,,,REMOVE-DAMAGE,item_00612_phone_T2_train_B
casia_Au_art_30226,casia,,,384,256,phone_T2_train_has_open_surface_space,phone_train_T2,indeterminate,indeterminate,mixed,1,empty,0,1,,,,,,,,,0,1,0,1,phone,T2,train,C,X-T2-ADD-OBJECT-PHN,"Add a coffee mug to this phone photograph, positioned at approximately the table surface. The object should appear at a scale and perspective consistent with the scene, with lighting and shadow matching the original. Keep everything else in the photograph exactly as it appears. Make it look as photorealistic as possible. The object should look like it has always been in that position.",0,,0,,,,,the table surface,,,,,,,,,,,,,a coffee mug,,,,,,,,,,ADD-OBJECT,item_00591_phone_T2_train_C
casia_Au_art_30257,casia,,,384,256,phone_T2_train_has_open_surface_space,phone_train_T2,indeterminate,indeterminate,LED_warm,1,empty,0,0,,,,,,,,,0,1,0,1,phone,T2,train,A,X-T2-ADD-OBJECT-PHN,"Add a coffee mug to this phone photograph, positioned at approximately the table surface. The object should appear at a scale and perspective consistent with the scene, with lighting and shadow matching the original. Keep everything else in the photograph exactly as it appears. Make it look as photorealistic as possible. The object should look like it has always been in that position.",0,,0,,,,,the table surface,,,,,,,,,,,,,a coffee mug,,,,,,,,,,ADD-OBJECT,item_00586_phone_T2_train_A
casia_Au_art_30286,casia,,,256,384,phone_T1_train,phone_train_T1,indeterminate,indeterminate,indeterminate,1,empty,0,0,,,,,,,,,0,1,0,0,phone,T1,train,A,X-T1-WEATHER-PHN,"Change the weather in this phone photograph from the current weather to light snow. Add falling snow and light snow accumulation consistent with light snow. Adjust lighting, sky, and ground appearance to match. Keep all people, vehicles, objects, structures, and signage exactly as they appear in the original image. Make it look as photorealistic as possible. Change as little as possible beyond what the weather change requires. Don't change any details of the original photo other than the weather.",0,,0,,light snow,,,,,,,,,,,,,,,,,,,,,,,,,WEATHER,,item_00529_phone_T1_train_A
casia_Au_art_30292,casia,,,256,384,phone_T2_test_has_visible_damage,phone_test_T2,indeterminate,indeterminate,indeterminate,1,empty,0,0,,,,,,,,,1,0,0,0,phone,T2,test,A,X-T2-REMOVE-DAMAGE-PHN,"Remove the visible damage at approximately the visible edge of the surface from this phone photograph. Replace the damaged area with a clean, undamaged surface that matches the surrounding material (paint, metal, plastic, fabric, drywall as appropriate). Keep everything else in the photograph exactly as it appears — same lighting, same composition, same other details. Make it look as photorealistic as possible. The surface should appear as if no damage had ever occurred.",0,,0,,,,,the visible edge of the surface,,,,,,,,,,,,,,,,,,,,,,,REMOVE-DAMAGE,item_00707_phone_T2_test_A
casia_Au_art_30301,casia,,,384,256,phone_T1_test,phone_test_T1,midday,overcast,daylight,0,sparse,0,1,,,,,,,,,0,1,0,1,phone,T1,test,C,X-T1-LIGHTING-PHN,"Change the lighting in this phone photograph from daylight to incandescent. Adjust color temperature, contrast, and brightness throughout the image. Do not change the time of day or weather. Keep all people, vehicles, objects, structures, and signage exactly as they appear. Make it look as photorealistic as possible. Change as little as possible beyond the lighting. Don't change any details of the original photo other than the lighting.",0,,0,,,incandescent,,,,,,,,,,,,,,,,,,,,,,,,LIGHTING,,item_00642_phone_T1_test_C
casia_Au_art_30332,casia,,,256,384,phone_T1_train,phone_train_T1,midday,clear,daylight,0,sparse,1,0,,,,,,,,,0,1,0,0,phone,T1,train,B,X-T1-LIGHTING-PHN,"Change the lighting in this phone photograph from daylight to incandescent. Adjust color temperature, contrast, and brightness throughout the image. Do not change the time of day or weather. Keep all people, vehicles, objects, structures, and signage exactly as they appear. Make it look as photorealistic as possible. Change as little as possible beyond the lighting. Don't change any details of the original photo other than the lighting.",0,,0,,,incandescent,,,,,,,,,,,,,,,,,,,,,,,,LIGHTING,,item_00482_phone_T1_train_B
casia_Au_art_30335,casia,,,384,256,phone_T1_test,phone_test_T1,indeterminate,indeterminate,mixed,0,sparse,1,0,,,,,,,,,0,1,0,0,phone,T1,test,C,X-T1-CROWD-PHN,"Change the number of people visible in this phone photograph from approximately sparse to approximately empty. Remove people from less-prominent areas of the scene first consistent with the setting. Keep the existing scene composition, lighting, and all non-person elements (vehicles, structures, objects, signage) exactly as they appear. Any people added or kept should match the lighting, scale, and style of the original. Make it look as photorealistic as possible. Don't change any details of the original photo other than the people count.",0,,0,,,,empty,,,,,,,,,,,,,,,,,,,,,,,CROWD,,item_00663_phone_T1_test_C
casia_Au_art_30337,casia,,,384,256,phone_T1_train,phone_train_T1,indeterminate,indeterminate,indeterminate,1,empty,0,0,,,,,,,,,0,1,0,0,phone,T1,train,B,X-T1-WEATHER-PHN,"Change the weather in this phone photograph from the current weather to light snow. Add falling snow and light snow accumulation consistent with light snow. Adjust lighting, sky, and ground appearance to match. Keep all people, vehicles, objects, structures, and signage exactly as they appear in the original image. Make it look as photorealistic as possible. Change as little as possible beyond what the weather change requires. Don't change any details of the original photo other than the weather.",0,,0,,light snow,,,,,,,,,,,,,,,,,,,,,,,,,WEATHER,,item_00497_phone_T1_train_B
casia_Au_art_30348,casia,,,384,256,phone_T1_train,phone_train_T1,midday,clear,daylight,0,empty,0,0,,,,,,,,,1,0,0,0,phone,T1,train,A,X-T1-LIGHTING-PHN,"Change the lighting in this phone photograph from daylight to dim. Adjust color temperature, contrast, and brightness throughout the image. Do not change the time of day or weather. Keep all people, vehicles, objects, structures, and signage exactly as they appear. Make it look as photorealistic as possible. Change as little as possible beyond the lighting. Don't change any details of the original photo other than the lighting.",0,,0,,,dim,,,,,,,,,,,,,,,,,,,,,,,,LIGHTING,,item_00538_phone_T1_train_A
casia_Au_art_30352,casia,,,384,256,phone_T1_train,phone_train_T1,evening,clear,mixed,0,empty,0,1,,,,,,,,,0,1,0,1,phone,T1,train,B,X-T1-WEATHER-PHN,"Change the weather in this phone photograph from clear to overcast. Add an overcast sky with diffuse, soft lighting consistent with overcast. Adjust lighting, sky, and ground appearance to match. Keep all people, vehicles, objects, structures, and signage exactly as they appear in the original image. Make it look as photorealistic as possible. Change as little as possible beyond what the weather change requires. Don't change any details of the original photo other than the weather.",0,,0,,overcast,,,,,,,,,,,,,,,,,,,,,,,,,WEATHER,,item_00557_phone_T1_train_B
casia_Au_art_30364,casia,,,384,256,phone_T1_train,phone_train_T1,midday,clear,daylight,0,sparse,1,0,,,,,,,,,0,1,0,0,phone,T1,train,A,X-T1-LIGHTING-PHN,"Change the lighting in this phone photograph from daylight to LED cool. Adjust color temperature, contrast, and brightness throughout the image. Do not change the time of day or weather. Keep all people, vehicles, objects, structures, and signage exactly as they appear. Make it look as photorealistic as possible. Change as little as possible beyond the lighting. Don't change any details of the original photo other than the lighting.",0,,0,,,LED cool,,,,,,,,,,,,,,,,,,,,,,,,LIGHTING,,item_00550_phone_T1_train_A
casia_Au_art_30421,casia,,,384,256,phone_T2_test_has_visible_damage,phone_test_T2,indeterminate,indeterminate,mixed,1,empty,0,0,,,,,,,,,1,1,0,1,phone,T2,test,B,X-T2-REMOVE-DAMAGE-PHN,"Remove the visible damage at approximately the center of the surface from this phone photograph. Replace the damaged area with a clean, undamaged surface that matches the surrounding material (paint, metal, plastic, fabric, drywall as appropriate). Keep everything else in the photograph exactly as it appears — same lighting, same composition, same other details. Make it look as photorealistic as possible. The surface should appear as if no damage had ever occurred.",0,,0,,,,,the center of the surface,,,,,,,,,,,,,,,,,,,,,,,REMOVE-DAMAGE,item_00708_phone_T2_test_B
casia_Au_art_30433,casia,,,256,384,phone_T1_train,phone_train_T1,midday,clear,daylight,0,empty,0,0,,,,,,,,,0,1,0,0,phone,T1,train,B,X-T1-TIME-PHN,"Shift the time of day in this phone photograph from midday to night. Adjust lighting, shadow direction, sky color, and ambient brightness to match night. Keep all people, vehicles, objects, structures, and signage exactly as they appear in the original image — same positions, same poses, same details. Make it look as photorealistic as possible. Change as little as possible beyond the lighting and time-of-day cues. Don't change any details of the original photo other than what's needed for the time shift.",0,,0,night,,,,,,,,,,,,,,,,,,,,,,,,,,TIME,,item_00524_phone_T1_train_B
casia_Au_art_30443,casia,,,256,384,phone_T1_train,phone_train_T1,indeterminate,indeterminate,dim,1,empty,0,0,,,,,,,,,0,1,0,0,phone,T1,train,A,X-T1-CROWD-PHN,"Change the number of people visible in this phone photograph from approximately empty to approximately sparse. Add additional people consistent with the setting. Keep the existing scene composition, lighting, and all non-person elements (vehicles, structures, objects, signage) exactly as they appear. Any people added or kept should match the lighting, scale, and style of the original. Make it look as photorealistic as possible. Don't change any details of the original photo other than the people count.",0,,0,,,,sparse,,,,,,,,,,,,,,,,,,,,,,,CROWD,,item_00523_phone_T1_train_A
casia_Au_art_30451,casia,,,384,256,phone_T2_train_has_undamaged_surface_target,phone_train_T2,midday,clear,daylight,0,empty,0,1,,,,,,,,,0,1,0,1,phone,T2,train,A,X-T2-ADD-DAMAGE-PHN,"Add visible damage of type scratch to the painted surface at approximately the upper area in this phone photograph. The damage should be consistent with realistic wear or impact — matching the lighting, shadow, and material properties of the surrounding surface. Keep everything else in the photograph exactly as it appears. Make it look as photorealistic as possible. The damage should look organic, as if it had actually occurred.",0,,0,,,,,the upper area,,,,,,,,,,,scratch,painted surface,,,,,,,,,,,ADD-DAMAGE,item_00576_phone_T2_train_A
casia_Au_art_30453,casia,,,256,384,phone_T1_train,phone_train_T1,evening,indeterminate,dim,0,empty,0,1,,,,,,,,,0,1,0,1,phone,T1,train,C,X-T1-LIGHTING-PHN,"Change the lighting in this phone photograph from dim to LED warm. Adjust color temperature, contrast, and brightness throughout the image. Do not change the time of day or weather. Keep all people, vehicles, objects, structures, and signage exactly as they appear. Make it look as photorealistic as possible. Change as little as possible beyond the lighting. Don't change any details of the original photo other than the lighting.",0,,0,,,LED warm,,,,,,,,,,,,,,,,,,,,,,,,LIGHTING,,item_00558_phone_T1_train_C
casia_Au_art_30507,casia,,,256,384,phone_T1_test,phone_test_T1,indeterminate,indeterminate,indeterminate,0,empty,0,0,,,,,,,,,0,1,0,0,phone,T1,test,A,X-T1-LIGHTING-PHN,"Change the lighting in this phone photograph from the current lighting to LED cool. Adjust color temperature, contrast, and brightness throughout the image. Do not change the time of day or weather. Keep all people, vehicles, objects, structures, and signage exactly as they appear. Make it look as photorealistic as possible. Change as little as possible beyond the lighting. Don't change any details of the original photo other than the lighting.",0,,0,,,LED cool,,,,,,,,,,,,,,,,,,,,,,,,LIGHTING,,item_00646_phone_T1_test_A
casia_Au_art_30509,casia,,,256,384,phone_T1_train,phone_train_T1,indeterminate,indeterminate,dim,1,empty,0,0,,,,,,,,,0,1,0,1,phone,T1,train,C,X-T1-CROWD-PHN,"Change the number of people visible in this phone photograph from approximately empty to approximately moderate. Add additional people consistent with the setting. Keep the existing scene composition, lighting, and all non-person elements (vehicles, structures, objects, signage) exactly as they appear. Any people added or kept should match the lighting, scale, and style of the original. Make it look as photorealistic as possible. Don't change any details of the original photo other than the people count.",0,,0,,,,moderate,,,,,,,,,,,,,,,,,,,,,,,CROWD,,item_00483_phone_T1_train_C
casia_Au_art_30510,casia,,,256,384,phone_T1_test,phone_test_T1,midday,clear,daylight,0,empty,0,1,,,,,,,,,0,1,0,1,phone,T1,test,C,X-T1-CROWD-PHN,"Change the number of people visible in this phone photograph from approximately empty to approximately sparse. Add additional people consistent with the setting. Keep the existing scene composition, lighting, and all non-person elements (vehicles, structures, objects, signage) exactly as they appear. Any people added or kept should match the lighting, scale, and style of the original. Make it look as photorealistic as possible. Don't change any details of the original photo other than the people count.",0,,0,,,,sparse,,,,,,,,,,,,,,,,,,,,,,,CROWD,,item_00651_phone_T1_test_C
casia_Au_art_30532,casia,,,256,384,phone_T2_train_has_open_surface_space,phone_train_T2,midday,clear,daylight,0,empty,0,1,,,,,,,,,0,1,0,1,phone,T2,train,B,X-T2-ADD-OBJECT-PHN,"Add a coffee mug to this phone photograph, positioned at approximately the table surface. The object should appear at a scale and perspective consistent with the scene, with lighting and shadow matching the original. Keep everything else in the photograph exactly as it appears. Make it look as photorealistic as possible. The object should look like it has always been in that position.",0,,0,,,,,the table surface,,,,,,,,,,,,,a coffee mug,,,,,,,,,,ADD-OBJECT,item_00596_phone_T2_train_B
casia_Au_art_30539,casia,,,384,256,phone_T1_test,phone_test_T1,dusk,clear,dim,0,sparse,1,1,,,,,,,,,0,1,0,1,phone,T1,test,A,X-T1-CROWD-PHN,"Change the number of people visible in this phone photograph from approximately sparse to approximately moderate. Add additional people consistent with the setting. Keep the existing scene composition, lighting, and all non-person elements (vehicles, structures, objects, signage) exactly as they appear. Any people added or kept should match the lighting, scale, and style of the original. Make it look as photorealistic as possible. Don't change any details of the original photo other than the people count.",0,,0,,,,moderate,,,,,,,,,,,,,,,,,,,,,,,CROWD,,item_00655_phone_T1_test_A
casia_Au_art_30551,casia,,,384,256,phone_T1_train,phone_train_T1,golden_hour,clear,daylight,0,sparse,1,1,,,,,,,,,0,1,0,1,phone,T1,train,A,X-T1-CROWD-PHN,"Change the number of people visible in this phone photograph from approximately sparse to approximately crowded. Add additional people consistent with the setting. Keep the existing scene composition, lighting, and all non-person elements (vehicles, structures, objects, signage) exactly as they appear. Any people added or kept should match the lighting, scale, and style of the original. Make it look as photorealistic as possible. Don't change any details of the original photo other than the people count.",0,,0,,,,crowded,,,,,,,,,,,,,,,,,,,,,,,CROWD,,item_00487_phone_T1_train_A
casia_Au_art_30557,casia,,,384,256,phone_T2_train_has_open_surface_space,phone_train_T2,midday,clear,daylight,0,empty,0,1,,,,,,,,,1,1,0,1,phone,T2,train,C,X-T2-ADD-OBJECT-PHN,"Add a folded receipt to this phone photograph, positioned at approximately the table surface. The object should appear at a scale and perspective consistent with the scene, with lighting and shadow matching the original. Keep everything else in the photograph exactly as it appears. Make it look as photorealistic as possible. The object should look like it has always been in that position.",0,,0,,,,,the table surface,,,,,,,,,,,,,a folded receipt,,,,,,,,,,ADD-OBJECT,item_00582_phone_T2_train_C
casia_Au_art_30559,casia,,,384,256,phone_T2_test_has_visible_damage,phone_test_T2,indeterminate,indeterminate,indeterminate,0,empty,0,0,,,,,,,,,1,0,0,0,phone,T2,test,A,X-T2-REMOVE-DAMAGE-PHN,"Remove the visible damage at approximately the center of the surface from this phone photograph. Replace the damaged area with a clean, undamaged surface that matches the surrounding material (paint, metal, plastic, fabric, drywall as appropriate). Keep everything else in the photograph exactly as it appears — same lighting, same composition, same other details. Make it look as photorealistic as possible. The surface should appear as if no damage had ever occurred.",0,,0,,,,,the center of the surface,,,,,,,,,,,,,,,,,,,,,,,REMOVE-DAMAGE,item_00704_phone_T2_test_A
casia_Au_art_30570,casia,,,256,384,phone_T2_test_has_visible_damage,phone_test_T2,midday,clear,daylight,0,empty,0,1,,,,,,,,,1,1,0,1,phone,T2,test,B,X-T2-REMOVE-DAMAGE-PHN,"Remove the visible damage at approximately the corner of the surface from this phone photograph. Replace the damaged area with a clean, undamaged surface that matches the surrounding material (paint, metal, plastic, fabric, drywall as appropriate). Keep everything else in the photograph exactly as it appears — same lighting, same composition, same other details. Make it look as photorealistic as possible. The surface should appear as if no damage had ever occurred.",0,,0,,,,,the corner of the surface,,,,,,,,,,,,,,,,,,,,,,,REMOVE-DAMAGE,item_00702_phone_T2_test_B
casia_Au_art_30592,casia,,,384,256,phone_T1_train,phone_train_T1,midday,clear,daylight,0,sparse,1,1,,,,,,,,,0,1,0,1,phone,T1,train,B,X-T1-LIGHTING-PHN,"Change the lighting in this phone photograph from daylight to incandescent. Adjust color temperature, contrast, and brightness throughout the image. Do not change the time of day or weather. Keep all people, vehicles, objects, structures, and signage exactly as they appear. Make it look as photorealistic as possible. Change as little as possible beyond the lighting. Don't change any details of the original photo other than the lighting.",0,,0,,,incandescent,,,,,,,,,,,,,,,,,,,,,,,,LIGHTING,,item_00530_phone_T1_train_B
casia_Au_art_30596,casia,,,256,384,phone_T1_test,phone_test_T1,midday,clear,daylight,0,sparse,0,1,,,,,,,,,0,1,0,1,phone,T1,test,B,X-T1-CROWD-PHN,"Change the number of people visible in this phone photograph from approximately sparse to approximately crowded. Add additional people consistent with the setting. Keep the existing scene composition, lighting, and all non-person elements (vehicles, structures, objects, signage) exactly as they appear. Any people added or kept should match the lighting, scale, and style of the original. Make it look as photorealistic as possible. Don't change any details of the original photo other than the people count.",0,,0,,,,crowded,,,,,,,,,,,,,,,,,,,,,,,CROWD,,item_00659_phone_T1_test_B
casia_Au_art_30599,casia,,,256,384,phone_T2_test_has_handheld_object_visible,phone_test_T2,midday,clear,daylight,0,sparse,1,1,,,,,,,,,0,1,1,1,phone,T2,test,B,X-T2-SWAP-OBJECT-PHN,"In this phone photograph, find the cup at approximately the center of the image. Replace it with mug of comparable size, positioned in the same place. Match the lighting, shadow, and perspective of the original. Keep everything else exactly as it appears. Make it look as photorealistic as possible. The substitution should be undetectable.",0,,0,,,,,the center of the image,,,cup,mug,,,,,,,,,,,,,,,,,,,SWAP-OBJECT-PHN,item_00714_phone_T2_test_B
casia_Au_art_30674,casia,,,384,256,phone_T2_train_has_visible_damage,phone_train_T2,indeterminate,indeterminate,dim,1,empty,0,0,,,,,,,,,1,0,0,0,phone,T2,train,A,X-T2-REMOVE-DAMAGE-PHN,"Remove the visible damage at approximately the upper area of the surface from this phone photograph. Replace the damaged area with a clean, undamaged surface that matches the surrounding material (paint, metal, plastic, fabric, drywall as appropriate). Keep everything else in the photograph exactly as it appears — same lighting, same composition, same other details. Make it look as photorealistic as possible. The surface should appear as if no damage had ever occurred.",0,,0,,,,,the upper area of the surface,,,,,,,,,,,,,,,,,,,,,,,REMOVE-DAMAGE,item_00605_phone_T2_train_A
casia_Au_art_30685,casia,,,384,256,phone_T1_train,phone_train_T1,indeterminate,indeterminate,bright,1,empty,0,0,,,,,,,,,0,1,0,1,phone,T1,train,B,X-T1-TIME-PHN,"Shift the time of day in this phone photograph from the current time of day to dusk. Adjust lighting, shadow direction, sky color, and ambient brightness to match dusk. Keep all people, vehicles, objects, structures, and signage exactly as they appear in the original image — same positions, same poses, same details. Make it look as photorealistic as possible. Change as little as possible beyond the lighting and time-of-day cues. Don't change any details of the original photo other than what's needed for the time shift.",0,,0,dusk,,,,,,,,,,,,,,,,,,,,,,,,,,TIME,,item_00500_phone_T1_train_B
casia_Au_ind_00015,casia,,,384,256,phone_T2_train_has_handheld_object_visible,phone_train_T2,indeterminate,indeterminate,mixed,1,sparse,1,0,,,,,,,,,0,1,1,1,phone,T2,train,A,X-T2-SWAP-OBJECT-PHN,"In this phone photograph, find the watch at approximately the visible area. Replace it with bracelet of comparable size, positioned in the same place. Match the lighting, shadow, and perspective of the original. Keep everything else exactly as it appears. Make it look as photorealistic as possible. The substitution should be undetectable.",0,,0,,,,,the visible area,,,watch,bracelet,,,,,,,,,,,,,,,,,,,SWAP-OBJECT-PHN,item_00627_phone_T2_train_A
casia_Au_ind_00021,casia,,,384,256,phone_T2_train_has_handheld_object_visible,phone_train_T2,indeterminate,indeterminate,mixed,1,sparse,1,0,,,,,,,,,0,1,1,1,phone,T2,train,A,X-T2-SWAP-OBJECT-PHN,"In this phone photograph, find the pen at approximately the center of the image. Replace it with marker of comparable size, positioned in the same place. Match the lighting, shadow, and perspective of the original. Keep everything else exactly as it appears. Make it look as photorealistic as possible. The substitution should be undetectable.",0,,0,,,,,the center of the image,,,pen,marker,,,,,,,,,,,,,,,,,,,SWAP-OBJECT-PHN,item_00633_phone_T2_train_A
casia_Au_ind_00025,casia,,,384,256,phone_T1_test,phone_test_T1,indeterminate,indeterminate,mixed,1,moderate,1,0,,,,,,,,,0,1,0,0,phone,T1,test,C,X-T1-LIGHTING-PHN,"Change the lighting in this phone photograph from mixed to LED cool. Adjust color temperature, contrast, and brightness throughout the image. Do not change the time of day or weather. Keep all people, vehicles, objects, structures, and signage exactly as they appear. Make it look as photorealistic as possible. Change as little as possible beyond the lighting. Don't change any details of the original photo other than the lighting.",0,,0,,,LED cool,,,,,,,,,,,,,,,,,,,,,,,,LIGHTING,,item_00678_phone_T1_test_C
casia_Au_ind_00037,casia,,,256,384,phone_T2_test_has_handheld_object_visible,phone_test_T2,indeterminate,indeterminate,mixed,0,sparse,1,0,,,,,,,,,0,1,1,0,phone,T2,test,A,X-T2-SWAP-OBJECT-PHN,"In this phone photograph, find the keys at approximately the center of the image. Replace it with coins of comparable size, positioned in the same place. Match the lighting, shadow, and perspective of the original. Keep everything else exactly as it appears. Make it look as photorealistic as possible. The substitution should be undetectable.",0,,0,,,,,the center of the image,,,keys,coins,,,,,,,,,,,,,,,,,,,SWAP-OBJECT-PHN,item_00716_phone_T2_test_A
casia_Au_ind_00044,casia,,,384,256,phone_T2_test_has_undamaged_surface_target,phone_test_T2,indeterminate,indeterminate,mixed,1,moderate,1,1,,,,,,,,,0,1,0,1,phone,T2,test,A,X-T2-ADD-DAMAGE-PHN,"Add visible damage of type rust spot to the metal surface at approximately the corner in this phone photograph. The damage should be consistent with realistic wear or impact — matching the lighting, shadow, and material properties of the surrounding surface. Keep everything else in the photograph exactly as it appears. Make it look as photorealistic as possible. The damage should look organic, as if it had actually occurred.",0,,0,,,,,the corner,,,,,,,,,,,rust spot,metal surface,,,,,,,,,,,ADD-DAMAGE,item_00683_phone_T2_test_A
casia_Au_ind_00051,casia,,,384,256,phone_T2_train_has_open_surface_space,phone_train_T2,indeterminate,indeterminate,LED_warm,1,empty,0,1,,,,,,,,,0,1,0,1,phone,T2,train,A,X-T2-ADD-OBJECT-PHN,"Add a folded receipt to this phone photograph, positioned at approximately the table surface. The object should appear at a scale and perspective consistent with the scene, with lighting and shadow matching the original. Keep everything else in the photograph exactly as it appears. Make it look as photorealistic as possible. The object should look like it has always been in that position.",0,,0,,,,,the table surface,,,,,,,,,,,,,a folded receipt,,,,,,,,,,ADD-OBJECT,item_00592_phone_T2_train_A
casia_Au_ind_00056,casia,,,384,256,phone_T2_test_has_open_surface_space,phone_test_T2,midday,indeterminate,mixed,1,moderate,1,1,,,,,,,,,0,1,0,1,phone,T2,test,C,X-T2-ADD-OBJECT-PHN,"Add a coffee mug to this phone photograph, positioned at approximately the table surface. The object should appear at a scale and perspective consistent with the scene, with lighting and shadow matching the original. Keep everything else in the photograph exactly as it appears. Make it look as photorealistic as possible. The object should look like it has always been in that position.",0,,0,,,,,the table surface,,,,,,,,,,,,,a coffee mug,,,,,,,,,,ADD-OBJECT,item_00691_phone_T2_test_C
casia_Au_ind_00066,casia,,,256,384,phone_T2_test_has_open_surface_space,phone_test_T2,indeterminate,indeterminate,mixed,1,sparse,1,1,,,,,,,,,0,1,0,1,phone,T2,test,B,X-T2-ADD-OBJECT-PHN,"Add a notebook to this phone photograph, positioned at approximately the table surface. The object should appear at a scale and perspective consistent with the scene, with lighting and shadow matching the original. Keep everything else in the photograph exactly as it appears. Make it look as photorealistic as possible. The object should look like it has always been in that position.",0,,0,,,,,the table surface,,,,,,,,,,,,,a notebook,,,,,,,,,,ADD-OBJECT,item_00699_phone_T2_test_B
casia_Au_ind_00072,casia,,,384,256,phone_T1_test,phone_test_T1,indeterminate,indeterminate,mixed,1,empty,0,1,,,,,,,,,0,1,0,1,phone,T1,test,A,X-T1-TIME-PHN,"Shift the time of day in this phone photograph from the current time of day to night. Adjust lighting, shadow direction, sky color, and ambient brightness to match night. Keep all people, vehicles, objects, structures, and signage exactly as they appear in the original image — same positions, same poses, same details. Make it look as photorealistic as possible. Change as little as possible beyond the lighting and time-of-day cues. Don't change any details of the original photo other than what's needed for the time shift.",0,,0,night,,,,,,,,,,,,,,,,,,,,,,,,,,TIME,,item_00652_phone_T1_test_A
casia_Au_ind_00082,casia,,,384,256,phone_T2_train_has_handheld_object_visible,phone_train_T2,indeterminate,indeterminate,mixed,1,sparse,1,0,,,,,,,,,0,1,1,1,phone,T2,train,A,X-T2-SWAP-OBJECT-PHN,"In this phone photograph, find the keys at approximately the center of the image. Replace it with coins of comparable size, positioned in the same place. Match the lighting, shadow, and perspective of the original. Keep everything else exactly as it appears. Make it look as photorealistic as possible. The substitution should be undetectable.",0,,0,,,,,the center of the image,,,keys,coins,,,,,,,,,,,,,,,,,,,SWAP-OBJECT-PHN,item_00636_phone_T2_train_A
casia_Au_ind_00083,casia,,,384,256,phone_T1_train,phone_train_T1,midday,indeterminate,mixed,1,moderate,1,1,,,,,,,,,0,1,0,1,phone,T1,train,B,X-T1-TIME-PHN,"Shift the time of day in this phone photograph from midday to evening. Adjust lighting, shadow direction, sky color, and ambient brightness to match evening. Keep all people, vehicles, objects, structures, and signage exactly as they appear in the original image — same positions, same poses, same details. Make it look as photorealistic as possible. Change as little as possible beyond the lighting and time-of-day cues. Don't change any details of the original photo other than what's needed for the time shift.",0,,0,evening,,,,,,,,,,,,,,,,,,,,,,,,,,TIME,,item_00488_phone_T1_train_B
casia_Au_ind_10101,casia,,,480,640,phone_T1_test,phone_test_T1,indeterminate,indeterminate,fluorescent,1,empty,0,0,,,,,,,,,0,1,0,0,phone,T1,test,A,X-T1-LIGHTING-PHN,"Change the lighting in this phone photograph from fluorescent to incandescent. Adjust color temperature, contrast, and brightness throughout the image. Do not change the time of day or weather. Keep all people, vehicles, objects, structures, and signage exactly as they appear. Make it look as photorealistic as possible. Change as little as possible beyond the lighting. Don't change any details of the original photo other than the lighting.",0,,0,,,incandescent,,,,,,,,,,,,,,,,,,,,,,,,LIGHTING,,item_00658_phone_T1_test_A
casia_Au_ind_10103,casia,,,384,256,phone_T1_train,phone_train_T1,midday,clear,daylight,0,empty,0,1,,,,,,,,,0,1,0,1,phone,T1,train,A,X-T1-LIGHTING-PHN,"Change the lighting in this phone photograph from daylight to LED warm. Adjust color temperature, contrast, and brightness throughout the image. Do not change the time of day or weather. Keep all people, vehicles, objects, structures, and signage exactly as they appear. Make it look as photorealistic as possible. Change as little as possible beyond the lighting. Don't change any details of the original photo other than the lighting.",0,,0,,,LED warm,,,,,,,,,,,,,,,,,,,,,,,,LIGHTING,,item_00526_phone_T1_train_A
casia_Au_ind_10104,casia,,,384,256,phone_T1_train,phone_train_T1,midday,indeterminate,mixed,1,empty,0,1,,,,,,,,,0,1,0,1,phone,T1,train,B,X-T1-LIGHTING-PHN,"Change the lighting in this phone photograph from mixed to LED cool. Adjust color temperature, contrast, and brightness throughout the image. Do not change the time of day or weather. Keep all people, vehicles, objects, structures, and signage exactly as they appear. Make it look as photorealistic as possible. Change as little as possible beyond the lighting. Don't change any details of the original photo other than the lighting.",0,,0,,,LED cool,,,,,,,,,,,,,,,,,,,,,,,,LIGHTING,,item_00518_phone_T1_train_B
casia_Au_ind_20017,casia,,,534,316,phone_T1_test,phone_test_T1,indeterminate,indeterminate,incandescent,1,empty,0,0,,,,,,,,,0,1,0,1,phone,T1,test,A,X-T1-CROWD-PHN,"Change the number of people visible in this phone photograph from approximately empty to approximately sparse. Add additional people consistent with the setting. Keep the existing scene composition, lighting, and all non-person elements (vehicles, structures, objects, signage) exactly as they appear. Any people added or kept should match the lighting, scale, and style of the original. Make it look as photorealistic as possible. Don't change any details of the original photo other than the people count.",0,,0,,,,sparse,,,,,,,,,,,,,,,,,,,,,,,CROWD,,item_00667_phone_T1_test_A
casia_Au_ind_20049,casia,,,450,338,phone_T2_test_has_open_surface_space,phone_test_T2,evening,indeterminate,LED_warm,1,empty,0,1,,,,,,,,,0,1,0,1,phone,T2,test,A,X-T2-ADD-OBJECT-PHN,"Add a set of keys to this phone photograph, positioned at approximately the table surface. The object should appear at a scale and perspective consistent with the scene, with lighting and shadow matching the original. Keep everything else in the photograph exactly as it appears. Make it look as photorealistic as possible. The object should look like it has always been in that position.",0,,0,,,,,the table surface,,,,,,,,,,,,,a set of keys,,,,,,,,,,ADD-OBJECT,item_00695_phone_T2_test_A
casia_Au_ind_20059,casia,,,320,438,phone_T1_test,phone_test_T1,midday,indeterminate,daylight,1,empty,0,1,,,,,,,,,0,1,0,1,phone,T1,test,A,X-T1-TIME-PHN,"Shift the time of day in this phone photograph from midday to dusk. Adjust lighting, shadow direction, sky color, and ambient brightness to match dusk. Keep all people, vehicles, objects, structures, and signage exactly as they appear in the original image — same positions, same poses, same details. Make it look as photorealistic as possible. Change as little as possible beyond the lighting and time-of-day cues. Don't change any details of the original photo other than what's needed for the time shift.",0,,0,dusk,,,,,,,,,,,,,,,,,,,,,,,,,,TIME,,item_00676_phone_T1_test_A
casia_Au_ind_30032,casia,,,384,256,phone_T1_test,phone_test_T1,indeterminate,indeterminate,mixed,1,moderate,1,1,,,,,,,,,0,1,0,1,phone,T1,test,A,X-T1-TIME-PHN,"Shift the time of day in this phone photograph from the current time of day to golden hour. Adjust lighting, shadow direction, sky color, and ambient brightness to match golden hour. Keep all people, vehicles, objects, structures, and signage exactly as they appear in the original image — same positions, same poses, same details. Make it look as photorealistic as possible. Change as little as possible beyond the lighting and time-of-day cues. Don't change any details of the original photo other than what's needed for the time shift.",0,,0,golden hour,,,,,,,,,,,,,,,,,,,,,,,,,,TIME,,item_00640_phone_T1_test_A
casia_Au_ind_30049,casia,,,384,256,phone_T2_train_has_undamaged_surface_target,phone_train_T2,indeterminate,indeterminate,mixed,1,empty,0,1,,,,,,,,,0,1,0,1,phone,T2,train,C,X-T2-ADD-DAMAGE-PHN,"Add visible damage of type crack to the glass or smooth surface at approximately the visible edge in this phone photograph. The damage should be consistent with realistic wear or impact — matching the lighting, shadow, and material properties of the surrounding surface. Keep everything else in the photograph exactly as it appears. Make it look as photorealistic as possible. The damage should look organic, as if it had actually occurred.",0,,0,,,,,the visible edge,,,,,,,,,,,crack,glass or smooth surface,,,,,,,,,,,ADD-DAMAGE,item_00572_phone_T2_train_C
casia_Au_ind_30052,casia,,,384,256,phone_T2_train_has_handheld_object_visible,phone_train_T2,indeterminate,indeterminate,mixed,1,moderate,1,0,,,,,,,,,0,1,1,0,phone,T2,train,A,X-T2-SWAP-OBJECT-PHN,"In this phone photograph, find the phone at approximately the center of the image. Replace it with wallet of comparable size, positioned in the same place. Match the lighting, shadow, and perspective of the original. Keep everything else exactly as it appears. Make it look as photorealistic as possible. The substitution should be undetectable.",0,,0,,,,,the center of the image,,,phone,wallet,,,,,,,,,,,,,,,,,,,SWAP-OBJECT-PHN,item_00630_phone_T2_train_A
casia_Au_ind_30061,casia,,,256,384,phone_T2_train_has_open_surface_space,phone_train_T2,indeterminate,indeterminate,mixed,1,empty,0,1,,,,,,,,,0,1,0,1,phone,T2,train,A,X-T2-ADD-OBJECT-PHN,"Add a set of keys to this phone photograph, positioned at approximately the table surface. The object should appear at a scale and perspective consistent with the scene, with lighting and shadow matching the original. Keep everything else in the photograph exactly as it appears. Make it look as photorealistic as possible. The object should look like it has always been in that position.",0,,0,,,,,the table surface,,,,,,,,,,,,,a set of keys,,,,,,,,,,ADD-OBJECT,item_00580_phone_T2_train_A
casia_Au_ind_30065,casia,,,256,384,phone_T1_train,phone_train_T1,indeterminate,indeterminate,mixed,1,sparse,1,1,,,,,,,,,0,1,0,1,phone,T1,train,A,X-T1-TIME-PHN,"Shift the time of day in this phone photograph from the current time of day to dusk. Adjust lighting, shadow direction, sky color, and ambient brightness to match dusk. Keep all people, vehicles, objects, structures, and signage exactly as they appear in the original image — same positions, same poses, same details. Make it look as photorealistic as possible. Change as little as possible beyond the lighting and time-of-day cues. Don't change any details of the original photo other than what's needed for the time shift.",0,,0,dusk,,,,,,,,,,,,,,,,,,,,,,,,,,TIME,,item_00532_phone_T1_train_A
casia_Au_ind_30082,casia,,,256,384,phone_T1_test,phone_test_T1,indeterminate,indeterminate,mixed,1,sparse,1,1,,,,,,,,,0,1,0,1,phone,T1,test,B,X-T1-WEATHER-PHN,"Change the weather in this phone photograph from the current weather to light snow. Add falling snow and light snow accumulation consistent with light snow. Adjust lighting, sky, and ground appearance to match. Keep all people, vehicles, objects, structures, and signage exactly as they appear in the original image. Make it look as photorealistic as possible. Change as little as possible beyond what the weather change requires. Don't change any details of the original photo other than the weather.",0,,0,,light snow,,,,,,,,,,,,,,,,,,,,,,,,,WEATHER,,item_00641_phone_T1_test_B
casia_Au_ind_30090,casia,,,256,384,phone_T1_train,phone_train_T1,indeterminate,indeterminate,dim,1,sparse,0,0,,,,,,,,,0,0,0,0,phone,T1,train,B,X-T1-CROWD-PHN,"Change the number of people visible in this phone photograph from approximately sparse to approximately empty. Remove people from less-prominent areas of the scene first consistent with the setting. Keep the existing scene composition, lighting, and all non-person elements (vehicles, structures, objects, signage) exactly as they appear. Any people added or kept should match the lighting, scale, and style of the original. Make it look as photorealistic as possible. Don't change any details of the original photo other than the people count.",0,,0,,,,empty,,,,,,,,,,,,,,,,,,,,,,,CROWD,,item_00491_phone_T1_train_B
casia_Au_ind_30098,casia,,,384,256,phone_T1_train,phone_train_T1,indeterminate,indeterminate,mixed,1,sparse,1,1,,,,,,,,,0,0,0,1,phone,T1,train,C,X-T1-TIME-PHN,"Shift the time of day in this phone photograph from the current time of day to golden hour. Adjust lighting, shadow direction, sky color, and ambient brightness to match golden hour. Keep all people, vehicles, objects, structures, and signage exactly as they appear in the original image — same positions, same poses, same details. Make it look as photorealistic as possible. Change as little as possible beyond the lighting and time-of-day cues. Don't change any details of the original photo other than what's needed for the time shift.",0,,0,golden hour,,,,,,,,,,,,,,,,,,,,,,,,,,TIME,,item_00528_phone_T1_train_C
casia_Au_ind_30100,casia,,,256,384,phone_T1_test,phone_test_T1,indeterminate,indeterminate,dim,1,sparse,1,0,,,,,,,,,0,0,0,0,phone,T1,test,C,X-T1-TIME-PHN,"Shift the time of day in this phone photograph from the current time of day to evening. Adjust lighting, shadow direction, sky color, and ambient brightness to match evening. Keep all people, vehicles, objects, structures, and signage exactly as they appear in the original image — same positions, same poses, same details. Make it look as photorealistic as possible. Change as little as possible beyond the lighting and time-of-day cues. Don't change any details of the original photo other than what's needed for the time shift.",0,,0,evening,,,,,,,,,,,,,,,,,,,,,,,,,,TIME,,item_00648_phone_T1_test_C
casia_Au_ind_30137,casia,,,256,384,phone_T1_test,phone_test_T1,indeterminate,indeterminate,LED_warm,1,empty,0,0,,,,,,,,,0,1,0,0,phone,T1,test,B,X-T1-LIGHTING-PHN,"Change the lighting in this phone photograph from LED warm to incandescent. Adjust color temperature, contrast, and brightness throughout the image. Do not change the time of day or weather. Keep all people, vehicles, objects, structures, and signage exactly as they appear. Make it look as photorealistic as possible. Change as little as possible beyond the lighting. Don't change any details of the original photo other than the lighting.",0,,0,,,incandescent,,,,,,,,,,,,,,,,,,,,,,,,LIGHTING,,item_00674_phone_T1_test_B
casia_Au_ind_30142,casia,,,384,256,phone_T1_test,phone_test_T1,indeterminate,indeterminate,incandescent,1,empty,0,0,,,,,,,,,0,1,0,0,phone,T1,test,A,X-T1-CROWD-PHN,"Change the number of people visible in this phone photograph from approximately empty to approximately sparse. Add additional people consistent with the setting. Keep the existing scene composition, lighting, and all non-person elements (vehicles, structures, objects, signage) exactly as they appear. Any people added or kept should match the lighting, scale, and style of the original. Make it look as photorealistic as possible. Don't change any details of the original photo other than the people count.",0,,0,,,,sparse,,,,,,,,,,,,,,,,,,,,,,,CROWD,,item_00679_phone_T1_test_A
casia_Au_ind_30148,casia,,,384,256,phone_T2_test_has_undamaged_surface_target,phone_test_T2,indeterminate,indeterminate,mixed,1,sparse,0,0,,,,,,,,,0,1,0,0,phone,T2,test,A,X-T2-ADD-DAMAGE-PHN,"Add visible damage of type scratch to the painted surface at approximately the upper area in this phone photograph. The damage should be consistent with realistic wear or impact — matching the lighting, shadow, and material properties of the surrounding surface. Keep everything else in the photograph exactly as it appears. Make it look as photorealistic as possible. The damage should look organic, as if it had actually occurred.",0,,0,,,,,the upper area,,,,,,,,,,,scratch,painted surface,,,,,,,,,,,ADD-DAMAGE,item_00686_phone_T2_test_A
casia_Au_ind_30162,casia,,,384,256,phone_T1_train,phone_train_T1,indeterminate,indeterminate,mixed,1,sparse,1,0,,,,,,,,,0,1,0,1,phone,T1,train,B,X-T1-WEATHER-PHN,"Change the weather in this phone photograph from the current weather to overcast. Add an overcast sky with diffuse, soft lighting consistent with overcast. Adjust lighting, sky, and ground appearance to match. Keep all people, vehicles, objects, structures, and signage exactly as they appear in the original image. Make it look as photorealistic as possible. Change as little as possible beyond what the weather change requires. Don't change any details of the original photo other than the weather.",0,,0,,overcast,,,,,,,,,,,,,,,,,,,,,,,,,WEATHER,,item_00509_phone_T1_train_B
casia_Au_sec_00007,casia,,,384,256,phone_T2_train_has_handheld_object_visible,phone_train_T2,evening,indeterminate,mixed,0,moderate,1,1,,,,,,,,,0,1,1,1,phone,T2,train,C,X-T2-SWAP-OBJECT-PHN,"In this phone photograph, find the phone at approximately the center of the image. Replace it with wallet of comparable size, positioned in the same place. Match the lighting, shadow, and perspective of the original. Keep everything else exactly as it appears. Make it look as photorealistic as possible. The substitution should be undetectable.",0,,0,,,,,the center of the image,,,phone,wallet,,,,,,,,,,,,,,,,,,,SWAP-OBJECT-PHN,item_00635_phone_T2_train_C
casia_Au_sec_00037,casia,,,256,384,phone_T1_train,phone_train_T1,midday,clear,daylight,0,sparse,1,1,,,,,,,,,0,1,0,1,phone,T1,train,B,X-T1-TIME-PHN,"Shift the time of day in this phone photograph from midday to golden hour. Adjust lighting, shadow direction, sky color, and ambient brightness to match golden hour. Keep all people, vehicles, objects, structures, and signage exactly as they appear in the original image — same positions, same poses, same details. Make it look as photorealistic as possible. Change as little as possible beyond the lighting and time-of-day cues. Don't change any details of the original photo other than what's needed for the time shift.",0,,0,golden hour,,,,,,,,,,,,,,,,,,,,,,,,,,TIME,,item_00512_phone_T1_train_B
casia_Au_sec_00059,casia,,,384,256,phone_T2_test_has_undamaged_surface_target,phone_test_T2,midday,overcast,daylight,0,sparse,1,1,,,,,,,,,0,1,0,1,phone,T2,test,B,X-T2-ADD-DAMAGE-PHN,"Add visible damage of type scratch to the painted surface at approximately the upper area in this phone photograph. The damage should be consistent with realistic wear or impact — matching the lighting, shadow, and material properties of the surrounding surface. Keep everything else in the photograph exactly as it appears. Make it look as photorealistic as possible. The damage should look organic, as if it had actually occurred.",0,,0,,,,,the upper area,,,,,,,,,,,scratch,painted surface,,,,,,,,,,,ADD-DAMAGE,item_00681_phone_T2_test_B
casia_Au_sec_00060,casia,,,384,256,phone_T2_test_has_handheld_object_visible,phone_test_T2,midday,clear,daylight,0,sparse,1,1,,,,,,,,,1,1,1,1,phone,T2,test,C,X-T2-SWAP-OBJECT-PHN,"In this phone photograph, find the phone at approximately the center of the image. Replace it with wallet of comparable size, positioned in the same place. Match the lighting, shadow, and perspective of the original. Keep everything else exactly as it appears. Make it look as photorealistic as possible. The substitution should be undetectable.",0,,0,,,,,the center of the image,,,phone,wallet,,,,,,,,,,,,,,,,,,,SWAP-OBJECT-PHN,item_00715_phone_T2_test_C
casia_Au_sec_00068,casia,,,384,256,phone_T1_test,phone_test_T1,indeterminate,indeterminate,mixed,1,sparse,1,1,,,,,,,,,0,1,0,1,phone,T1,test,C,X-T1-LIGHTING-PHN,"Change the lighting in this phone photograph from mixed to LED warm. Adjust color temperature, contrast, and brightness throughout the image. Do not change the time of day or weather. Keep all people, vehicles, objects, structures, and signage exactly as they appear. Make it look as photorealistic as possible. Change as little as possible beyond the lighting. Don't change any details of the original photo other than the lighting.",0,,0,,,LED warm,,,,,,,,,,,,,,,,,,,,,,,,LIGHTING,,item_00654_phone_T1_test_C
casia_Au_sec_00077,casia,,,384,256,phone_T1_train,phone_train_T1,indeterminate,indeterminate,mixed,1,empty,0,0,,,,,,,,,0,1,0,1,phone,T1,train,A,X-T1-CROWD-PHN,"Change the number of people visible in this phone photograph from approximately empty to approximately sparse. Add additional people consistent with the setting. Keep the existing scene composition, lighting, and all non-person elements (vehicles, structures, objects, signage) exactly as they appear. Any people added or kept should match the lighting, scale, and style of the original. Make it look as photorealistic as possible. Don't change any details of the original photo other than the people count.",0,,0,,,,sparse,,,,,,,,,,,,,,,,,,,,,,,CROWD,,item_00547_phone_T1_train_A
casia_Au_sec_00078,casia,,,384,256,phone_T1_train,phone_train_T1,indeterminate,indeterminate,LED_cool,1,sparse,0,1,,,,,,,,,0,1,0,1,phone,T1,train,B,X-T1-WEATHER-PHN,"Change the weather in this phone photograph from the current weather to light snow. Add falling snow and light snow accumulation consistent with light snow. Adjust lighting, sky, and ground appearance to match. Keep all people, vehicles, objects, structures, and signage exactly as they appear in the original image. Make it look as photorealistic as possible. Change as little as possible beyond what the weather change requires. Don't change any details of the original photo other than the weather.",0,,0,,light snow,,,,,,,,,,,,,,,,,,,,,,,,,WEATHER,,item_00545_phone_T1_train_B
casia_Au_sec_10103,casia,,,240,160,phone_T2_test_has_handheld_object_visible,phone_test_T2,indeterminate,indeterminate,mixed,1,sparse,1,0,,,,,,,,,0,1,1,0,phone,T2,test,B,X-T2-SWAP-OBJECT-PHN,"In this phone photograph, find the keys at approximately the center of the image. Replace it with coins of comparable size, positioned in the same place. Match the lighting, shadow, and perspective of the original. Keep everything else exactly as it appears. Make it look as photorealistic as possible. The substitution should be undetectable.",0,,0,,,,,the center of the image,,,keys,coins,,,,,,,,,,,,,,,,,,,SWAP-OBJECT-PHN,item_00711_phone_T2_test_B
casia_Au_sec_20007,casia,,,800,507,phone_T2_test_has_open_surface_space,phone_test_T2,midday,clear,daylight,0,sparse,1,1,,,,,,,,,0,1,0,1,phone,T2,test,B,X-T2-ADD-OBJECT-PHN,"Add a small package to this phone photograph, positioned at approximately the available space. The object should appear at a scale and perspective consistent with the scene, with lighting and shadow matching the original. Keep everything else in the photograph exactly as it appears. Make it look as photorealistic as possible. The object should look like it has always been in that position.",0,,0,,,,,the available space,,,,,,,,,,,,,a small package,,,,,,,,,,ADD-OBJECT,item_00693_phone_T2_test_B
casia_Au_sec_20021,casia,,,550,317,phone_T2_test_has_open_surface_space,phone_test_T2,golden_hour,overcast,daylight,0,empty,0,1,,,,,,,,,0,1,0,1,phone,T2,test,C,X-T2-ADD-OBJECT-PHN,"Add a notebook to this phone photograph, positioned at approximately the table surface. The object should appear at a scale and perspective consistent with the scene, with lighting and shadow matching the original. Keep everything else in the photograph exactly as it appears. Make it look as photorealistic as possible. The object should look like it has always been in that position.",0,,0,,,,,the table surface,,,,,,,,,,,,,a notebook,,,,,,,,,,ADD-OBJECT,item_00694_phone_T2_test_C
casia_Au_sec_20028,casia,,,550,281,phone_T1_test,phone_test_T1,dusk,clear,daylight,0,moderate,0,1,,,,,,,,,0,1,0,1,phone,T1,test,C,X-T1-LIGHTING-PHN,"Change the lighting in this phone photograph from daylight to dim. Adjust color temperature, contrast, and brightness throughout the image. Do not change the time of day or weather. Keep all people, vehicles, objects, structures, and signage exactly as they appear. Make it look as photorealistic as possible. Change as little as possible beyond the lighting. Don't change any details of the original photo other than the lighting.",0,,0,,,dim,,,,,,,,,,,,,,,,,,,,,,,,LIGHTING,,item_00666_phone_T1_test_C
casia_Au_sec_20046,casia,,,550,318,phone_T2_test_has_visible_damage,phone_test_T2,midday,clear,daylight,0,moderate,1,1,,,,,,,,,1,1,1,1,phone,T2,test,C,X-T2-REMOVE-DAMAGE-PHN,"Remove the visible damage at approximately the upper area of the surface from this phone photograph. Replace the damaged area with a clean, undamaged surface that matches the surrounding material (paint, metal, plastic, fabric, drywall as appropriate). Keep everything else in the photograph exactly as it appears — same lighting, same composition, same other details. Make it look as photorealistic as possible. The surface should appear as if no damage had ever occurred.",0,,0,,,,,the upper area of the surface,,,,,,,,,,,,,,,,,,,,,,,REMOVE-DAMAGE,item_00709_phone_T2_test_C
casia_Au_sec_30003,casia,,,384,256,phone_T1_test,phone_test_T1,midday,clear,daylight,0,sparse,1,1,,,,,,,,,1,1,0,1,phone,T1,test,B,X-T1-CROWD-PHN,"Change the number of people visible in this phone photograph from approximately sparse to approximately moderate. Add additional people consistent with the setting. Keep the existing scene composition, lighting, and all non-person elements (vehicles, structures, objects, signage) exactly as they appear. Any people added or kept should match the lighting, scale, and style of the original. Make it look as photorealistic as possible. Don't change any details of the original photo other than the people count.",0,,0,,,,moderate,,,,,,,,,,,,,,,,,,,,,,,CROWD,,item_00671_phone_T1_test_B
casia_Au_sec_30048,casia,,,384,256,phone_T2_test_has_undamaged_surface_target,phone_test_T2,midday,clear,daylight,0,empty,0,1,,,,,,,,,0,1,0,1,phone,T2,test,B,X-T2-ADD-DAMAGE-PHN,"Add visible damage of type crack to the glass or smooth surface at approximately the visible edge in this phone photograph. The damage should be consistent with realistic wear or impact — matching the lighting, shadow, and material properties of the surrounding surface. Keep everything else in the photograph exactly as it appears. Make it look as photorealistic as possible. The damage should look organic, as if it had actually occurred.",0,,0,,,,,the visible edge,,,,,,,,,,,crack,glass or smooth surface,,,,,,,,,,,ADD-DAMAGE,item_00687_phone_T2_test_B
casia_Au_sec_30063,casia,,,384,256,phone_T2_train_has_undamaged_surface_target,phone_train_T2,midday,clear,daylight,0,sparse,1,1,,,,,,,,,0,1,0,1,phone,T2,train,ChatGPT,X-T2-ADD-DAMAGE-PHN,"Add visible damage of type scratch to the painted surface at approximately the upper area in this phone photograph. The damage should be consistent with realistic wear or impact — matching the lighting, shadow, and material properties of the surrounding surface. Keep everything else in the photograph exactly as it appears. Make it look as photorealistic as possible. The damage should look organic, as if it had actually occurred.",0,,1,,,,,the upper area,,,,,,,,,,,scratch,painted surface,,,,,,,,,,,ADD-DAMAGE,item_00561_phone_T2_hero_ChatGPT
casia_Au_sec_30068,casia,,,256,384,phone_T1_test,phone_test_T1,midday,clear,daylight,0,sparse,1,1,,,,,,,,,0,1,0,1,phone,T1,test,A,X-T1-CROWD-PHN,"Change the number of people visible in this phone photograph from approximately sparse to approximately moderate. Add additional people consistent with the setting. Keep the existing scene composition, lighting, and all non-person elements (vehicles, structures, objects, signage) exactly as they appear. Any people added or kept should match the lighting, scale, and style of the original. Make it look as photorealistic as possible. Don't change any details of the original photo other than the people count.",0,,0,,,,moderate,,,,,,,,,,,,,,,,,,,,,,,CROWD,,item_00643_phone_T1_test_A
casia_Au_sec_30078,casia,,,256,384,phone_T1_train,phone_train_T1,evening,clear,mixed,0,empty,0,0,,,,,,,,,0,1,0,0,phone,T1,train,C,X-T1-WEATHER-PHN,"Change the weather in this phone photograph from clear to light rain. Add scattered raindrops and slightly wet surfaces consistent with light rain. Adjust lighting, sky, and ground appearance to match. Keep all people, vehicles, objects, structures, and signage exactly as they appear in the original image. Make it look as photorealistic as possible. Change as little as possible beyond what the weather change requires. Don't change any details of the original photo other than the weather.",0,,0,,light rain,,,,,,,,,,,,,,,,,,,,,,,,,WEATHER,,item_00549_phone_T1_train_C
casia_Au_sec_30082,casia,,,384,256,phone_T1_train,phone_train_T1,midday,clear,daylight,0,sparse,0,1,,,,,,,,,0,1,0,1,phone,T1,train,C,X-T1-WEATHER-PHN,"Change the weather in this phone photograph from clear to overcast. Add an overcast sky with diffuse, soft lighting consistent with overcast. Adjust lighting, sky, and ground appearance to match. Keep all people, vehicles, objects, structures, and signage exactly as they appear in the original image. Make it look as photorealistic as possible. Change as little as possible beyond what the weather change requires. Don't change any details of the original photo other than the weather.",0,,0,,overcast,,,,,,,,,,,,,,,,,,,,,,,,,WEATHER,,item_00525_phone_T1_train_C
casia_Au_sec_30083,casia,,,256,384,phone_T2_train_has_open_surface_space,phone_train_T2,midday,clear,daylight,0,sparse,1,1,,,,,,,,,0,1,0,1,phone,T2,train,B,X-T2-ADD-OBJECT-PHN,"Add a folded receipt to this phone photograph, positioned at approximately the table surface. The object should appear at a scale and perspective consistent with the scene, with lighting and shadow matching the original. Keep everything else in the photograph exactly as it appears. Make it look as photorealistic as possible. The object should look like it has always been in that position.",0,,0,,,,,the table surface,,,,,,,,,,,,,a folded receipt,,,,,,,,,,ADD-OBJECT,item_00587_phone_T2_train_B
casia_Au_sec_30094,casia,,,384,256,phone_T1_train,phone_train_T1,midday,overcast,daylight,0,empty,0,1,,,,,,,,,0,1,0,1,phone,T1,train,C,X-T1-WEATHER-PHN,"Change the weather in this phone photograph from overcast to fog. Add ground-level fog and reduced visibility consistent with fog. Adjust lighting, sky, and ground appearance to match. Keep all people, vehicles, objects, structures, and signage exactly as they appear in the original image. Make it look as photorealistic as possible. Change as little as possible beyond what the weather change requires. Don't change any details of the original photo other than the weather.",0,,0,,fog,,,,,,,,,,,,,,,,,,,,,,,,,WEATHER,,item_00489_phone_T1_train_C
casia_Au_sec_30100,casia,,,384,256,phone_T1_train,phone_train_T1,evening,clear,mixed,0,sparse,1,0,,,,,,,,,1,0,0,0,phone,T1,train,A,X-T1-WEATHER-PHN,"Change the weather in this phone photograph from clear to light snow. Add falling snow and light snow accumulation consistent with light snow. Adjust lighting, sky, and ground appearance to match. Keep all people, vehicles, objects, structures, and signage exactly as they appear in the original image. Make it look as photorealistic as possible. Change as little as possible beyond what the weather change requires. Don't change any details of the original photo other than the weather.",0,,0,,light snow,,,,,,,,,,,,,,,,,,,,,,,,,WEATHER,,item_00481_phone_T1_train_A
casia_Au_sec_30112,casia,,,384,256,phone_T2_train_has_handheld_object_visible,phone_train_T2,midday,clear,daylight,0,crowded,1,1,,,,,,,,,0,1,1,1,phone,T2,train,A,X-T2-SWAP-OBJECT-PHN,"In this phone photograph, find the cup at approximately the center of the image. Replace it with mug of comparable size, positioned in the same place. Match the lighting, shadow, and perspective of the original. Keep everything else exactly as it appears. Make it look as photorealistic as possible. The substitution should be undetectable.",0,,0,,,,,the center of the image,,,cup,mug,,,,,,,,,,,,,,,,,,,SWAP-OBJECT-PHN,item_00639_phone_T2_train_A
casia_Au_sec_30114,casia,,,384,256,phone_T1_train,phone_train_T1,midday,clear,daylight,0,crowded,1,0,,,,,,,,,0,0,0,0,phone,T1,train,A,X-T1-CROWD-PHN,"Change the number of people visible in this phone photograph from approximately crowded to approximately sparse. Remove people from less-prominent areas of the scene first consistent with the setting. Keep the existing scene composition, lighting, and all non-person elements (vehicles, structures, objects, signage) exactly as they appear. Any people added or kept should match the lighting, scale, and style of the original. Make it look as photorealistic as possible. Don't change any details of the original photo other than the people count.",0,,0,,,,sparse,,,,,,,,,,,,,,,,,,,,,,,CROWD,,item_00511_phone_T1_train_A
casia_Au_sec_30117,casia,,,384,256,phone_T1_test,phone_test_T1,indeterminate,indeterminate,indeterminate,1,sparse,1,1,,,,,,,,,0,1,0,1,phone,T1,test,C,X-T1-WEATHER-PHN,"Change the weather in this phone photograph from the current weather to light rain. Add scattered raindrops and slightly wet surfaces consistent with light rain. Adjust lighting, sky, and ground appearance to match. Keep all people, vehicles, objects, structures, and signage exactly as they appear in the original image. Make it look as photorealistic as possible. Change as little as possible beyond what the weather change requires. Don't change any details of the original photo other than the weather.",0,,0,,light rain,,,,,,,,,,,,,,,,,,,,,,,,,WEATHER,,item_00645_phone_T1_test_C
casia_Au_sec_30183,casia,,,384,256,phone_T1_train,phone_train_T1,midday,clear,daylight,0,sparse,0,1,,,,,,,,,0,1,0,1,phone,T1,train,C,X-T1-LIGHTING-PHN,"Change the lighting in this phone photograph from daylight to LED cool. Adjust color temperature, contrast, and brightness throughout the image. Do not change the time of day or weather. Keep all people, vehicles, objects, structures, and signage exactly as they appear. Make it look as photorealistic as possible. Change as little as possible beyond the lighting. Don't change any details of the original photo other than the lighting.",0,,0,,,LED cool,,,,,,,,,,,,,,,,,,,,,,,,LIGHTING,,item_00534_phone_T1_train_C
casia_Au_sec_30191,casia,,,256,384,phone_T2_test_has_open_surface_space,phone_test_T2,midday,clear,daylight,0,moderate,1,1,,,,,,,,,0,1,0,1,phone,T2,test,B,X-T2-ADD-OBJECT-PHN,"Add a coffee mug to this phone photograph, positioned at approximately the table surface. The object should appear at a scale and perspective consistent with the scene, with lighting and shadow matching the original. Keep everything else in the photograph exactly as it appears. Make it look as photorealistic as possible. The object should look like it has always been in that position.",0,,0,,,,,the table surface,,,,,,,,,,,,,a coffee mug,,,,,,,,,,ADD-OBJECT,item_00696_phone_T2_test_B
casia_Au_sec_30201,casia,,,384,256,phone_T2_test_has_handheld_object_visible,phone_test_T2,midday,indeterminate,mixed,0,crowded,1,0,,,,,,,,,0,1,1,0,phone,T2,test,B,X-T2-SWAP-OBJECT-PHN,"In this phone photograph, find the watch at approximately the visible area. Replace it with bracelet of comparable size, positioned in the same place. Match the lighting, shadow, and perspective of the original. Keep everything else exactly as it appears. Make it look as photorealistic as possible. The substitution should be undetectable.",0,,0,,,,,the visible area,,,watch,bracelet,,,,,,,,,,,,,,,,,,,SWAP-OBJECT-PHN,item_00717_phone_T2_test_B
casia_Au_sec_30206,casia,,,384,256,phone_T1_train,phone_train_T1,midday,overcast,daylight,0,sparse,1,1,,,,,,,,,0,1,0,1,phone,T1,train,C,X-T1-WEATHER-PHN,"Change the weather in this phone photograph from overcast to light snow. Add falling snow and light snow accumulation consistent with light snow. Adjust lighting, sky, and ground appearance to match. Keep all people, vehicles, objects, structures, and signage exactly as they appear in the original image. Make it look as photorealistic as possible. Change as little as possible beyond what the weather change requires. Don't change any details of the original photo other than the weather.",0,,0,,light snow,,,,,,,,,,,,,,,,,,,,,,,,,WEATHER,,item_00513_phone_T1_train_C
casia_Au_sec_30207,casia,,,384,256,phone_T2_test_has_handheld_object_visible,phone_test_T2,midday,clear,daylight,0,sparse,1,1,,,,,,,,,0,1,1,1,phone,T2,test,C,X-T2-SWAP-OBJECT-PHN,"In this phone photograph, find the pen at approximately the center of the image. Replace it with marker of comparable size, positioned in the same place. Match the lighting, shadow, and perspective of the original. Keep everything else exactly as it appears. Make it look as photorealistic as possible. The substitution should be undetectable.",0,,0,,,,,the center of the image,,,pen,marker,,,,,,,,,,,,,,,,,,,SWAP-OBJECT-PHN,item_00718_phone_T2_test_C
casia_Au_sec_30222,casia,,,384,256,phone_T2_train_has_visible_damage,phone_train_T2,evening,clear,daylight,0,sparse,1,1,,,,,,,,,1,1,0,1,phone,T2,train,C,X-T2-REMOVE-DAMAGE-PHN,"Remove the visible damage at approximately the upper area of the surface from this phone photograph. Replace the damaged area with a clean, undamaged surface that matches the surrounding material (paint, metal, plastic, fabric, drywall as appropriate). Keep everything else in the photograph exactly as it appears — same lighting, same composition, same other details. Make it look as photorealistic as possible. The surface should appear as if no damage had ever occurred.",0,,0,,,,,the upper area of the surface,,,,,,,,,,,,,,,,,,,,,,,REMOVE-DAMAGE,item_00601_phone_T2_train_C
casia_Au_sec_30228,casia,,,384,256,phone_T1_train,phone_train_T1,midday,clear,daylight,0,moderate,1,1,,,,,,,,,0,1,0,1,phone,T1,train,C,X-T1-CROWD-PHN,"Change the number of people visible in this phone photograph from approximately moderate to approximately crowded. Add additional people consistent with the setting. Keep the existing scene composition, lighting, and all non-person elements (vehicles, structures, objects, signage) exactly as they appear. Any people added or kept should match the lighting, scale, and style of the original. Make it look as photorealistic as possible. Don't change any details of the original photo other than the people count.",0,,0,,,,crowded,,,,,,,,,,,,,,,,,,,,,,,CROWD,,item_00543_phone_T1_train_C
casia_Au_sec_30235,casia,,,384,256,phone_T2_train_has_open_surface_space,phone_train_T2,midday,overcast,daylight,0,empty,0,1,,,,,,,,,0,1,0,1,phone,T2,train,A,X-T2-ADD-OBJECT-PHN,"Add a small package to this phone photograph, positioned at approximately the available space. The object should appear at a scale and perspective consistent with the scene, with lighting and shadow matching the original. Keep everything else in the photograph exactly as it appears. Make it look as photorealistic as possible. The object should look like it has always been in that position.",0,,0,,,,,the available space,,,,,,,,,,,,,a small package,,,,,,,,,,ADD-OBJECT,item_00583_phone_T2_train_A
casia_Au_sec_30237,casia,,,384,256,phone_T2_train_has_handheld_object_visible,phone_train_T2,midday,clear,daylight,0,moderate,1,1,,,,,,,,,0,1,1,1,phone,T2,train,C,X-T2-SWAP-OBJECT-PHN,"In this phone photograph, find the watch at approximately the visible area. Replace it with bracelet of comparable size, positioned in the same place. Match the lighting, shadow, and perspective of the original. Keep everything else exactly as it appears. Make it look as photorealistic as possible. The substitution should be undetectable.",0,,0,,,,,the visible area,,,watch,bracelet,,,,,,,,,,,,,,,,,,,SWAP-OBJECT-PHN,item_00632_phone_T2_train_C
casia_Au_sec_30248,casia,,,256,384,phone_T2_train_has_undamaged_surface_target,phone_train_T2,golden_hour,clear,daylight,0,empty,0,1,,,,,,,,,0,1,0,1,phone,T2,train,B,X-T2-ADD-DAMAGE-PHN,"Add visible damage of type crack to the glass or smooth surface at approximately the visible edge in this phone photograph. The damage should be consistent with realistic wear or impact — matching the lighting, shadow, and material properties of the surrounding surface. Keep everything else in the photograph exactly as it appears. Make it look as photorealistic as possible. The damage should look organic, as if it had actually occurred.",0,,0,,,,,the visible edge,,,,,,,,,,,crack,glass or smooth surface,,,,,,,,,,,ADD-DAMAGE,item_00577_phone_T2_train_B
casia_Au_sec_30259,casia,,,384,256,phone_T2_test_has_handheld_object_visible,phone_test_T2,midday,overcast,daylight,0,moderate,1,1,,,,,,,,,0,1,1,1,phone,T2,test,A,X-T2-SWAP-OBJECT-PHN,"In this phone photograph, find the cup at approximately the center of the image. Replace it with mug of comparable size, positioned in the same place. Match the lighting, shadow, and perspective of the original. Keep everything else exactly as it appears. Make it look as photorealistic as possible. The substitution should be undetectable.",0,,0,,,,,the center of the image,,,cup,mug,,,,,,,,,,,,,,,,,,,SWAP-OBJECT-PHN,item_00719_phone_T2_test_A
casia_Au_sec_30290,casia,,,384,256,phone_T1_train,phone_train_T1,night,indeterminate,mixed,0,moderate,1,0,,,,,,,,,0,1,0,0,phone,T1,train,A,X-T1-WEATHER-PHN,"Change the weather in this phone photograph from the current weather to overcast. Add an overcast sky with diffuse, soft lighting consistent with overcast. Adjust lighting, sky, and ground appearance to match. Keep all people, vehicles, objects, structures, and signage exactly as they appear in the original image. Make it look as photorealistic as possible. Change as little as possible beyond what the weather change requires. Don't change any details of the original photo other than the weather.",0,,0,,overcast,,,,,,,,,,,,,,,,,,,,,,,,,WEATHER,,item_00541_phone_T1_train_A
casia_Au_sec_30299,casia,,,384,256,phone_T2_train_has_handheld_object_visible,phone_train_T2,midday,overcast,daylight,0,busy,1,1,,,,,,,,,0,1,1,1,phone,T2,train,B,X-T2-SWAP-OBJECT-PHN,"In this phone photograph, find the keys at approximately the center of the image. Replace it with coins of comparable size, positioned in the same place. Match the lighting, shadow, and perspective of the original. Keep everything else exactly as it appears. Make it look as photorealistic as possible. The substitution should be undetectable.",0,,0,,,,,the center of the image,,,keys,coins,,,,,,,,,,,,,,,,,,,SWAP-OBJECT-PHN,item_00631_phone_T2_train_B
casia_Au_sec_30311,casia,,,384,256,phone_T2_train_has_handheld_object_visible,phone_train_T2,evening,indeterminate,mixed,1,moderate,1,0,,,,,,,,,0,1,1,0,phone,T2,train,C,X-T2-SWAP-OBJECT-PHN,"In this phone photograph, find the pen at approximately the center of the image. Replace it with marker of comparable size, positioned in the same place. Match the lighting, shadow, and perspective of the original. Keep everything else exactly as it appears. Make it look as photorealistic as possible. The substitution should be undetectable.",0,,0,,,,,the center of the image,,,pen,marker,,,,,,,,,,,,,,,,,,,SWAP-OBJECT-PHN,item_00638_phone_T2_train_C
casia_Au_sec_30314,casia,,,384,256,phone_T1_train,phone_train_T1,evening,indeterminate,mixed,0,moderate,1,0,,,,,,,,,0,1,0,0,phone,T1,train,C,X-T1-TIME-PHN,"Shift the time of day in this phone photograph from evening to golden hour. Adjust lighting, shadow direction, sky color, and ambient brightness to match golden hour. Keep all people, vehicles, objects, structures, and signage exactly as they appear in the original image — same positions, same poses, same details. Make it look as photorealistic as possible. Change as little as possible beyond the lighting and time-of-day cues. Don't change any details of the original photo other than what's needed for the time shift.",0,,0,golden hour,,,,,,,,,,,,,,,,,,,,,,,,,,TIME,,item_00480_phone_T1_train_C
casia_Au_sec_30338,casia,,,256,384,phone_T1_train,phone_train_T1,midday,overcast,daylight,0,sparse,0,0,,,,,,,,,0,1,0,0,phone,T1,train,C,X-T1-CROWD-PHN,"Change the number of people visible in this phone photograph from approximately sparse to approximately crowded. Add additional people consistent with the setting. Keep the existing scene composition, lighting, and all non-person elements (vehicles, structures, objects, signage) exactly as they appear. Any people added or kept should match the lighting, scale, and style of the original. Make it look as photorealistic as possible. Don't change any details of the original photo other than the people count.",0,,0,,,,crowded,,,,,,,,,,,,,,,,,,,,,,,CROWD,,item_00519_phone_T1_train_C
casia_Au_sec_30376,casia,,,384,256,phone_T1_train,phone_train_T1,midday,clear,daylight,0,sparse,1,1,,,,,,,,,1,1,0,1,phone,T1,train,B,X-T1-LIGHTING-PHN,"Change the lighting in this phone photograph from daylight to LED warm. Adjust color temperature, contrast, and brightness throughout the image. Do not change the time of day or weather. Keep all people, vehicles, objects, structures, and signage exactly as they appear. Make it look as photorealistic as possible. Change as little as possible beyond the lighting. Don't change any details of the original photo other than the lighting.",0,,0,,,LED warm,,,,,,,,,,,,,,,,,,,,,,,,LIGHTING,,item_00542_phone_T1_train_B
casia_Au_sec_30379,casia,,,384,256,phone_T2_train_has_visible_damage,phone_train_T2,midday,clear,daylight,0,moderate,1,1,,,,,,,,,1,1,0,1,phone,T2,train,C,X-T2-REMOVE-DAMAGE-PHN,"Remove the visible damage at approximately the center of the surface from this phone photograph. Replace the damaged area with a clean, undamaged surface that matches the surrounding material (paint, metal, plastic, fabric, drywall as appropriate). Keep everything else in the photograph exactly as it appears — same lighting, same composition, same other details. Make it look as photorealistic as possible. The surface should appear as if no damage had ever occurred.",0,,0,,,,,the center of the surface,,,,,,,,,,,,,,,,,,,,,,,REMOVE-DAMAGE,item_00616_phone_T2_train_C
casia_Au_sec_30380,casia,,,384,256,phone_T2_train_has_visible_damage,phone_train_T2,golden_hour,clear,daylight,0,moderate,1,1,,,,,,,,,1,1,0,1,phone,T2,train,C,X-T2-REMOVE-DAMAGE-PHN,"Remove the visible damage at approximately the visible edge of the surface from this phone photograph. Replace the damaged area with a clean, undamaged surface that matches the surrounding material (paint, metal, plastic, fabric, drywall as appropriate). Keep everything else in the photograph exactly as it appears — same lighting, same composition, same other details. Make it look as photorealistic as possible. The surface should appear as if no damage had ever occurred.",0,,0,,,,,the visible edge of the surface,,,,,,,,,,,,,,,,,,,,,,,REMOVE-DAMAGE,item_00619_phone_T2_train_C
casia_Au_sec_30447,casia,,,384,256,phone_T1_train,phone_train_T1,midday,clear,daylight,0,crowded,1,1,,,,,,,,,0,1,0,1,phone,T1,train,C,X-T1-TIME-PHN,"Shift the time of day in this phone photograph from midday to night. Adjust lighting, shadow direction, sky color, and ambient brightness to match night. Keep all people, vehicles, objects, structures, and signage exactly as they appear in the original image — same positions, same poses, same details. Make it look as photorealistic as possible. Change as little as possible beyond the lighting and time-of-day cues. Don't change any details of the original photo other than what's needed for the time shift.",0,,0,night,,,,,,,,,,,,,,,,,,,,,,,,,,TIME,,item_00540_phone_T1_train_C
casia_Au_sec_30466,casia,,,384,256,phone_T1_test,phone_test_T1,midday,clear,daylight,0,moderate,1,0,,,,,,,,,0,1,0,0,phone,T1,test,C,X-T1-WEATHER-PHN,"Change the weather in this phone photograph from clear to light snow. Add falling snow and light snow accumulation consistent with light snow. Adjust lighting, sky, and ground appearance to match. Keep all people, vehicles, objects, structures, and signage exactly as they appear in the original image. Make it look as photorealistic as possible. Change as little as possible beyond what the weather change requires. Don't change any details of the original photo other than the weather.",0,,0,,light snow,,,,,,,,,,,,,,,,,,,,,,,,,WEATHER,,item_00657_phone_T1_test_C
casia_Au_sec_30496,casia,,,256,384,phone_T2_train_has_open_surface_space,phone_train_T2,midday,clear,daylight,0,moderate,1,1,,,,,,,,,0,1,0,1,phone,T2,train,C,X-T2-ADD-OBJECT-PHN,"Add a set of keys to this phone photograph, positioned at approximately the table surface. The object should appear at a scale and perspective consistent with the scene, with lighting and shadow matching the original. Keep everything else in the photograph exactly as it appears. Make it look as photorealistic as possible. The object should look like it has always been in that position.",0,,0,,,,,the table surface,,,,,,,,,,,,,a set of keys,,,,,,,,,,ADD-OBJECT,item_00585_phone_T2_train_C
casia_Au_sec_30549,casia,,,256,384,phone_T1_train,phone_train_T1,indeterminate,overcast,daylight,0,moderate,1,0,,,,,,,,,0,1,0,0,phone,T1,train,A,X-T1-LIGHTING-PHN,"Change the lighting in this phone photograph from daylight to LED cool. Adjust color temperature, contrast, and brightness throughout the image. Do not change the time of day or weather. Keep all people, vehicles, objects, structures, and signage exactly as they appear. Make it look as photorealistic as possible. Change as little as possible beyond the lighting. Don't change any details of the original photo other than the lighting.",0,,0,,,LED cool,,,,,,,,,,,,,,,,,,,,,,,,LIGHTING,,item_00502_phone_T1_train_A
casia_Au_sec_30555,casia,,,256,384,phone_T1_train,phone_train_T1,midday,clear,daylight,0,sparse,0,1,,,,,,,,,0,1,0,1,phone,T1,train,A,X-T1-TIME-PHN,"Shift the time of day in this phone photograph from midday to dusk. Adjust lighting, shadow direction, sky color, and ambient brightness to match dusk. Keep all people, vehicles, objects, structures, and signage exactly as they appear in the original image — same positions, same poses, same details. Make it look as photorealistic as possible. Change as little as possible beyond the lighting and time-of-day cues. Don't change any details of the original photo other than what's needed for the time shift.",0,,0,dusk,,,,,,,,,,,,,,,,,,,,,,,,,,TIME,,item_00484_phone_T1_train_A
casia_Au_sec_30562,casia,,,384,256,phone_T2_train_has_open_surface_space,phone_train_T2,midday,clear,daylight,0,empty,0,1,,,,,,,,,0,1,0,1,phone,T2,train,C,X-T2-ADD-OBJECT-PHN,"Add a small package to this phone photograph, positioned at approximately the available space. The object should appear at a scale and perspective consistent with the scene, with lighting and shadow matching the original. Keep everything else in the photograph exactly as it appears. Make it look as photorealistic as possible. The object should look like it has always been in that position.",0,,0,,,,,the available space,,,,,,,,,,,,,a small package,,,,,,,,,,ADD-OBJECT,item_00588_phone_T2_train_C
casia_Au_sec_30589,casia,,,384,256,phone_T1_train,phone_train_T1,evening,clear,mixed,0,moderate,1,1,,,,,,,,,0,1,0,1,phone,T1,train,B,X-T1-WEATHER-PHN,"Change the weather in this phone photograph from clear to light rain. Add scattered raindrops and slightly wet surfaces consistent with light rain. Adjust lighting, sky, and ground appearance to match. Keep all people, vehicles, objects, structures, and signage exactly as they appear in the original image. Make it look as photorealistic as possible. Change as little as possible beyond what the weather change requires. Don't change any details of the original photo other than the weather.",0,,0,,light rain,,,,,,,,,,,,,,,,,,,,,,,,,WEATHER,,item_00533_phone_T1_train_B
casia_Au_sec_30590,casia,,,384,256,phone_T2_test_has_handheld_object_visible,phone_test_T2,indeterminate,indeterminate,indeterminate,0,moderate,1,1,,,,,,,,,0,1,1,1,phone,T2,test,C,X-T2-SWAP-OBJECT-PHN,"In this phone photograph, find the watch at approximately the visible area. Replace it with bracelet of comparable size, positioned in the same place. Match the lighting, shadow, and perspective of the original. Keep everything else exactly as it appears. Make it look as photorealistic as possible. The substitution should be undetectable.",0,,0,,,,,the visible area,,,watch,bracelet,,,,,,,,,,,,,,,,,,,SWAP-OBJECT-PHN,item_00712_phone_T2_test_C
casia_Au_sec_30606,casia,,,384,256,phone_T2_train_has_undamaged_surface_target,phone_train_T2,midday,overcast,daylight,0,sparse,0,1,,,,,,,,,0,1,0,1,phone,T2,train,A,X-T2-ADD-DAMAGE-PHN,"Add visible damage of type chip to the painted surface at approximately the center in this phone photograph. The damage should be consistent with realistic wear or impact — matching the lighting, shadow, and material properties of the surrounding surface. Keep everything else in the photograph exactly as it appears. Make it look as photorealistic as possible. The damage should look organic, as if it had actually occurred.",0,,0,,,,,the center,,,,,,,,,,,chip,painted surface,,,,,,,,,,,ADD-DAMAGE,item_00579_phone_T2_train_A
casia_Au_sec_30618,casia,,,384,256,phone_T1_train,phone_train_T1,midday,clear,daylight,0,crowded,1,1,,,,,,,,,0,1,0,1,phone,T1,train,C,X-T1-CROWD-PHN,"Change the number of people visible in this phone photograph from approximately crowded to approximately empty. Remove people from less-prominent areas of the scene first consistent with the setting. Keep the existing scene composition, lighting, and all non-person elements (vehicles, structures, objects, signage) exactly as they appear. Any people added or kept should match the lighting, scale, and style of the original. Make it look as photorealistic as possible. Don't change any details of the original photo other than the people count.",0,,0,,,,empty,,,,,,,,,,,,,,,,,,,,,,,CROWD,,item_00507_phone_T1_train_C
casia_Au_sec_30635,casia,,,384,256,phone_T2_test_has_handheld_object_visible,phone_test_T2,midday,clear,daylight,0,moderate,1,1,,,,,,,,,0,1,1,1,phone,T2,test,A,X-T2-SWAP-OBJECT-PHN,"In this phone photograph, find the pen at approximately the center of the image. Replace it with marker of comparable size, positioned in the same place. Match the lighting, shadow, and perspective of the original. Keep everything else exactly as it appears. Make it look as photorealistic as possible. The substitution should be undetectable.",0,,0,,,,,the center of the image,,,pen,marker,,,,,,,,,,,,,,,,,,,SWAP-OBJECT-PHN,item_00713_phone_T2_test_A
casia_Au_sec_30656,casia,,,384,256,phone_T2_train_has_open_surface_space,phone_train_T2,midday,clear,daylight,0,sparse,1,1,,,,,,,,,0,1,0,1,phone,T2,train,B,X-T2-ADD-OBJECT-PHN,"Add a notebook to this phone photograph, positioned at approximately the table surface. The object should appear at a scale and perspective consistent with the scene, with lighting and shadow matching the original. Keep everything else in the photograph exactly as it appears. Make it look as photorealistic as possible. The object should look like it has always been in that position.",0,,0,,,,,the table surface,,,,,,,,,,,,,a notebook,,,,,,,,,,ADD-OBJECT,item_00599_phone_T2_train_B
casia_Au_sec_30662,casia,,,384,256,phone_T2_train_has_handheld_object_visible,phone_train_T2,midday,clear,daylight,0,crowded,1,1,,,,,,,,,0,1,1,1,phone,T2,train,B,X-T2-SWAP-OBJECT-PHN,"In this phone photograph, find the pen at approximately the center of the image. Replace it with marker of comparable size, positioned in the same place. Match the lighting, shadow, and perspective of the original. Keep everything else exactly as it appears. Make it look as photorealistic as possible. The substitution should be undetectable.",0,,0,,,,,the center of the image,,,pen,marker,,,,,,,,,,,,,,,,,,,SWAP-OBJECT-PHN,item_00628_phone_T2_train_B
casia_Au_sec_30669,casia,,,384,256,phone_T1_train,phone_train_T1,golden_hour,clear,daylight,0,crowded,0,1,,,,,,,,,0,1,0,1,phone,T1,train,A,X-T1-LIGHTING-PHN,"Change the lighting in this phone photograph from daylight to incandescent. Adjust color temperature, contrast, and brightness throughout the image. Do not change the time of day or weather. Keep all people, vehicles, objects, structures, and signage exactly as they appear. Make it look as photorealistic as possible. Change as little as possible beyond the lighting. Don't change any details of the original photo other than the lighting.",0,,0,,,incandescent,,,,,,,,,,,,,,,,,,,,,,,,LIGHTING,,item_00514_phone_T1_train_A
casia_Au_sec_30674,casia,,,384,256,phone_T2_train_has_open_surface_space,phone_train_T2,midday,clear,daylight,0,moderate,1,1,,,,,,,,,0,1,0,1,phone,T2,train,B,X-T2-ADD-OBJECT-PHN,"Add a set of keys to this phone photograph, positioned at approximately the table surface. The object should appear at a scale and perspective consistent with the scene, with lighting and shadow matching the original. Keep everything else in the photograph exactly as it appears. Make it look as photorealistic as possible. The object should look like it has always been in that position.",0,,0,,,,,the table surface,,,,,,,,,,,,,a set of keys,,,,,,,,,,ADD-OBJECT,item_00590_phone_T2_train_B
casia_Au_sec_30698,casia,,,384,256,phone_T2_train_has_handheld_object_visible,phone_train_T2,midday,clear,daylight,0,moderate,1,0,,,,,,,,,0,1,1,0,phone,T2,train,A,X-T2-SWAP-OBJECT-PHN,"In this phone photograph, find the cup at approximately the center of the image. Replace it with mug of comparable size, positioned in the same place. Match the lighting, shadow, and perspective of the original. Keep everything else exactly as it appears. Make it look as photorealistic as possible. The substitution should be undetectable.",0,,0,,,,,the center of the image,,,cup,mug,,,,,,,,,,,,,,,,,,,SWAP-OBJECT-PHN,item_00624_phone_T2_train_A
casia_Au_sec_30719,casia,,,384,256,phone_T1_test,phone_test_T1,dusk,overcast,daylight,0,sparse,0,1,,,,,,,,,0,1,0,1,phone,T1,test,B,X-T1-LIGHTING-PHN,"Change the lighting in this phone photograph from daylight to LED cool. Adjust color temperature, contrast, and brightness throughout the image. Do not change the time of day or weather. Keep all people, vehicles, objects, structures, and signage exactly as they appear. Make it look as photorealistic as possible. Change as little as possible beyond the lighting. Don't change any details of the original photo other than the lighting.",0,,0,,,LED cool,,,,,,,,,,,,,,,,,,,,,,,,LIGHTING,,item_00662_phone_T1_test_B
T3_cctv_A_000,fabricated,,,,,cctv_T3_train,cctv_train_T3,,,,,,,,,,,,,,,,,,,,cctv,T3,train,A,X-T3-CCT,"Generate a still frame from a surveillance camera, photorealistic and grounded in the visual qualities of real CCTV footage: slightly low resolution, fixed-mount perspective from above (~3 meters elevation, slight wide-angle distortion), mild motion blur on moving subjects, visible compression artifacts. Scene: parking lot. Time of day: night. Number of visible people: 2. Activity: walking through the frame. Lighting consistent with night and parking lot. Include only mundane, plausible details — no logos, no recognizable text on signs, no identifiable faces. The frame should look like an unremarkable still pulled from real institutional surveillance footage.",0,,,,,,,,walking through the frame,,,,,,,,,,,,,parking lot,night,2,,,,,,,,item_00720_cctv_T3_train_A
T3_cctv_A_001,fabricated,,,,,cctv_T3_train,cctv_train_T3,,,,,,,,,,,,,,,,,,,,cctv,T3,train,A,X-T3-CCT,"Generate a still frame from a surveillance camera, photorealistic and grounded in the visual qualities of real CCTV footage: slightly low resolution, fixed-mount perspective from above (~3 meters elevation, slight wide-angle distortion), mild motion blur on moving subjects, visible compression artifacts. Scene: retail entrance. Time of day: midday. Number of visible people: 4. Activity: entering the building. Lighting consistent with midday and retail entrance. Include only mundane, plausible details — no logos, no recognizable text on signs, no identifiable faces. The frame should look like an unremarkable still pulled from real institutional surveillance footage.",0,,,,,,,,entering the building,,,,,,,,,,,,,retail entrance,midday,4,,,,,,,,item_00721_cctv_T3_train_A
T3_cctv_A_002,fabricated,,,,,cctv_T3_train,cctv_train_T3,,,,,,,,,,,,,,,,,,,,cctv,T3,train,A,X-T3-CCT,"Generate a still frame from a surveillance camera, photorealistic and grounded in the visual qualities of real CCTV footage: slightly low resolution, fixed-mount perspective from above (~3 meters elevation, slight wide-angle distortion), mild motion blur on moving subjects, visible compression artifacts. Scene: lobby. Time of day: evening. Number of visible people: 1. Activity: loitering near the entrance. Lighting consistent with evening and lobby. Include only mundane, plausible details — no logos, no recognizable text on signs, no identifiable faces. The frame should look like an unremarkable still pulled from real institutional surveillance footage.",0,,,,,,,,loitering near the entrance,,,,,,,,,,,,,lobby,evening,1,,,,,,,,item_00722_cctv_T3_train_A
T3_cctv_A_003,fabricated,,,,,cctv_T3_train,cctv_train_T3,,,,,,,,,,,,,,,,,,,,cctv,T3,train,A,X-T3-CCT,"Generate a still frame from a surveillance camera, photorealistic and grounded in the visual qualities of real CCTV footage: slightly low resolution, fixed-mount perspective from above (~3 meters elevation, slight wide-angle distortion), mild motion blur on moving subjects, visible compression artifacts. Scene: loading dock. Time of day: morning. Number of visible people: 3. Activity: interacting with one another. Lighting consistent with morning and loading dock. Include only mundane, plausible details — no logos, no recognizable text on signs, no identifiable faces. The frame should look like an unremarkable still pulled from real institutional surveillance footage.",0,,,,,,,,interacting with one another,,,,,,,,,,,,,loading dock,morning,3,,,,,,,,item_00723_cctv_T3_train_A
T3_cctv_A_004,fabricated,,,,,cctv_T3_train,cctv_train_T3,,,,,,,,,,,,,,,,,,,,cctv,T3,train,A,X-T3-CCT,"Generate a still frame from a surveillance camera, photorealistic and grounded in the visual qualities of real CCTV footage: slightly low resolution, fixed-mount perspective from above (~3 meters elevation, slight wide-angle distortion), mild motion blur on moving subjects, visible compression artifacts. Scene: office hallway. Time of day: midday. Number of visible people: 2. Activity: passing each other. Lighting consistent with midday and office hallway. Include only mundane, plausible details — no logos, no recognizable text on signs, no identifiable faces. The frame should look like an unremarkable still pulled from real institutional surveillance footage.",0,,,,,,,,passing each other,,,,,,,,,,,,,office hallway,midday,2,,,,,,,,item_00724_cctv_T3_train_A
T3_cctv_A_005,fabricated,,,,,cctv_T3_train,cctv_train_T3,,,,,,,,,,,,,,,,,,,,cctv,T3,train,A,X-T3-CCT,"Generate a still frame from a surveillance camera, photorealistic and grounded in the visual qualities of real CCTV footage: slightly low resolution, fixed-mount perspective from above (~3 meters elevation, slight wide-angle distortion), mild motion blur on moving subjects, visible compression artifacts. Scene: parking lot. Time of day: night. Number of visible people: 2. Activity: walking through the frame. Lighting consistent with night and parking lot. Include only mundane, plausible details — no logos, no recognizable text on signs, no identifiable faces. The frame should look like an unremarkable still pulled from real institutional surveillance footage.",0,,,,,,,,walking through the frame,,,,,,,,,,,,,parking lot,night,2,,,,,,,,item_00725_cctv_T3_train_A
T3_cctv_A_006,fabricated,,,,,cctv_T3_train,cctv_train_T3,,,,,,,,,,,,,,,,,,,,cctv,T3,train,A,X-T3-CCT,"Generate a still frame from a surveillance camera, photorealistic and grounded in the visual qualities of real CCTV footage: slightly low resolution, fixed-mount perspective from above (~3 meters elevation, slight wide-angle distortion), mild motion blur on moving subjects, visible compression artifacts. Scene: retail entrance. Time of day: midday. Number of visible people: 4. Activity: entering the building. Lighting consistent with midday and retail entrance. Include only mundane, plausible details — no logos, no recognizable text on signs, no identifiable faces. The frame should look like an unremarkable still pulled from real institutional surveillance footage.",0,,,,,,,,entering the building,,,,,,,,,,,,,retail entrance,midday,4,,,,,,,,item_00726_cctv_T3_train_A
T3_cctv_A_007,fabricated,,,,,cctv_T3_train,cctv_train_T3,,,,,,,,,,,,,,,,,,,,cctv,T3,train,A,X-T3-CCT,"Generate a still frame from a surveillance camera, photorealistic and grounded in the visual qualities of real CCTV footage: slightly low resolution, fixed-mount perspective from above (~3 meters elevation, slight wide-angle distortion), mild motion blur on moving subjects, visible compression artifacts. Scene: lobby. Time of day: evening. Number of visible people: 1. Activity: loitering near the entrance. Lighting consistent with evening and lobby. Include only mundane, plausible details — no logos, no recognizable text on signs, no identifiable faces. The frame should look like an unremarkable still pulled from real institutional surveillance footage.",0,,,,,,,,loitering near the entrance,,,,,,,,,,,,,lobby,evening,1,,,,,,,,item_00727_cctv_T3_train_A
T3_cctv_A_008,fabricated,,,,,cctv_T3_train,cctv_train_T3,,,,,,,,,,,,,,,,,,,,cctv,T3,train,A,X-T3-CCT,"Generate a still frame from a surveillance camera, photorealistic and grounded in the visual qualities of real CCTV footage: slightly low resolution, fixed-mount perspective from above (~3 meters elevation, slight wide-angle distortion), mild motion blur on moving subjects, visible compression artifacts. Scene: loading dock. Time of day: morning. Number of visible people: 3. Activity: interacting with one another. Lighting consistent with morning and loading dock. Include only mundane, plausible details — no logos, no recognizable text on signs, no identifiable faces. The frame should look like an unremarkable still pulled from real institutional surveillance footage.",0,,,,,,,,interacting with one another,,,,,,,,,,,,,loading dock,morning,3,,,,,,,,item_00728_cctv_T3_train_A
T3_cctv_A_009,fabricated,,,,,cctv_T3_train,cctv_train_T3,,,,,,,,,,,,,,,,,,,,cctv,T3,train,A,X-T3-CCT,"Generate a still frame from a surveillance camera, photorealistic and grounded in the visual qualities of real CCTV footage: slightly low resolution, fixed-mount perspective from above (~3 meters elevation, slight wide-angle distortion), mild motion blur on moving subjects, visible compression artifacts. Scene: office hallway. Time of day: midday. Number of visible people: 2. Activity: passing each other. Lighting consistent with midday and office hallway. Include only mundane, plausible details — no logos, no recognizable text on signs, no identifiable faces. The frame should look like an unremarkable still pulled from real institutional surveillance footage.",0,,,,,,,,passing each other,,,,,,,,,,,,,office hallway,midday,2,,,,,,,,item_00729_cctv_T3_train_A
T3_cctv_A_010,fabricated,,,,,cctv_T3_train,cctv_train_T3,,,,,,,,,,,,,,,,,,,,cctv,T3,train,A,X-T3-CCT,"Generate a still frame from a surveillance camera, photorealistic and grounded in the visual qualities of real CCTV footage: slightly low resolution, fixed-mount perspective from above (~3 meters elevation, slight wide-angle distortion), mild motion blur on moving subjects, visible compression artifacts. Scene: parking lot. Time of day: night. Number of visible people: 2. Activity: walking through the frame. Lighting consistent with night and parking lot. Include only mundane, plausible details — no logos, no recognizable text on signs, no identifiable faces. The frame should look like an unremarkable still pulled from real institutional surveillance footage.",0,,,,,,,,walking through the frame,,,,,,,,,,,,,parking lot,night,2,,,,,,,,item_00730_cctv_T3_train_A
T3_cctv_A_011,fabricated,,,,,cctv_T3_train,cctv_train_T3,,,,,,,,,,,,,,,,,,,,cctv,T3,train,A,X-T3-CCT,"Generate a still frame from a surveillance camera, photorealistic and grounded in the visual qualities of real CCTV footage: slightly low resolution, fixed-mount perspective from above (~3 meters elevation, slight wide-angle distortion), mild motion blur on moving subjects, visible compression artifacts. Scene: retail entrance. Time of day: midday. Number of visible people: 4. Activity: entering the building. Lighting consistent with midday and retail entrance. Include only mundane, plausible details — no logos, no recognizable text on signs, no identifiable faces. The frame should look like an unremarkable still pulled from real institutional surveillance footage.",0,,,,,,,,entering the building,,,,,,,,,,,,,retail entrance,midday,4,,,,,,,,item_00731_cctv_T3_train_A
T3_cctv_A_012,fabricated,,,,,cctv_T3_train,cctv_train_T3,,,,,,,,,,,,,,,,,,,,cctv,T3,train,A,X-T3-CCT,"Generate a still frame from a surveillance camera, photorealistic and grounded in the visual qualities of real CCTV footage: slightly low resolution, fixed-mount perspective from above (~3 meters elevation, slight wide-angle distortion), mild motion blur on moving subjects, visible compression artifacts. Scene: lobby. Time of day: evening. Number of visible people: 1. Activity: loitering near the entrance. Lighting consistent with evening and lobby. Include only mundane, plausible details — no logos, no recognizable text on signs, no identifiable faces. The frame should look like an unremarkable still pulled from real institutional surveillance footage.",0,,,,,,,,loitering near the entrance,,,,,,,,,,,,,lobby,evening,1,,,,,,,,item_00732_cctv_T3_train_A
T3_cctv_A_013,fabricated,,,,,cctv_T3_train,cctv_train_T3,,,,,,,,,,,,,,,,,,,,cctv,T3,train,A,X-T3-CCT,"Generate a still frame from a surveillance camera, photorealistic and grounded in the visual qualities of real CCTV footage: slightly low resolution, fixed-mount perspective from above (~3 meters elevation, slight wide-angle distortion), mild motion blur on moving subjects, visible compression artifacts. Scene: loading dock. Time of day: morning. Number of visible people: 3. Activity: interacting with one another. Lighting consistent with morning and loading dock. Include only mundane, plausible details — no logos, no recognizable text on signs, no identifiable faces. The frame should look like an unremarkable still pulled from real institutional surveillance footage.",0,,,,,,,,interacting with one another,,,,,,,,,,,,,loading dock,morning,3,,,,,,,,item_00733_cctv_T3_train_A
T3_cctv_A_014,fabricated,,,,,cctv_T3_train,cctv_train_T3,,,,,,,,,,,,,,,,,,,,cctv,T3,train,A,X-T3-CCT,"Generate a still frame from a surveillance camera, photorealistic and grounded in the visual qualities of real CCTV footage: slightly low resolution, fixed-mount perspective from above (~3 meters elevation, slight wide-angle distortion), mild motion blur on moving subjects, visible compression artifacts. Scene: office hallway. Time of day: midday. Number of visible people: 2. Activity: passing each other. Lighting consistent with midday and office hallway. Include only mundane, plausible details — no logos, no recognizable text on signs, no identifiable faces. The frame should look like an unremarkable still pulled from real institutional surveillance footage.",0,,,,,,,,passing each other,,,,,,,,,,,,,office hallway,midday,2,,,,,,,,item_00734_cctv_T3_train_A
T3_cctv_B_000,fabricated,,,,,cctv_T3_train,cctv_train_T3,,,,,,,,,,,,,,,,,,,,cctv,T3,train,B,X-T3-CCT,"Generate a still frame from a surveillance camera, photorealistic and grounded in the visual qualities of real CCTV footage: slightly low resolution, fixed-mount perspective from above (~3 meters elevation, slight wide-angle distortion), mild motion blur on moving subjects, visible compression artifacts. Scene: parking lot. Time of day: night. Number of visible people: 2. Activity: walking through the frame. Lighting consistent with night and parking lot. Include only mundane, plausible details — no logos, no recognizable text on signs, no identifiable faces. The frame should look like an unremarkable still pulled from real institutional surveillance footage.",0,,,,,,,,walking through the frame,,,,,,,,,,,,,parking lot,night,2,,,,,,,,item_00735_cctv_T3_train_B
T3_cctv_B_001,fabricated,,,,,cctv_T3_train,cctv_train_T3,,,,,,,,,,,,,,,,,,,,cctv,T3,train,B,X-T3-CCT,"Generate a still frame from a surveillance camera, photorealistic and grounded in the visual qualities of real CCTV footage: slightly low resolution, fixed-mount perspective from above (~3 meters elevation, slight wide-angle distortion), mild motion blur on moving subjects, visible compression artifacts. Scene: retail entrance. Time of day: midday. Number of visible people: 4. Activity: entering the building. Lighting consistent with midday and retail entrance. Include only mundane, plausible details — no logos, no recognizable text on signs, no identifiable faces. The frame should look like an unremarkable still pulled from real institutional surveillance footage.",0,,,,,,,,entering the building,,,,,,,,,,,,,retail entrance,midday,4,,,,,,,,item_00736_cctv_T3_train_B
T3_cctv_B_002,fabricated,,,,,cctv_T3_train,cctv_train_T3,,,,,,,,,,,,,,,,,,,,cctv,T3,train,B,X-T3-CCT,"Generate a still frame from a surveillance camera, photorealistic and grounded in the visual qualities of real CCTV footage: slightly low resolution, fixed-mount perspective from above (~3 meters elevation, slight wide-angle distortion), mild motion blur on moving subjects, visible compression artifacts. Scene: lobby. Time of day: evening. Number of visible people: 1. Activity: loitering near the entrance. Lighting consistent with evening and lobby. Include only mundane, plausible details — no logos, no recognizable text on signs, no identifiable faces. The frame should look like an unremarkable still pulled from real institutional surveillance footage.",0,,,,,,,,loitering near the entrance,,,,,,,,,,,,,lobby,evening,1,,,,,,,,item_00737_cctv_T3_train_B
T3_cctv_B_003,fabricated,,,,,cctv_T3_train,cctv_train_T3,,,,,,,,,,,,,,,,,,,,cctv,T3,train,B,X-T3-CCT,"Generate a still frame from a surveillance camera, photorealistic and grounded in the visual qualities of real CCTV footage: slightly low resolution, fixed-mount perspective from above (~3 meters elevation, slight wide-angle distortion), mild motion blur on moving subjects, visible compression artifacts. Scene: loading dock. Time of day: morning. Number of visible people: 3. Activity: interacting with one another. Lighting consistent with morning and loading dock. Include only mundane, plausible details — no logos, no recognizable text on signs, no identifiable faces. The frame should look like an unremarkable still pulled from real institutional surveillance footage.",0,,,,,,,,interacting with one another,,,,,,,,,,,,,loading dock,morning,3,,,,,,,,item_00738_cctv_T3_train_B
T3_cctv_B_004,fabricated,,,,,cctv_T3_train,cctv_train_T3,,,,,,,,,,,,,,,,,,,,cctv,T3,train,B,X-T3-CCT,"Generate a still frame from a surveillance camera, photorealistic and grounded in the visual qualities of real CCTV footage: slightly low resolution, fixed-mount perspective from above (~3 meters elevation, slight wide-angle distortion), mild motion blur on moving subjects, visible compression artifacts. Scene: office hallway. Time of day: midday. Number of visible people: 2. Activity: passing each other. Lighting consistent with midday and office hallway. Include only mundane, plausible details — no logos, no recognizable text on signs, no identifiable faces. The frame should look like an unremarkable still pulled from real institutional surveillance footage.",0,,,,,,,,passing each other,,,,,,,,,,,,,office hallway,midday,2,,,,,,,,item_00739_cctv_T3_train_B
T3_cctv_B_005,fabricated,,,,,cctv_T3_train,cctv_train_T3,,,,,,,,,,,,,,,,,,,,cctv,T3,train,B,X-T3-CCT,"Generate a still frame from a surveillance camera, photorealistic and grounded in the visual qualities of real CCTV footage: slightly low resolution, fixed-mount perspective from above (~3 meters elevation, slight wide-angle distortion), mild motion blur on moving subjects, visible compression artifacts. Scene: parking lot. Time of day: night. Number of visible people: 2. Activity: walking through the frame. Lighting consistent with night and parking lot. Include only mundane, plausible details — no logos, no recognizable text on signs, no identifiable faces. The frame should look like an unremarkable still pulled from real institutional surveillance footage.",0,,,,,,,,walking through the frame,,,,,,,,,,,,,parking lot,night,2,,,,,,,,item_00740_cctv_T3_train_B
T3_cctv_B_006,fabricated,,,,,cctv_T3_train,cctv_train_T3,,,,,,,,,,,,,,,,,,,,cctv,T3,train,B,X-T3-CCT,"Generate a still frame from a surveillance camera, photorealistic and grounded in the visual qualities of real CCTV footage: slightly low resolution, fixed-mount perspective from above (~3 meters elevation, slight wide-angle distortion), mild motion blur on moving subjects, visible compression artifacts. Scene: retail entrance. Time of day: midday. Number of visible people: 4. Activity: entering the building. Lighting consistent with midday and retail entrance. Include only mundane, plausible details — no logos, no recognizable text on signs, no identifiable faces. The frame should look like an unremarkable still pulled from real institutional surveillance footage.",0,,,,,,,,entering the building,,,,,,,,,,,,,retail entrance,midday,4,,,,,,,,item_00741_cctv_T3_train_B
T3_cctv_B_007,fabricated,,,,,cctv_T3_train,cctv_train_T3,,,,,,,,,,,,,,,,,,,,cctv,T3,train,B,X-T3-CCT,"Generate a still frame from a surveillance camera, photorealistic and grounded in the visual qualities of real CCTV footage: slightly low resolution, fixed-mount perspective from above (~3 meters elevation, slight wide-angle distortion), mild motion blur on moving subjects, visible compression artifacts. Scene: lobby. Time of day: evening. Number of visible people: 1. Activity: loitering near the entrance. Lighting consistent with evening and lobby. Include only mundane, plausible details — no logos, no recognizable text on signs, no identifiable faces. The frame should look like an unremarkable still pulled from real institutional surveillance footage.",0,,,,,,,,loitering near the entrance,,,,,,,,,,,,,lobby,evening,1,,,,,,,,item_00742_cctv_T3_train_B
T3_cctv_B_008,fabricated,,,,,cctv_T3_train,cctv_train_T3,,,,,,,,,,,,,,,,,,,,cctv,T3,train,B,X-T3-CCT,"Generate a still frame from a surveillance camera, photorealistic and grounded in the visual qualities of real CCTV footage: slightly low resolution, fixed-mount perspective from above (~3 meters elevation, slight wide-angle distortion), mild motion blur on moving subjects, visible compression artifacts. Scene: loading dock. Time of day: morning. Number of visible people: 3. Activity: interacting with one another. Lighting consistent with morning and loading dock. Include only mundane, plausible details — no logos, no recognizable text on signs, no identifiable faces. The frame should look like an unremarkable still pulled from real institutional surveillance footage.",0,,,,,,,,interacting with one another,,,,,,,,,,,,,loading dock,morning,3,,,,,,,,item_00743_cctv_T3_train_B
T3_cctv_B_009,fabricated,,,,,cctv_T3_train,cctv_train_T3,,,,,,,,,,,,,,,,,,,,cctv,T3,train,B,X-T3-CCT,"Generate a still frame from a surveillance camera, photorealistic and grounded in the visual qualities of real CCTV footage: slightly low resolution, fixed-mount perspective from above (~3 meters elevation, slight wide-angle distortion), mild motion blur on moving subjects, visible compression artifacts. Scene: office hallway. Time of day: midday. Number of visible people: 2. Activity: passing each other. Lighting consistent with midday and office hallway. Include only mundane, plausible details — no logos, no recognizable text on signs, no identifiable faces. The frame should look like an unremarkable still pulled from real institutional surveillance footage.",0,,,,,,,,passing each other,,,,,,,,,,,,,office hallway,midday,2,,,,,,,,item_00744_cctv_T3_train_B
T3_cctv_B_010,fabricated,,,,,cctv_T3_train,cctv_train_T3,,,,,,,,,,,,,,,,,,,,cctv,T3,train,B,X-T3-CCT,"Generate a still frame from a surveillance camera, photorealistic and grounded in the visual qualities of real CCTV footage: slightly low resolution, fixed-mount perspective from above (~3 meters elevation, slight wide-angle distortion), mild motion blur on moving subjects, visible compression artifacts. Scene: parking lot. Time of day: night. Number of visible people: 2. Activity: walking through the frame. Lighting consistent with night and parking lot. Include only mundane, plausible details — no logos, no recognizable text on signs, no identifiable faces. The frame should look like an unremarkable still pulled from real institutional surveillance footage.",0,,,,,,,,walking through the frame,,,,,,,,,,,,,parking lot,night,2,,,,,,,,item_00745_cctv_T3_train_B
T3_cctv_B_011,fabricated,,,,,cctv_T3_train,cctv_train_T3,,,,,,,,,,,,,,,,,,,,cctv,T3,train,B,X-T3-CCT,"Generate a still frame from a surveillance camera, photorealistic and grounded in the visual qualities of real CCTV footage: slightly low resolution, fixed-mount perspective from above (~3 meters elevation, slight wide-angle distortion), mild motion blur on moving subjects, visible compression artifacts. Scene: retail entrance. Time of day: midday. Number of visible people: 4. Activity: entering the building. Lighting consistent with midday and retail entrance. Include only mundane, plausible details — no logos, no recognizable text on signs, no identifiable faces. The frame should look like an unremarkable still pulled from real institutional surveillance footage.",0,,,,,,,,entering the building,,,,,,,,,,,,,retail entrance,midday,4,,,,,,,,item_00746_cctv_T3_train_B
T3_cctv_B_012,fabricated,,,,,cctv_T3_train,cctv_train_T3,,,,,,,,,,,,,,,,,,,,cctv,T3,train,B,X-T3-CCT,"Generate a still frame from a surveillance camera, photorealistic and grounded in the visual qualities of real CCTV footage: slightly low resolution, fixed-mount perspective from above (~3 meters elevation, slight wide-angle distortion), mild motion blur on moving subjects, visible compression artifacts. Scene: lobby. Time of day: evening. Number of visible people: 1. Activity: loitering near the entrance. Lighting consistent with evening and lobby. Include only mundane, plausible details — no logos, no recognizable text on signs, no identifiable faces. The frame should look like an unremarkable still pulled from real institutional surveillance footage.",0,,,,,,,,loitering near the entrance,,,,,,,,,,,,,lobby,evening,1,,,,,,,,item_00747_cctv_T3_train_B
T3_cctv_B_013,fabricated,,,,,cctv_T3_train,cctv_train_T3,,,,,,,,,,,,,,,,,,,,cctv,T3,train,B,X-T3-CCT,"Generate a still frame from a surveillance camera, photorealistic and grounded in the visual qualities of real CCTV footage: slightly low resolution, fixed-mount perspective from above (~3 meters elevation, slight wide-angle distortion), mild motion blur on moving subjects, visible compression artifacts. Scene: loading dock. Time of day: morning. Number of visible people: 3. Activity: interacting with one another. Lighting consistent with morning and loading dock. Include only mundane, plausible details — no logos, no recognizable text on signs, no identifiable faces. The frame should look like an unremarkable still pulled from real institutional surveillance footage.",0,,,,,,,,interacting with one another,,,,,,,,,,,,,loading dock,morning,3,,,,,,,,item_00748_cctv_T3_train_B
T3_cctv_B_014,fabricated,,,,,cctv_T3_train,cctv_train_T3,,,,,,,,,,,,,,,,,,,,cctv,T3,train,B,X-T3-CCT,"Generate a still frame from a surveillance camera, photorealistic and grounded in the visual qualities of real CCTV footage: slightly low resolution, fixed-mount perspective from above (~3 meters elevation, slight wide-angle distortion), mild motion blur on moving subjects, visible compression artifacts. Scene: office hallway. Time of day: midday. Number of visible people: 2. Activity: passing each other. Lighting consistent with midday and office hallway. Include only mundane, plausible details — no logos, no recognizable text on signs, no identifiable faces. The frame should look like an unremarkable still pulled from real institutional surveillance footage.",0,,,,,,,,passing each other,,,,,,,,,,,,,office hallway,midday,2,,,,,,,,item_00749_cctv_T3_train_B
T3_cctv_C_000,fabricated,,,,,cctv_T3_train,cctv_train_T3,,,,,,,,,,,,,,,,,,,,cctv,T3,train,C,X-T3-CCT,"Generate a still frame from a surveillance camera, photorealistic and grounded in the visual qualities of real CCTV footage: slightly low resolution, fixed-mount perspective from above (~3 meters elevation, slight wide-angle distortion), mild motion blur on moving subjects, visible compression artifacts. Scene: parking lot. Time of day: night. Number of visible people: 2. Activity: walking through the frame. Lighting consistent with night and parking lot. Include only mundane, plausible details — no logos, no recognizable text on signs, no identifiable faces. The frame should look like an unremarkable still pulled from real institutional surveillance footage.",0,,,,,,,,walking through the frame,,,,,,,,,,,,,parking lot,night,2,,,,,,,,item_00750_cctv_T3_train_C
T3_cctv_C_001,fabricated,,,,,cctv_T3_train,cctv_train_T3,,,,,,,,,,,,,,,,,,,,cctv,T3,train,C,X-T3-CCT,"Generate a still frame from a surveillance camera, photorealistic and grounded in the visual qualities of real CCTV footage: slightly low resolution, fixed-mount perspective from above (~3 meters elevation, slight wide-angle distortion), mild motion blur on moving subjects, visible compression artifacts. Scene: retail entrance. Time of day: midday. Number of visible people: 4. Activity: entering the building. Lighting consistent with midday and retail entrance. Include only mundane, plausible details — no logos, no recognizable text on signs, no identifiable faces. The frame should look like an unremarkable still pulled from real institutional surveillance footage.",0,,,,,,,,entering the building,,,,,,,,,,,,,retail entrance,midday,4,,,,,,,,item_00751_cctv_T3_train_C
T3_cctv_C_002,fabricated,,,,,cctv_T3_train,cctv_train_T3,,,,,,,,,,,,,,,,,,,,cctv,T3,train,C,X-T3-CCT,"Generate a still frame from a surveillance camera, photorealistic and grounded in the visual qualities of real CCTV footage: slightly low resolution, fixed-mount perspective from above (~3 meters elevation, slight wide-angle distortion), mild motion blur on moving subjects, visible compression artifacts. Scene: lobby. Time of day: evening. Number of visible people: 1. Activity: loitering near the entrance. Lighting consistent with evening and lobby. Include only mundane, plausible details — no logos, no recognizable text on signs, no identifiable faces. The frame should look like an unremarkable still pulled from real institutional surveillance footage.",0,,,,,,,,loitering near the entrance,,,,,,,,,,,,,lobby,evening,1,,,,,,,,item_00752_cctv_T3_train_C
T3_cctv_C_003,fabricated,,,,,cctv_T3_train,cctv_train_T3,,,,,,,,,,,,,,,,,,,,cctv,T3,train,C,X-T3-CCT,"Generate a still frame from a surveillance camera, photorealistic and grounded in the visual qualities of real CCTV footage: slightly low resolution, fixed-mount perspective from above (~3 meters elevation, slight wide-angle distortion), mild motion blur on moving subjects, visible compression artifacts. Scene: loading dock. Time of day: morning. Number of visible people: 3. Activity: interacting with one another. Lighting consistent with morning and loading dock. Include only mundane, plausible details — no logos, no recognizable text on signs, no identifiable faces. The frame should look like an unremarkable still pulled from real institutional surveillance footage.",0,,,,,,,,interacting with one another,,,,,,,,,,,,,loading dock,morning,3,,,,,,,,item_00753_cctv_T3_train_C
T3_cctv_C_004,fabricated,,,,,cctv_T3_train,cctv_train_T3,,,,,,,,,,,,,,,,,,,,cctv,T3,train,C,X-T3-CCT,"Generate a still frame from a surveillance camera, photorealistic and grounded in the visual qualities of real CCTV footage: slightly low resolution, fixed-mount perspective from above (~3 meters elevation, slight wide-angle distortion), mild motion blur on moving subjects, visible compression artifacts. Scene: office hallway. Time of day: midday. Number of visible people: 2. Activity: passing each other. Lighting consistent with midday and office hallway. Include only mundane, plausible details — no logos, no recognizable text on signs, no identifiable faces. The frame should look like an unremarkable still pulled from real institutional surveillance footage.",0,,,,,,,,passing each other,,,,,,,,,,,,,office hallway,midday,2,,,,,,,,item_00754_cctv_T3_train_C
T3_cctv_C_005,fabricated,,,,,cctv_T3_train,cctv_train_T3,,,,,,,,,,,,,,,,,,,,cctv,T3,train,C,X-T3-CCT,"Generate a still frame from a surveillance camera, photorealistic and grounded in the visual qualities of real CCTV footage: slightly low resolution, fixed-mount perspective from above (~3 meters elevation, slight wide-angle distortion), mild motion blur on moving subjects, visible compression artifacts. Scene: parking lot. Time of day: night. Number of visible people: 2. Activity: walking through the frame. Lighting consistent with night and parking lot. Include only mundane, plausible details — no logos, no recognizable text on signs, no identifiable faces. The frame should look like an unremarkable still pulled from real institutional surveillance footage.",0,,,,,,,,walking through the frame,,,,,,,,,,,,,parking lot,night,2,,,,,,,,item_00755_cctv_T3_train_C
T3_cctv_C_006,fabricated,,,,,cctv_T3_train,cctv_train_T3,,,,,,,,,,,,,,,,,,,,cctv,T3,train,C,X-T3-CCT,"Generate a still frame from a surveillance camera, photorealistic and grounded in the visual qualities of real CCTV footage: slightly low resolution, fixed-mount perspective from above (~3 meters elevation, slight wide-angle distortion), mild motion blur on moving subjects, visible compression artifacts. Scene: retail entrance. Time of day: midday. Number of visible people: 4. Activity: entering the building. Lighting consistent with midday and retail entrance. Include only mundane, plausible details — no logos, no recognizable text on signs, no identifiable faces. The frame should look like an unremarkable still pulled from real institutional surveillance footage.",0,,,,,,,,entering the building,,,,,,,,,,,,,retail entrance,midday,4,,,,,,,,item_00756_cctv_T3_train_C
T3_cctv_C_007,fabricated,,,,,cctv_T3_train,cctv_train_T3,,,,,,,,,,,,,,,,,,,,cctv,T3,train,C,X-T3-CCT,"Generate a still frame from a surveillance camera, photorealistic and grounded in the visual qualities of real CCTV footage: slightly low resolution, fixed-mount perspective from above (~3 meters elevation, slight wide-angle distortion), mild motion blur on moving subjects, visible compression artifacts. Scene: lobby. Time of day: evening. Number of visible people: 1. Activity: loitering near the entrance. Lighting consistent with evening and lobby. Include only mundane, plausible details — no logos, no recognizable text on signs, no identifiable faces. The frame should look like an unremarkable still pulled from real institutional surveillance footage.",0,,,,,,,,loitering near the entrance,,,,,,,,,,,,,lobby,evening,1,,,,,,,,item_00757_cctv_T3_train_C
T3_cctv_C_008,fabricated,,,,,cctv_T3_train,cctv_train_T3,,,,,,,,,,,,,,,,,,,,cctv,T3,train,C,X-T3-CCT,"Generate a still frame from a surveillance camera, photorealistic and grounded in the visual qualities of real CCTV footage: slightly low resolution, fixed-mount perspective from above (~3 meters elevation, slight wide-angle distortion), mild motion blur on moving subjects, visible compression artifacts. Scene: loading dock. Time of day: morning. Number of visible people: 3. Activity: interacting with one another. Lighting consistent with morning and loading dock. Include only mundane, plausible details — no logos, no recognizable text on signs, no identifiable faces. The frame should look like an unremarkable still pulled from real institutional surveillance footage.",0,,,,,,,,interacting with one another,,,,,,,,,,,,,loading dock,morning,3,,,,,,,,item_00758_cctv_T3_train_C
T3_cctv_C_009,fabricated,,,,,cctv_T3_train,cctv_train_T3,,,,,,,,,,,,,,,,,,,,cctv,T3,train,C,X-T3-CCT,"Generate a still frame from a surveillance camera, photorealistic and grounded in the visual qualities of real CCTV footage: slightly low resolution, fixed-mount perspective from above (~3 meters elevation, slight wide-angle distortion), mild motion blur on moving subjects, visible compression artifacts. Scene: office hallway. Time of day: midday. Number of visible people: 2. Activity: passing each other. Lighting consistent with midday and office hallway. Include only mundane, plausible details — no logos, no recognizable text on signs, no identifiable faces. The frame should look like an unremarkable still pulled from real institutional surveillance footage.",0,,,,,,,,passing each other,,,,,,,,,,,,,office hallway,midday,2,,,,,,,,item_00759_cctv_T3_train_C
T3_cctv_C_010,fabricated,,,,,cctv_T3_train,cctv_train_T3,,,,,,,,,,,,,,,,,,,,cctv,T3,train,C,X-T3-CCT,"Generate a still frame from a surveillance camera, photorealistic and grounded in the visual qualities of real CCTV footage: slightly low resolution, fixed-mount perspective from above (~3 meters elevation, slight wide-angle distortion), mild motion blur on moving subjects, visible compression artifacts. Scene: parking lot. Time of day: night. Number of visible people: 2. Activity: walking through the frame. Lighting consistent with night and parking lot. Include only mundane, plausible details — no logos, no recognizable text on signs, no identifiable faces. The frame should look like an unremarkable still pulled from real institutional surveillance footage.",0,,,,,,,,walking through the frame,,,,,,,,,,,,,parking lot,night,2,,,,,,,,item_00760_cctv_T3_train_C
T3_cctv_C_011,fabricated,,,,,cctv_T3_train,cctv_train_T3,,,,,,,,,,,,,,,,,,,,cctv,T3,train,C,X-T3-CCT,"Generate a still frame from a surveillance camera, photorealistic and grounded in the visual qualities of real CCTV footage: slightly low resolution, fixed-mount perspective from above (~3 meters elevation, slight wide-angle distortion), mild motion blur on moving subjects, visible compression artifacts. Scene: retail entrance. Time of day: midday. Number of visible people: 4. Activity: entering the building. Lighting consistent with midday and retail entrance. Include only mundane, plausible details — no logos, no recognizable text on signs, no identifiable faces. The frame should look like an unremarkable still pulled from real institutional surveillance footage.",0,,,,,,,,entering the building,,,,,,,,,,,,,retail entrance,midday,4,,,,,,,,item_00761_cctv_T3_train_C
T3_cctv_C_012,fabricated,,,,,cctv_T3_train,cctv_train_T3,,,,,,,,,,,,,,,,,,,,cctv,T3,train,C,X-T3-CCT,"Generate a still frame from a surveillance camera, photorealistic and grounded in the visual qualities of real CCTV footage: slightly low resolution, fixed-mount perspective from above (~3 meters elevation, slight wide-angle distortion), mild motion blur on moving subjects, visible compression artifacts. Scene: lobby. Time of day: evening. Number of visible people: 1. Activity: loitering near the entrance. Lighting consistent with evening and lobby. Include only mundane, plausible details — no logos, no recognizable text on signs, no identifiable faces. The frame should look like an unremarkable still pulled from real institutional surveillance footage.",0,,,,,,,,loitering near the entrance,,,,,,,,,,,,,lobby,evening,1,,,,,,,,item_00762_cctv_T3_train_C
T3_cctv_C_013,fabricated,,,,,cctv_T3_train,cctv_train_T3,,,,,,,,,,,,,,,,,,,,cctv,T3,train,C,X-T3-CCT,"Generate a still frame from a surveillance camera, photorealistic and grounded in the visual qualities of real CCTV footage: slightly low resolution, fixed-mount perspective from above (~3 meters elevation, slight wide-angle distortion), mild motion blur on moving subjects, visible compression artifacts. Scene: loading dock. Time of day: morning. Number of visible people: 3. Activity: interacting with one another. Lighting consistent with morning and loading dock. Include only mundane, plausible details — no logos, no recognizable text on signs, no identifiable faces. The frame should look like an unremarkable still pulled from real institutional surveillance footage.",0,,,,,,,,interacting with one another,,,,,,,,,,,,,loading dock,morning,3,,,,,,,,item_00763_cctv_T3_train_C
T3_cctv_C_014,fabricated,,,,,cctv_T3_train,cctv_train_T3,,,,,,,,,,,,,,,,,,,,cctv,T3,train,C,X-T3-CCT,"Generate a still frame from a surveillance camera, photorealistic and grounded in the visual qualities of real CCTV footage: slightly low resolution, fixed-mount perspective from above (~3 meters elevation, slight wide-angle distortion), mild motion blur on moving subjects, visible compression artifacts. Scene: office hallway. Time of day: midday. Number of visible people: 2. Activity: passing each other. Lighting consistent with midday and office hallway. Include only mundane, plausible details — no logos, no recognizable text on signs, no identifiable faces. The frame should look like an unremarkable still pulled from real institutional surveillance footage.",0,,,,,,,,passing each other,,,,,,,,,,,,,office hallway,midday,2,,,,,,,,item_00764_cctv_T3_train_C
T3_dashcam_A_000,fabricated,,,,,dashcam_T3_train,dashcam_train_T3,,,,,,,,,,,,,,,,,,,,dashcam,T3,train,A,X-T3-DSH,"Generate a still frame from a vehicle dashboard camera, photorealistic and grounded in the visual qualities of real dashcam footage: slightly wide-angle lens, vehicle hood visible at the bottom edge, slight reflection on the windshield, mild motion blur on lane markings and moving objects. Scene: highway, clear, midday. Include moderate vehicles ahead and to the sides, lane markings appropriate to highway, and roadside features consistent with the setting (trees, buildings, signage, etc.). Lighting and atmosphere consistent with midday and clear. No identifiable license plates, no recognizable brand logos. The frame should look like an unremarkable still pulled from real dashcam footage.",0,,,,,,,,,,,,,,,,,,,,,,midday,,highway,clear,moderate,,,,,item_00765_dashcam_T3_train_A
T3_dashcam_A_001,fabricated,,,,,dashcam_T3_train,dashcam_train_T3,,,,,,,,,,,,,,,,,,,,dashcam,T3,train,A,X-T3-DSH,"Generate a still frame from a vehicle dashboard camera, photorealistic and grounded in the visual qualities of real dashcam footage: slightly wide-angle lens, vehicle hood visible at the bottom edge, slight reflection on the windshield, mild motion blur on lane markings and moving objects. Scene: city street, overcast, evening. Include heavy vehicles ahead and to the sides, lane markings appropriate to city street, and roadside features consistent with the setting (trees, buildings, signage, etc.). Lighting and atmosphere consistent with evening and overcast. No identifiable license plates, no recognizable brand logos. The frame should look like an unremarkable still pulled from real dashcam footage.",0,,,,,,,,,,,,,,,,,,,,,,evening,,city street,overcast,heavy,,,,,item_00766_dashcam_T3_train_A
T3_dashcam_A_002,fabricated,,,,,dashcam_T3_train,dashcam_train_T3,,,,,,,,,,,,,,,,,,,,dashcam,T3,train,A,X-T3-DSH,"Generate a still frame from a vehicle dashboard camera, photorealistic and grounded in the visual qualities of real dashcam footage: slightly wide-angle lens, vehicle hood visible at the bottom edge, slight reflection on the windshield, mild motion blur on lane markings and moving objects. Scene: residential street, light rain, morning. Include sparse vehicles ahead and to the sides, lane markings appropriate to residential street, and roadside features consistent with the setting (trees, buildings, signage, etc.). Lighting and atmosphere consistent with morning and light rain. No identifiable license plates, no recognizable brand logos. The frame should look like an unremarkable still pulled from real dashcam footage.",0,,,,,,,,,,,,,,,,,,,,,,morning,,residential street,light rain,sparse,,,,,item_00767_dashcam_T3_train_A
T3_dashcam_A_003,fabricated,,,,,dashcam_T3_train,dashcam_train_T3,,,,,,,,,,,,,,,,,,,,dashcam,T3,train,A,X-T3-DSH,"Generate a still frame from a vehicle dashboard camera, photorealistic and grounded in the visual qualities of real dashcam footage: slightly wide-angle lens, vehicle hood visible at the bottom edge, slight reflection on the windshield, mild motion blur on lane markings and moving objects. Scene: intersection, fog, night. Include moderate vehicles ahead and to the sides, lane markings appropriate to intersection, and roadside features consistent with the setting (trees, buildings, signage, etc.). Lighting and atmosphere consistent with night and fog. No identifiable license plates, no recognizable brand logos. The frame should look like an unremarkable still pulled from real dashcam footage.",0,,,,,,,,,,,,,,,,,,,,,,night,,intersection,fog,moderate,,,,,item_00768_dashcam_T3_train_A
T3_dashcam_A_004,fabricated,,,,,dashcam_T3_train,dashcam_train_T3,,,,,,,,,,,,,,,,,,,,dashcam,T3,train,A,X-T3-DSH,"Generate a still frame from a vehicle dashboard camera, photorealistic and grounded in the visual qualities of real dashcam footage: slightly wide-angle lens, vehicle hood visible at the bottom edge, slight reflection on the windshield, mild motion blur on lane markings and moving objects. Scene: highway, light snow, dusk. Include moderate vehicles ahead and to the sides, lane markings appropriate to highway, and roadside features consistent with the setting (trees, buildings, signage, etc.). Lighting and atmosphere consistent with dusk and light snow. No identifiable license plates, no recognizable brand logos. The frame should look like an unremarkable still pulled from real dashcam footage.",0,,,,,,,,,,,,,,,,,,,,,,dusk,,highway,light snow,moderate,,,,,item_00769_dashcam_T3_train_A
T3_dashcam_A_005,fabricated,,,,,dashcam_T3_train,dashcam_train_T3,,,,,,,,,,,,,,,,,,,,dashcam,T3,train,A,X-T3-DSH,"Generate a still frame from a vehicle dashboard camera, photorealistic and grounded in the visual qualities of real dashcam footage: slightly wide-angle lens, vehicle hood visible at the bottom edge, slight reflection on the windshield, mild motion blur on lane markings and moving objects. Scene: highway, clear, midday. Include moderate vehicles ahead and to the sides, lane markings appropriate to highway, and roadside features consistent with the setting (trees, buildings, signage, etc.). Lighting and atmosphere consistent with midday and clear. No identifiable license plates, no recognizable brand logos. The frame should look like an unremarkable still pulled from real dashcam footage.",0,,,,,,,,,,,,,,,,,,,,,,midday,,highway,clear,moderate,,,,,item_00770_dashcam_T3_train_A
T3_dashcam_A_006,fabricated,,,,,dashcam_T3_train,dashcam_train_T3,,,,,,,,,,,,,,,,,,,,dashcam,T3,train,A,X-T3-DSH,"Generate a still frame from a vehicle dashboard camera, photorealistic and grounded in the visual qualities of real dashcam footage: slightly wide-angle lens, vehicle hood visible at the bottom edge, slight reflection on the windshield, mild motion blur on lane markings and moving objects. Scene: city street, overcast, evening. Include heavy vehicles ahead and to the sides, lane markings appropriate to city street, and roadside features consistent with the setting (trees, buildings, signage, etc.). Lighting and atmosphere consistent with evening and overcast. No identifiable license plates, no recognizable brand logos. The frame should look like an unremarkable still pulled from real dashcam footage.",0,,,,,,,,,,,,,,,,,,,,,,evening,,city street,overcast,heavy,,,,,item_00771_dashcam_T3_train_A
T3_dashcam_A_007,fabricated,,,,,dashcam_T3_train,dashcam_train_T3,,,,,,,,,,,,,,,,,,,,dashcam,T3,train,A,X-T3-DSH,"Generate a still frame from a vehicle dashboard camera, photorealistic and grounded in the visual qualities of real dashcam footage: slightly wide-angle lens, vehicle hood visible at the bottom edge, slight reflection on the windshield, mild motion blur on lane markings and moving objects. Scene: residential street, light rain, morning. Include sparse vehicles ahead and to the sides, lane markings appropriate to residential street, and roadside features consistent with the setting (trees, buildings, signage, etc.). Lighting and atmosphere consistent with morning and light rain. No identifiable license plates, no recognizable brand logos. The frame should look like an unremarkable still pulled from real dashcam footage.",0,,,,,,,,,,,,,,,,,,,,,,morning,,residential street,light rain,sparse,,,,,item_00772_dashcam_T3_train_A
T3_dashcam_A_008,fabricated,,,,,dashcam_T3_train,dashcam_train_T3,,,,,,,,,,,,,,,,,,,,dashcam,T3,train,A,X-T3-DSH,"Generate a still frame from a vehicle dashboard camera, photorealistic and grounded in the visual qualities of real dashcam footage: slightly wide-angle lens, vehicle hood visible at the bottom edge, slight reflection on the windshield, mild motion blur on lane markings and moving objects. Scene: intersection, fog, night. Include moderate vehicles ahead and to the sides, lane markings appropriate to intersection, and roadside features consistent with the setting (trees, buildings, signage, etc.). Lighting and atmosphere consistent with night and fog. No identifiable license plates, no recognizable brand logos. The frame should look like an unremarkable still pulled from real dashcam footage.",0,,,,,,,,,,,,,,,,,,,,,,night,,intersection,fog,moderate,,,,,item_00773_dashcam_T3_train_A
T3_dashcam_A_009,fabricated,,,,,dashcam_T3_train,dashcam_train_T3,,,,,,,,,,,,,,,,,,,,dashcam,T3,train,A,X-T3-DSH,"Generate a still frame from a vehicle dashboard camera, photorealistic and grounded in the visual qualities of real dashcam footage: slightly wide-angle lens, vehicle hood visible at the bottom edge, slight reflection on the windshield, mild motion blur on lane markings and moving objects. Scene: highway, light snow, dusk. Include moderate vehicles ahead and to the sides, lane markings appropriate to highway, and roadside features consistent with the setting (trees, buildings, signage, etc.). Lighting and atmosphere consistent with dusk and light snow. No identifiable license plates, no recognizable brand logos. The frame should look like an unremarkable still pulled from real dashcam footage.",0,,,,,,,,,,,,,,,,,,,,,,dusk,,highway,light snow,moderate,,,,,item_00774_dashcam_T3_train_A
T3_dashcam_A_010,fabricated,,,,,dashcam_T3_train,dashcam_train_T3,,,,,,,,,,,,,,,,,,,,dashcam,T3,train,A,X-T3-DSH,"Generate a still frame from a vehicle dashboard camera, photorealistic and grounded in the visual qualities of real dashcam footage: slightly wide-angle lens, vehicle hood visible at the bottom edge, slight reflection on the windshield, mild motion blur on lane markings and moving objects. Scene: highway, clear, midday. Include moderate vehicles ahead and to the sides, lane markings appropriate to highway, and roadside features consistent with the setting (trees, buildings, signage, etc.). Lighting and atmosphere consistent with midday and clear. No identifiable license plates, no recognizable brand logos. The frame should look like an unremarkable still pulled from real dashcam footage.",0,,,,,,,,,,,,,,,,,,,,,,midday,,highway,clear,moderate,,,,,item_00775_dashcam_T3_train_A
T3_dashcam_A_011,fabricated,,,,,dashcam_T3_train,dashcam_train_T3,,,,,,,,,,,,,,,,,,,,dashcam,T3,train,A,X-T3-DSH,"Generate a still frame from a vehicle dashboard camera, photorealistic and grounded in the visual qualities of real dashcam footage: slightly wide-angle lens, vehicle hood visible at the bottom edge, slight reflection on the windshield, mild motion blur on lane markings and moving objects. Scene: city street, overcast, evening. Include heavy vehicles ahead and to the sides, lane markings appropriate to city street, and roadside features consistent with the setting (trees, buildings, signage, etc.). Lighting and atmosphere consistent with evening and overcast. No identifiable license plates, no recognizable brand logos. The frame should look like an unremarkable still pulled from real dashcam footage.",0,,,,,,,,,,,,,,,,,,,,,,evening,,city street,overcast,heavy,,,,,item_00776_dashcam_T3_train_A
T3_dashcam_A_012,fabricated,,,,,dashcam_T3_train,dashcam_train_T3,,,,,,,,,,,,,,,,,,,,dashcam,T3,train,A,X-T3-DSH,"Generate a still frame from a vehicle dashboard camera, photorealistic and grounded in the visual qualities of real dashcam footage: slightly wide-angle lens, vehicle hood visible at the bottom edge, slight reflection on the windshield, mild motion blur on lane markings and moving objects. Scene: residential street, light rain, morning. Include sparse vehicles ahead and to the sides, lane markings appropriate to residential street, and roadside features consistent with the setting (trees, buildings, signage, etc.). Lighting and atmosphere consistent with morning and light rain. No identifiable license plates, no recognizable brand logos. The frame should look like an unremarkable still pulled from real dashcam footage.",0,,,,,,,,,,,,,,,,,,,,,,morning,,residential street,light rain,sparse,,,,,item_00777_dashcam_T3_train_A
T3_dashcam_A_013,fabricated,,,,,dashcam_T3_train,dashcam_train_T3,,,,,,,,,,,,,,,,,,,,dashcam,T3,train,A,X-T3-DSH,"Generate a still frame from a vehicle dashboard camera, photorealistic and grounded in the visual qualities of real dashcam footage: slightly wide-angle lens, vehicle hood visible at the bottom edge, slight reflection on the windshield, mild motion blur on lane markings and moving objects. Scene: intersection, fog, night. Include moderate vehicles ahead and to the sides, lane markings appropriate to intersection, and roadside features consistent with the setting (trees, buildings, signage, etc.). Lighting and atmosphere consistent with night and fog. No identifiable license plates, no recognizable brand logos. The frame should look like an unremarkable still pulled from real dashcam footage.",0,,,,,,,,,,,,,,,,,,,,,,night,,intersection,fog,moderate,,,,,item_00778_dashcam_T3_train_A
T3_dashcam_A_014,fabricated,,,,,dashcam_T3_train,dashcam_train_T3,,,,,,,,,,,,,,,,,,,,dashcam,T3,train,A,X-T3-DSH,"Generate a still frame from a vehicle dashboard camera, photorealistic and grounded in the visual qualities of real dashcam footage: slightly wide-angle lens, vehicle hood visible at the bottom edge, slight reflection on the windshield, mild motion blur on lane markings and moving objects. Scene: highway, light snow, dusk. Include moderate vehicles ahead and to the sides, lane markings appropriate to highway, and roadside features consistent with the setting (trees, buildings, signage, etc.). Lighting and atmosphere consistent with dusk and light snow. No identifiable license plates, no recognizable brand logos. The frame should look like an unremarkable still pulled from real dashcam footage.",0,,,,,,,,,,,,,,,,,,,,,,dusk,,highway,light snow,moderate,,,,,item_00779_dashcam_T3_train_A
T3_dashcam_B_000,fabricated,,,,,dashcam_T3_train,dashcam_train_T3,,,,,,,,,,,,,,,,,,,,dashcam,T3,train,B,X-T3-DSH,"Generate a still frame from a vehicle dashboard camera, photorealistic and grounded in the visual qualities of real dashcam footage: slightly wide-angle lens, vehicle hood visible at the bottom edge, slight reflection on the windshield, mild motion blur on lane markings and moving objects. Scene: highway, clear, midday. Include moderate vehicles ahead and to the sides, lane markings appropriate to highway, and roadside features consistent with the setting (trees, buildings, signage, etc.). Lighting and atmosphere consistent with midday and clear. No identifiable license plates, no recognizable brand logos. The frame should look like an unremarkable still pulled from real dashcam footage.",0,,,,,,,,,,,,,,,,,,,,,,midday,,highway,clear,moderate,,,,,item_00780_dashcam_T3_train_B
T3_dashcam_B_001,fabricated,,,,,dashcam_T3_train,dashcam_train_T3,,,,,,,,,,,,,,,,,,,,dashcam,T3,train,B,X-T3-DSH,"Generate a still frame from a vehicle dashboard camera, photorealistic and grounded in the visual qualities of real dashcam footage: slightly wide-angle lens, vehicle hood visible at the bottom edge, slight reflection on the windshield, mild motion blur on lane markings and moving objects. Scene: city street, overcast, evening. Include heavy vehicles ahead and to the sides, lane markings appropriate to city street, and roadside features consistent with the setting (trees, buildings, signage, etc.). Lighting and atmosphere consistent with evening and overcast. No identifiable license plates, no recognizable brand logos. The frame should look like an unremarkable still pulled from real dashcam footage.",0,,,,,,,,,,,,,,,,,,,,,,evening,,city street,overcast,heavy,,,,,item_00781_dashcam_T3_train_B
T3_dashcam_B_002,fabricated,,,,,dashcam_T3_train,dashcam_train_T3,,,,,,,,,,,,,,,,,,,,dashcam,T3,train,B,X-T3-DSH,"Generate a still frame from a vehicle dashboard camera, photorealistic and grounded in the visual qualities of real dashcam footage: slightly wide-angle lens, vehicle hood visible at the bottom edge, slight reflection on the windshield, mild motion blur on lane markings and moving objects. Scene: residential street, light rain, morning. Include sparse vehicles ahead and to the sides, lane markings appropriate to residential street, and roadside features consistent with the setting (trees, buildings, signage, etc.). Lighting and atmosphere consistent with morning and light rain. No identifiable license plates, no recognizable brand logos. The frame should look like an unremarkable still pulled from real dashcam footage.",0,,,,,,,,,,,,,,,,,,,,,,morning,,residential street,light rain,sparse,,,,,item_00782_dashcam_T3_train_B
T3_dashcam_B_003,fabricated,,,,,dashcam_T3_train,dashcam_train_T3,,,,,,,,,,,,,,,,,,,,dashcam,T3,train,B,X-T3-DSH,"Generate a still frame from a vehicle dashboard camera, photorealistic and grounded in the visual qualities of real dashcam footage: slightly wide-angle lens, vehicle hood visible at the bottom edge, slight reflection on the windshield, mild motion blur on lane markings and moving objects. Scene: intersection, fog, night. Include moderate vehicles ahead and to the sides, lane markings appropriate to intersection, and roadside features consistent with the setting (trees, buildings, signage, etc.). Lighting and atmosphere consistent with night and fog. No identifiable license plates, no recognizable brand logos. The frame should look like an unremarkable still pulled from real dashcam footage.",0,,,,,,,,,,,,,,,,,,,,,,night,,intersection,fog,moderate,,,,,item_00783_dashcam_T3_train_B
T3_dashcam_B_004,fabricated,,,,,dashcam_T3_train,dashcam_train_T3,,,,,,,,,,,,,,,,,,,,dashcam,T3,train,B,X-T3-DSH,"Generate a still frame from a vehicle dashboard camera, photorealistic and grounded in the visual qualities of real dashcam footage: slightly wide-angle lens, vehicle hood visible at the bottom edge, slight reflection on the windshield, mild motion blur on lane markings and moving objects. Scene: highway, light snow, dusk. Include moderate vehicles ahead and to the sides, lane markings appropriate to highway, and roadside features consistent with the setting (trees, buildings, signage, etc.). Lighting and atmosphere consistent with dusk and light snow. No identifiable license plates, no recognizable brand logos. The frame should look like an unremarkable still pulled from real dashcam footage.",0,,,,,,,,,,,,,,,,,,,,,,dusk,,highway,light snow,moderate,,,,,item_00784_dashcam_T3_train_B
T3_dashcam_B_005,fabricated,,,,,dashcam_T3_train,dashcam_train_T3,,,,,,,,,,,,,,,,,,,,dashcam,T3,train,B,X-T3-DSH,"Generate a still frame from a vehicle dashboard camera, photorealistic and grounded in the visual qualities of real dashcam footage: slightly wide-angle lens, vehicle hood visible at the bottom edge, slight reflection on the windshield, mild motion blur on lane markings and moving objects. Scene: highway, clear, midday. Include moderate vehicles ahead and to the sides, lane markings appropriate to highway, and roadside features consistent with the setting (trees, buildings, signage, etc.). Lighting and atmosphere consistent with midday and clear. No identifiable license plates, no recognizable brand logos. The frame should look like an unremarkable still pulled from real dashcam footage.",0,,,,,,,,,,,,,,,,,,,,,,midday,,highway,clear,moderate,,,,,item_00785_dashcam_T3_train_B
T3_dashcam_B_006,fabricated,,,,,dashcam_T3_train,dashcam_train_T3,,,,,,,,,,,,,,,,,,,,dashcam,T3,train,B,X-T3-DSH,"Generate a still frame from a vehicle dashboard camera, photorealistic and grounded in the visual qualities of real dashcam footage: slightly wide-angle lens, vehicle hood visible at the bottom edge, slight reflection on the windshield, mild motion blur on lane markings and moving objects. Scene: city street, overcast, evening. Include heavy vehicles ahead and to the sides, lane markings appropriate to city street, and roadside features consistent with the setting (trees, buildings, signage, etc.). Lighting and atmosphere consistent with evening and overcast. No identifiable license plates, no recognizable brand logos. The frame should look like an unremarkable still pulled from real dashcam footage.",0,,,,,,,,,,,,,,,,,,,,,,evening,,city street,overcast,heavy,,,,,item_00786_dashcam_T3_train_B
T3_dashcam_B_007,fabricated,,,,,dashcam_T3_train,dashcam_train_T3,,,,,,,,,,,,,,,,,,,,dashcam,T3,train,B,X-T3-DSH,"Generate a still frame from a vehicle dashboard camera, photorealistic and grounded in the visual qualities of real dashcam footage: slightly wide-angle lens, vehicle hood visible at the bottom edge, slight reflection on the windshield, mild motion blur on lane markings and moving objects. Scene: residential street, light rain, morning. Include sparse vehicles ahead and to the sides, lane markings appropriate to residential street, and roadside features consistent with the setting (trees, buildings, signage, etc.). Lighting and atmosphere consistent with morning and light rain. No identifiable license plates, no recognizable brand logos. The frame should look like an unremarkable still pulled from real dashcam footage.",0,,,,,,,,,,,,,,,,,,,,,,morning,,residential street,light rain,sparse,,,,,item_00787_dashcam_T3_train_B
T3_dashcam_B_008,fabricated,,,,,dashcam_T3_train,dashcam_train_T3,,,,,,,,,,,,,,,,,,,,dashcam,T3,train,B,X-T3-DSH,"Generate a still frame from a vehicle dashboard camera, photorealistic and grounded in the visual qualities of real dashcam footage: slightly wide-angle lens, vehicle hood visible at the bottom edge, slight reflection on the windshield, mild motion blur on lane markings and moving objects. Scene: intersection, fog, night. Include moderate vehicles ahead and to the sides, lane markings appropriate to intersection, and roadside features consistent with the setting (trees, buildings, signage, etc.). Lighting and atmosphere consistent with night and fog. No identifiable license plates, no recognizable brand logos. The frame should look like an unremarkable still pulled from real dashcam footage.",0,,,,,,,,,,,,,,,,,,,,,,night,,intersection,fog,moderate,,,,,item_00788_dashcam_T3_train_B
T3_dashcam_B_009,fabricated,,,,,dashcam_T3_train,dashcam_train_T3,,,,,,,,,,,,,,,,,,,,dashcam,T3,train,B,X-T3-DSH,"Generate a still frame from a vehicle dashboard camera, photorealistic and grounded in the visual qualities of real dashcam footage: slightly wide-angle lens, vehicle hood visible at the bottom edge, slight reflection on the windshield, mild motion blur on lane markings and moving objects. Scene: highway, light snow, dusk. Include moderate vehicles ahead and to the sides, lane markings appropriate to highway, and roadside features consistent with the setting (trees, buildings, signage, etc.). Lighting and atmosphere consistent with dusk and light snow. No identifiable license plates, no recognizable brand logos. The frame should look like an unremarkable still pulled from real dashcam footage.",0,,,,,,,,,,,,,,,,,,,,,,dusk,,highway,light snow,moderate,,,,,item_00789_dashcam_T3_train_B
T3_dashcam_B_010,fabricated,,,,,dashcam_T3_train,dashcam_train_T3,,,,,,,,,,,,,,,,,,,,dashcam,T3,train,B,X-T3-DSH,"Generate a still frame from a vehicle dashboard camera, photorealistic and grounded in the visual qualities of real dashcam footage: slightly wide-angle lens, vehicle hood visible at the bottom edge, slight reflection on the windshield, mild motion blur on lane markings and moving objects. Scene: highway, clear, midday. Include moderate vehicles ahead and to the sides, lane markings appropriate to highway, and roadside features consistent with the setting (trees, buildings, signage, etc.). Lighting and atmosphere consistent with midday and clear. No identifiable license plates, no recognizable brand logos. The frame should look like an unremarkable still pulled from real dashcam footage.",0,,,,,,,,,,,,,,,,,,,,,,midday,,highway,clear,moderate,,,,,item_00790_dashcam_T3_train_B
T3_dashcam_B_011,fabricated,,,,,dashcam_T3_train,dashcam_train_T3,,,,,,,,,,,,,,,,,,,,dashcam,T3,train,B,X-T3-DSH,"Generate a still frame from a vehicle dashboard camera, photorealistic and grounded in the visual qualities of real dashcam footage: slightly wide-angle lens, vehicle hood visible at the bottom edge, slight reflection on the windshield, mild motion blur on lane markings and moving objects. Scene: city street, overcast, evening. Include heavy vehicles ahead and to the sides, lane markings appropriate to city street, and roadside features consistent with the setting (trees, buildings, signage, etc.). Lighting and atmosphere consistent with evening and overcast. No identifiable license plates, no recognizable brand logos. The frame should look like an unremarkable still pulled from real dashcam footage.",0,,,,,,,,,,,,,,,,,,,,,,evening,,city street,overcast,heavy,,,,,item_00791_dashcam_T3_train_B
T3_dashcam_B_012,fabricated,,,,,dashcam_T3_train,dashcam_train_T3,,,,,,,,,,,,,,,,,,,,dashcam,T3,train,B,X-T3-DSH,"Generate a still frame from a vehicle dashboard camera, photorealistic and grounded in the visual qualities of real dashcam footage: slightly wide-angle lens, vehicle hood visible at the bottom edge, slight reflection on the windshield, mild motion blur on lane markings and moving objects. Scene: residential street, light rain, morning. Include sparse vehicles ahead and to the sides, lane markings appropriate to residential street, and roadside features consistent with the setting (trees, buildings, signage, etc.). Lighting and atmosphere consistent with morning and light rain. No identifiable license plates, no recognizable brand logos. The frame should look like an unremarkable still pulled from real dashcam footage.",0,,,,,,,,,,,,,,,,,,,,,,morning,,residential street,light rain,sparse,,,,,item_00792_dashcam_T3_train_B
T3_dashcam_B_013,fabricated,,,,,dashcam_T3_train,dashcam_train_T3,,,,,,,,,,,,,,,,,,,,dashcam,T3,train,B,X-T3-DSH,"Generate a still frame from a vehicle dashboard camera, photorealistic and grounded in the visual qualities of real dashcam footage: slightly wide-angle lens, vehicle hood visible at the bottom edge, slight reflection on the windshield, mild motion blur on lane markings and moving objects. Scene: intersection, fog, night. Include moderate vehicles ahead and to the sides, lane markings appropriate to intersection, and roadside features consistent with the setting (trees, buildings, signage, etc.). Lighting and atmosphere consistent with night and fog. No identifiable license plates, no recognizable brand logos. The frame should look like an unremarkable still pulled from real dashcam footage.",0,,,,,,,,,,,,,,,,,,,,,,night,,intersection,fog,moderate,,,,,item_00793_dashcam_T3_train_B
T3_dashcam_B_014,fabricated,,,,,dashcam_T3_train,dashcam_train_T3,,,,,,,,,,,,,,,,,,,,dashcam,T3,train,B,X-T3-DSH,"Generate a still frame from a vehicle dashboard camera, photorealistic and grounded in the visual qualities of real dashcam footage: slightly wide-angle lens, vehicle hood visible at the bottom edge, slight reflection on the windshield, mild motion blur on lane markings and moving objects. Scene: highway, light snow, dusk. Include moderate vehicles ahead and to the sides, lane markings appropriate to highway, and roadside features consistent with the setting (trees, buildings, signage, etc.). Lighting and atmosphere consistent with dusk and light snow. No identifiable license plates, no recognizable brand logos. The frame should look like an unremarkable still pulled from real dashcam footage.",0,,,,,,,,,,,,,,,,,,,,,,dusk,,highway,light snow,moderate,,,,,item_00794_dashcam_T3_train_B
T3_dashcam_C_000,fabricated,,,,,dashcam_T3_train,dashcam_train_T3,,,,,,,,,,,,,,,,,,,,dashcam,T3,train,C,X-T3-DSH,"Generate a still frame from a vehicle dashboard camera, photorealistic and grounded in the visual qualities of real dashcam footage: slightly wide-angle lens, vehicle hood visible at the bottom edge, slight reflection on the windshield, mild motion blur on lane markings and moving objects. Scene: highway, clear, midday. Include moderate vehicles ahead and to the sides, lane markings appropriate to highway, and roadside features consistent with the setting (trees, buildings, signage, etc.). Lighting and atmosphere consistent with midday and clear. No identifiable license plates, no recognizable brand logos. The frame should look like an unremarkable still pulled from real dashcam footage.",0,,,,,,,,,,,,,,,,,,,,,,midday,,highway,clear,moderate,,,,,item_00795_dashcam_T3_train_C
T3_dashcam_C_001,fabricated,,,,,dashcam_T3_train,dashcam_train_T3,,,,,,,,,,,,,,,,,,,,dashcam,T3,train,C,X-T3-DSH,"Generate a still frame from a vehicle dashboard camera, photorealistic and grounded in the visual qualities of real dashcam footage: slightly wide-angle lens, vehicle hood visible at the bottom edge, slight reflection on the windshield, mild motion blur on lane markings and moving objects. Scene: city street, overcast, evening. Include heavy vehicles ahead and to the sides, lane markings appropriate to city street, and roadside features consistent with the setting (trees, buildings, signage, etc.). Lighting and atmosphere consistent with evening and overcast. No identifiable license plates, no recognizable brand logos. The frame should look like an unremarkable still pulled from real dashcam footage.",0,,,,,,,,,,,,,,,,,,,,,,evening,,city street,overcast,heavy,,,,,item_00796_dashcam_T3_train_C
T3_dashcam_C_002,fabricated,,,,,dashcam_T3_train,dashcam_train_T3,,,,,,,,,,,,,,,,,,,,dashcam,T3,train,C,X-T3-DSH,"Generate a still frame from a vehicle dashboard camera, photorealistic and grounded in the visual qualities of real dashcam footage: slightly wide-angle lens, vehicle hood visible at the bottom edge, slight reflection on the windshield, mild motion blur on lane markings and moving objects. Scene: residential street, light rain, morning. Include sparse vehicles ahead and to the sides, lane markings appropriate to residential street, and roadside features consistent with the setting (trees, buildings, signage, etc.). Lighting and atmosphere consistent with morning and light rain. No identifiable license plates, no recognizable brand logos. The frame should look like an unremarkable still pulled from real dashcam footage.",0,,,,,,,,,,,,,,,,,,,,,,morning,,residential street,light rain,sparse,,,,,item_00797_dashcam_T3_train_C
T3_dashcam_C_003,fabricated,,,,,dashcam_T3_train,dashcam_train_T3,,,,,,,,,,,,,,,,,,,,dashcam,T3,train,C,X-T3-DSH,"Generate a still frame from a vehicle dashboard camera, photorealistic and grounded in the visual qualities of real dashcam footage: slightly wide-angle lens, vehicle hood visible at the bottom edge, slight reflection on the windshield, mild motion blur on lane markings and moving objects. Scene: intersection, fog, night. Include moderate vehicles ahead and to the sides, lane markings appropriate to intersection, and roadside features consistent with the setting (trees, buildings, signage, etc.). Lighting and atmosphere consistent with night and fog. No identifiable license plates, no recognizable brand logos. The frame should look like an unremarkable still pulled from real dashcam footage.",0,,,,,,,,,,,,,,,,,,,,,,night,,intersection,fog,moderate,,,,,item_00798_dashcam_T3_train_C
T3_dashcam_C_004,fabricated,,,,,dashcam_T3_train,dashcam_train_T3,,,,,,,,,,,,,,,,,,,,dashcam,T3,train,C,X-T3-DSH,"Generate a still frame from a vehicle dashboard camera, photorealistic and grounded in the visual qualities of real dashcam footage: slightly wide-angle lens, vehicle hood visible at the bottom edge, slight reflection on the windshield, mild motion blur on lane markings and moving objects. Scene: highway, light snow, dusk. Include moderate vehicles ahead and to the sides, lane markings appropriate to highway, and roadside features consistent with the setting (trees, buildings, signage, etc.). Lighting and atmosphere consistent with dusk and light snow. No identifiable license plates, no recognizable brand logos. The frame should look like an unremarkable still pulled from real dashcam footage.",0,,,,,,,,,,,,,,,,,,,,,,dusk,,highway,light snow,moderate,,,,,item_00799_dashcam_T3_train_C
T3_dashcam_C_005,fabricated,,,,,dashcam_T3_train,dashcam_train_T3,,,,,,,,,,,,,,,,,,,,dashcam,T3,train,C,X-T3-DSH,"Generate a still frame from a vehicle dashboard camera, photorealistic and grounded in the visual qualities of real dashcam footage: slightly wide-angle lens, vehicle hood visible at the bottom edge, slight reflection on the windshield, mild motion blur on lane markings and moving objects. Scene: highway, clear, midday. Include moderate vehicles ahead and to the sides, lane markings appropriate to highway, and roadside features consistent with the setting (trees, buildings, signage, etc.). Lighting and atmosphere consistent with midday and clear. No identifiable license plates, no recognizable brand logos. The frame should look like an unremarkable still pulled from real dashcam footage.",0,,,,,,,,,,,,,,,,,,,,,,midday,,highway,clear,moderate,,,,,item_00800_dashcam_T3_train_C
T3_dashcam_C_006,fabricated,,,,,dashcam_T3_train,dashcam_train_T3,,,,,,,,,,,,,,,,,,,,dashcam,T3,train,C,X-T3-DSH,"Generate a still frame from a vehicle dashboard camera, photorealistic and grounded in the visual qualities of real dashcam footage: slightly wide-angle lens, vehicle hood visible at the bottom edge, slight reflection on the windshield, mild motion blur on lane markings and moving objects. Scene: city street, overcast, evening. Include heavy vehicles ahead and to the sides, lane markings appropriate to city street, and roadside features consistent with the setting (trees, buildings, signage, etc.). Lighting and atmosphere consistent with evening and overcast. No identifiable license plates, no recognizable brand logos. The frame should look like an unremarkable still pulled from real dashcam footage.",0,,,,,,,,,,,,,,,,,,,,,,evening,,city street,overcast,heavy,,,,,item_00801_dashcam_T3_train_C
T3_dashcam_C_007,fabricated,,,,,dashcam_T3_train,dashcam_train_T3,,,,,,,,,,,,,,,,,,,,dashcam,T3,train,C,X-T3-DSH,"Generate a still frame from a vehicle dashboard camera, photorealistic and grounded in the visual qualities of real dashcam footage: slightly wide-angle lens, vehicle hood visible at the bottom edge, slight reflection on the windshield, mild motion blur on lane markings and moving objects. Scene: residential street, light rain, morning. Include sparse vehicles ahead and to the sides, lane markings appropriate to residential street, and roadside features consistent with the setting (trees, buildings, signage, etc.). Lighting and atmosphere consistent with morning and light rain. No identifiable license plates, no recognizable brand logos. The frame should look like an unremarkable still pulled from real dashcam footage.",0,,,,,,,,,,,,,,,,,,,,,,morning,,residential street,light rain,sparse,,,,,item_00802_dashcam_T3_train_C
T3_dashcam_C_008,fabricated,,,,,dashcam_T3_train,dashcam_train_T3,,,,,,,,,,,,,,,,,,,,dashcam,T3,train,C,X-T3-DSH,"Generate a still frame from a vehicle dashboard camera, photorealistic and grounded in the visual qualities of real dashcam footage: slightly wide-angle lens, vehicle hood visible at the bottom edge, slight reflection on the windshield, mild motion blur on lane markings and moving objects. Scene: intersection, fog, night. Include moderate vehicles ahead and to the sides, lane markings appropriate to intersection, and roadside features consistent with the setting (trees, buildings, signage, etc.). Lighting and atmosphere consistent with night and fog. No identifiable license plates, no recognizable brand logos. The frame should look like an unremarkable still pulled from real dashcam footage.",0,,,,,,,,,,,,,,,,,,,,,,night,,intersection,fog,moderate,,,,,item_00803_dashcam_T3_train_C
T3_dashcam_C_009,fabricated,,,,,dashcam_T3_train,dashcam_train_T3,,,,,,,,,,,,,,,,,,,,dashcam,T3,train,C,X-T3-DSH,"Generate a still frame from a vehicle dashboard camera, photorealistic and grounded in the visual qualities of real dashcam footage: slightly wide-angle lens, vehicle hood visible at the bottom edge, slight reflection on the windshield, mild motion blur on lane markings and moving objects. Scene: highway, light snow, dusk. Include moderate vehicles ahead and to the sides, lane markings appropriate to highway, and roadside features consistent with the setting (trees, buildings, signage, etc.). Lighting and atmosphere consistent with dusk and light snow. No identifiable license plates, no recognizable brand logos. The frame should look like an unremarkable still pulled from real dashcam footage.",0,,,,,,,,,,,,,,,,,,,,,,dusk,,highway,light snow,moderate,,,,,item_00804_dashcam_T3_train_C
T3_dashcam_C_010,fabricated,,,,,dashcam_T3_train,dashcam_train_T3,,,,,,,,,,,,,,,,,,,,dashcam,T3,train,C,X-T3-DSH,"Generate a still frame from a vehicle dashboard camera, photorealistic and grounded in the visual qualities of real dashcam footage: slightly wide-angle lens, vehicle hood visible at the bottom edge, slight reflection on the windshield, mild motion blur on lane markings and moving objects. Scene: highway, clear, midday. Include moderate vehicles ahead and to the sides, lane markings appropriate to highway, and roadside features consistent with the setting (trees, buildings, signage, etc.). Lighting and atmosphere consistent with midday and clear. No identifiable license plates, no recognizable brand logos. The frame should look like an unremarkable still pulled from real dashcam footage.",0,,,,,,,,,,,,,,,,,,,,,,midday,,highway,clear,moderate,,,,,item_00805_dashcam_T3_train_C
T3_dashcam_C_011,fabricated,,,,,dashcam_T3_train,dashcam_train_T3,,,,,,,,,,,,,,,,,,,,dashcam,T3,train,C,X-T3-DSH,"Generate a still frame from a vehicle dashboard camera, photorealistic and grounded in the visual qualities of real dashcam footage: slightly wide-angle lens, vehicle hood visible at the bottom edge, slight reflection on the windshield, mild motion blur on lane markings and moving objects. Scene: city street, overcast, evening. Include heavy vehicles ahead and to the sides, lane markings appropriate to city street, and roadside features consistent with the setting (trees, buildings, signage, etc.). Lighting and atmosphere consistent with evening and overcast. No identifiable license plates, no recognizable brand logos. The frame should look like an unremarkable still pulled from real dashcam footage.",0,,,,,,,,,,,,,,,,,,,,,,evening,,city street,overcast,heavy,,,,,item_00806_dashcam_T3_train_C
T3_dashcam_C_012,fabricated,,,,,dashcam_T3_train,dashcam_train_T3,,,,,,,,,,,,,,,,,,,,dashcam,T3,train,C,X-T3-DSH,"Generate a still frame from a vehicle dashboard camera, photorealistic and grounded in the visual qualities of real dashcam footage: slightly wide-angle lens, vehicle hood visible at the bottom edge, slight reflection on the windshield, mild motion blur on lane markings and moving objects. Scene: residential street, light rain, morning. Include sparse vehicles ahead and to the sides, lane markings appropriate to residential street, and roadside features consistent with the setting (trees, buildings, signage, etc.). Lighting and atmosphere consistent with morning and light rain. No identifiable license plates, no recognizable brand logos. The frame should look like an unremarkable still pulled from real dashcam footage.",0,,,,,,,,,,,,,,,,,,,,,,morning,,residential street,light rain,sparse,,,,,item_00807_dashcam_T3_train_C
T3_dashcam_C_013,fabricated,,,,,dashcam_T3_train,dashcam_train_T3,,,,,,,,,,,,,,,,,,,,dashcam,T3,train,C,X-T3-DSH,"Generate a still frame from a vehicle dashboard camera, photorealistic and grounded in the visual qualities of real dashcam footage: slightly wide-angle lens, vehicle hood visible at the bottom edge, slight reflection on the windshield, mild motion blur on lane markings and moving objects. Scene: intersection, fog, night. Include moderate vehicles ahead and to the sides, lane markings appropriate to intersection, and roadside features consistent with the setting (trees, buildings, signage, etc.). Lighting and atmosphere consistent with night and fog. No identifiable license plates, no recognizable brand logos. The frame should look like an unremarkable still pulled from real dashcam footage.",0,,,,,,,,,,,,,,,,,,,,,,night,,intersection,fog,moderate,,,,,item_00808_dashcam_T3_train_C
T3_dashcam_C_014,fabricated,,,,,dashcam_T3_train,dashcam_train_T3,,,,,,,,,,,,,,,,,,,,dashcam,T3,train,C,X-T3-DSH,"Generate a still frame from a vehicle dashboard camera, photorealistic and grounded in the visual qualities of real dashcam footage: slightly wide-angle lens, vehicle hood visible at the bottom edge, slight reflection on the windshield, mild motion blur on lane markings and moving objects. Scene: highway, light snow, dusk. Include moderate vehicles ahead and to the sides, lane markings appropriate to highway, and roadside features consistent with the setting (trees, buildings, signage, etc.). Lighting and atmosphere consistent with dusk and light snow. No identifiable license plates, no recognizable brand logos. The frame should look like an unremarkable still pulled from real dashcam footage.",0,,,,,,,,,,,,,,,,,,,,,,dusk,,highway,light snow,moderate,,,,,item_00809_dashcam_T3_train_C
T3_phone_A_000,fabricated,,,,,phone_T3_train,phone_train_T3,,,,,,,,,,,,,,,,,,,,phone,T3,train,A,X-T3-PHN,"Generate a photograph that looks like it was taken with a modern smartphone camera, handheld, photorealistic. Scene: garage. Subject: vehicle damage. The image should have the natural color rendering, slight motion blur or focus softness, and casual framing of a real handheld phone photo — not a professional photograph. Composition should be unremarkable: slight tilt, off-center subject, no studio lighting. No watermarks, no recognizable brand logos, no identifiable faces. The image should look like an unremarkable photo a person would take with their phone to document something.",0,,,,,,,,,,,,,,,,,,,,,,,,,,,garage,vehicle damage,,,item_00810_phone_T3_train_A
T3_phone_A_001,fabricated,,,,,phone_T3_train,phone_train_T3,,,,,,,,,,,,,,,,,,,,phone,T3,train,A,X-T3-PHN,"Generate a photograph that looks like it was taken with a modern smartphone camera, handheld, photorealistic. Scene: kitchen. Subject: spilled liquid. The image should have the natural color rendering, slight motion blur or focus softness, and casual framing of a real handheld phone photo — not a professional photograph. Composition should be unremarkable: slight tilt, off-center subject, no studio lighting. No watermarks, no recognizable brand logos, no identifiable faces. The image should look like an unremarkable photo a person would take with their phone to document something.",0,,,,,,,,,,,,,,,,,,,,,,,,,,,kitchen,spilled liquid,,,item_00811_phone_T3_train_A
T3_phone_A_002,fabricated,,,,,phone_T3_train,phone_train_T3,,,,,,,,,,,,,,,,,,,,phone,T3,train,A,X-T3-PHN,"Generate a photograph that looks like it was taken with a modern smartphone camera, handheld, photorealistic. Scene: sidewalk. Subject: broken object. The image should have the natural color rendering, slight motion blur or focus softness, and casual framing of a real handheld phone photo — not a professional photograph. Composition should be unremarkable: slight tilt, off-center subject, no studio lighting. No watermarks, no recognizable brand logos, no identifiable faces. The image should look like an unremarkable photo a person would take with their phone to document something.",0,,,,,,,,,,,,,,,,,,,,,,,,,,,sidewalk,broken object,,,item_00812_phone_T3_train_A
T3_phone_A_003,fabricated,,,,,phone_T3_train,phone_train_T3,,,,,,,,,,,,,,,,,,,,phone,T3,train,A,X-T3-PHN,"Generate a photograph that looks like it was taken with a modern smartphone camera, handheld, photorealistic. Scene: office. Subject: package. The image should have the natural color rendering, slight motion blur or focus softness, and casual framing of a real handheld phone photo — not a professional photograph. Composition should be unremarkable: slight tilt, off-center subject, no studio lighting. No watermarks, no recognizable brand logos, no identifiable faces. The image should look like an unremarkable photo a person would take with their phone to document something.",0,,,,,,,,,,,,,,,,,,,,,,,,,,,office,package,,,item_00813_phone_T3_train_A
T3_phone_A_004,fabricated,,,,,phone_T3_train,phone_train_T3,,,,,,,,,,,,,,,,,,,,phone,T3,train,A,X-T3-PHN,"Generate a photograph that looks like it was taken with a modern smartphone camera, handheld, photorealistic. Scene: living room. Subject: a piece of furniture with damage. The image should have the natural color rendering, slight motion blur or focus softness, and casual framing of a real handheld phone photo — not a professional photograph. Composition should be unremarkable: slight tilt, off-center subject, no studio lighting. No watermarks, no recognizable brand logos, no identifiable faces. The image should look like an unremarkable photo a person would take with their phone to document something.",0,,,,,,,,,,,,,,,,,,,,,,,,,,,living room,a piece of furniture with damage,,,item_00814_phone_T3_train_A
T3_phone_A_005,fabricated,,,,,phone_T3_train,phone_train_T3,,,,,,,,,,,,,,,,,,,,phone,T3,train,A,X-T3-PHN,"Generate a photograph that looks like it was taken with a modern smartphone camera, handheld, photorealistic. Scene: garage. Subject: vehicle damage. The image should have the natural color rendering, slight motion blur or focus softness, and casual framing of a real handheld phone photo — not a professional photograph. Composition should be unremarkable: slight tilt, off-center subject, no studio lighting. No watermarks, no recognizable brand logos, no identifiable faces. The image should look like an unremarkable photo a person would take with their phone to document something.",0,,,,,,,,,,,,,,,,,,,,,,,,,,,garage,vehicle damage,,,item_00815_phone_T3_train_A
T3_phone_A_006,fabricated,,,,,phone_T3_train,phone_train_T3,,,,,,,,,,,,,,,,,,,,phone,T3,train,A,X-T3-PHN,"Generate a photograph that looks like it was taken with a modern smartphone camera, handheld, photorealistic. Scene: kitchen. Subject: spilled liquid. The image should have the natural color rendering, slight motion blur or focus softness, and casual framing of a real handheld phone photo — not a professional photograph. Composition should be unremarkable: slight tilt, off-center subject, no studio lighting. No watermarks, no recognizable brand logos, no identifiable faces. The image should look like an unremarkable photo a person would take with their phone to document something.",0,,,,,,,,,,,,,,,,,,,,,,,,,,,kitchen,spilled liquid,,,item_00816_phone_T3_train_A
T3_phone_A_007,fabricated,,,,,phone_T3_train,phone_train_T3,,,,,,,,,,,,,,,,,,,,phone,T3,train,A,X-T3-PHN,"Generate a photograph that looks like it was taken with a modern smartphone camera, handheld, photorealistic. Scene: sidewalk. Subject: broken object. The image should have the natural color rendering, slight motion blur or focus softness, and casual framing of a real handheld phone photo — not a professional photograph. Composition should be unremarkable: slight tilt, off-center subject, no studio lighting. No watermarks, no recognizable brand logos, no identifiable faces. The image should look like an unremarkable photo a person would take with their phone to document something.",0,,,,,,,,,,,,,,,,,,,,,,,,,,,sidewalk,broken object,,,item_00817_phone_T3_train_A
T3_phone_A_008,fabricated,,,,,phone_T3_train,phone_train_T3,,,,,,,,,,,,,,,,,,,,phone,T3,train,A,X-T3-PHN,"Generate a photograph that looks like it was taken with a modern smartphone camera, handheld, photorealistic. Scene: office. Subject: package. The image should have the natural color rendering, slight motion blur or focus softness, and casual framing of a real handheld phone photo — not a professional photograph. Composition should be unremarkable: slight tilt, off-center subject, no studio lighting. No watermarks, no recognizable brand logos, no identifiable faces. The image should look like an unremarkable photo a person would take with their phone to document something.",0,,,,,,,,,,,,,,,,,,,,,,,,,,,office,package,,,item_00818_phone_T3_train_A
T3_phone_A_009,fabricated,,,,,phone_T3_train,phone_train_T3,,,,,,,,,,,,,,,,,,,,phone,T3,train,A,X-T3-PHN,"Generate a photograph that looks like it was taken with a modern smartphone camera, handheld, photorealistic. Scene: living room. Subject: a piece of furniture with damage. The image should have the natural color rendering, slight motion blur or focus softness, and casual framing of a real handheld phone photo — not a professional photograph. Composition should be unremarkable: slight tilt, off-center subject, no studio lighting. No watermarks, no recognizable brand logos, no identifiable faces. The image should look like an unremarkable photo a person would take with their phone to document something.",0,,,,,,,,,,,,,,,,,,,,,,,,,,,living room,a piece of furniture with damage,,,item_00819_phone_T3_train_A
T3_phone_A_010,fabricated,,,,,phone_T3_train,phone_train_T3,,,,,,,,,,,,,,,,,,,,phone,T3,train,A,X-T3-PHN,"Generate a photograph that looks like it was taken with a modern smartphone camera, handheld, photorealistic. Scene: garage. Subject: vehicle damage. The image should have the natural color rendering, slight motion blur or focus softness, and casual framing of a real handheld phone photo — not a professional photograph. Composition should be unremarkable: slight tilt, off-center subject, no studio lighting. No watermarks, no recognizable brand logos, no identifiable faces. The image should look like an unremarkable photo a person would take with their phone to document something.",0,,,,,,,,,,,,,,,,,,,,,,,,,,,garage,vehicle damage,,,item_00820_phone_T3_train_A
T3_phone_A_011,fabricated,,,,,phone_T3_train,phone_train_T3,,,,,,,,,,,,,,,,,,,,phone,T3,train,A,X-T3-PHN,"Generate a photograph that looks like it was taken with a modern smartphone camera, handheld, photorealistic. Scene: kitchen. Subject: spilled liquid. The image should have the natural color rendering, slight motion blur or focus softness, and casual framing of a real handheld phone photo — not a professional photograph. Composition should be unremarkable: slight tilt, off-center subject, no studio lighting. No watermarks, no recognizable brand logos, no identifiable faces. The image should look like an unremarkable photo a person would take with their phone to document something.",0,,,,,,,,,,,,,,,,,,,,,,,,,,,kitchen,spilled liquid,,,item_00821_phone_T3_train_A
T3_phone_A_012,fabricated,,,,,phone_T3_train,phone_train_T3,,,,,,,,,,,,,,,,,,,,phone,T3,train,A,X-T3-PHN,"Generate a photograph that looks like it was taken with a modern smartphone camera, handheld, photorealistic. Scene: sidewalk. Subject: broken object. The image should have the natural color rendering, slight motion blur or focus softness, and casual framing of a real handheld phone photo — not a professional photograph. Composition should be unremarkable: slight tilt, off-center subject, no studio lighting. No watermarks, no recognizable brand logos, no identifiable faces. The image should look like an unremarkable photo a person would take with their phone to document something.",0,,,,,,,,,,,,,,,,,,,,,,,,,,,sidewalk,broken object,,,item_00822_phone_T3_train_A
T3_phone_A_013,fabricated,,,,,phone_T3_train,phone_train_T3,,,,,,,,,,,,,,,,,,,,phone,T3,train,A,X-T3-PHN,"Generate a photograph that looks like it was taken with a modern smartphone camera, handheld, photorealistic. Scene: office. Subject: package. The image should have the natural color rendering, slight motion blur or focus softness, and casual framing of a real handheld phone photo — not a professional photograph. Composition should be unremarkable: slight tilt, off-center subject, no studio lighting. No watermarks, no recognizable brand logos, no identifiable faces. The image should look like an unremarkable photo a person would take with their phone to document something.",0,,,,,,,,,,,,,,,,,,,,,,,,,,,office,package,,,item_00823_phone_T3_train_A
T3_phone_A_014,fabricated,,,,,phone_T3_train,phone_train_T3,,,,,,,,,,,,,,,,,,,,phone,T3,train,A,X-T3-PHN,"Generate a photograph that looks like it was taken with a modern smartphone camera, handheld, photorealistic. Scene: living room. Subject: a piece of furniture with damage. The image should have the natural color rendering, slight motion blur or focus softness, and casual framing of a real handheld phone photo — not a professional photograph. Composition should be unremarkable: slight tilt, off-center subject, no studio lighting. No watermarks, no recognizable brand logos, no identifiable faces. The image should look like an unremarkable photo a person would take with their phone to document something.",0,,,,,,,,,,,,,,,,,,,,,,,,,,,living room,a piece of furniture with damage,,,item_00824_phone_T3_train_A
T3_phone_B_000,fabricated,,,,,phone_T3_train,phone_train_T3,,,,,,,,,,,,,,,,,,,,phone,T3,train,B,X-T3-PHN,"Generate a photograph that looks like it was taken with a modern smartphone camera, handheld, photorealistic. Scene: garage. Subject: vehicle damage. The image should have the natural color rendering, slight motion blur or focus softness, and casual framing of a real handheld phone photo — not a professional photograph. Composition should be unremarkable: slight tilt, off-center subject, no studio lighting. No watermarks, no recognizable brand logos, no identifiable faces. The image should look like an unremarkable photo a person would take with their phone to document something.",0,,,,,,,,,,,,,,,,,,,,,,,,,,,garage,vehicle damage,,,item_00825_phone_T3_train_B
T3_phone_B_001,fabricated,,,,,phone_T3_train,phone_train_T3,,,,,,,,,,,,,,,,,,,,phone,T3,train,B,X-T3-PHN,"Generate a photograph that looks like it was taken with a modern smartphone camera, handheld, photorealistic. Scene: kitchen. Subject: spilled liquid. The image should have the natural color rendering, slight motion blur or focus softness, and casual framing of a real handheld phone photo — not a professional photograph. Composition should be unremarkable: slight tilt, off-center subject, no studio lighting. No watermarks, no recognizable brand logos, no identifiable faces. The image should look like an unremarkable photo a person would take with their phone to document something.",0,,,,,,,,,,,,,,,,,,,,,,,,,,,kitchen,spilled liquid,,,item_00826_phone_T3_train_B
T3_phone_B_002,fabricated,,,,,phone_T3_train,phone_train_T3,,,,,,,,,,,,,,,,,,,,phone,T3,train,B,X-T3-PHN,"Generate a photograph that looks like it was taken with a modern smartphone camera, handheld, photorealistic. Scene: sidewalk. Subject: broken object. The image should have the natural color rendering, slight motion blur or focus softness, and casual framing of a real handheld phone photo — not a professional photograph. Composition should be unremarkable: slight tilt, off-center subject, no studio lighting. No watermarks, no recognizable brand logos, no identifiable faces. The image should look like an unremarkable photo a person would take with their phone to document something.",0,,,,,,,,,,,,,,,,,,,,,,,,,,,sidewalk,broken object,,,item_00827_phone_T3_train_B
T3_phone_B_003,fabricated,,,,,phone_T3_train,phone_train_T3,,,,,,,,,,,,,,,,,,,,phone,T3,train,B,X-T3-PHN,"Generate a photograph that looks like it was taken with a modern smartphone camera, handheld, photorealistic. Scene: office. Subject: package. The image should have the natural color rendering, slight motion blur or focus softness, and casual framing of a real handheld phone photo — not a professional photograph. Composition should be unremarkable: slight tilt, off-center subject, no studio lighting. No watermarks, no recognizable brand logos, no identifiable faces. The image should look like an unremarkable photo a person would take with their phone to document something.",0,,,,,,,,,,,,,,,,,,,,,,,,,,,office,package,,,item_00828_phone_T3_train_B
T3_phone_B_004,fabricated,,,,,phone_T3_train,phone_train_T3,,,,,,,,,,,,,,,,,,,,phone,T3,train,B,X-T3-PHN,"Generate a photograph that looks like it was taken with a modern smartphone camera, handheld, photorealistic. Scene: living room. Subject: a piece of furniture with damage. The image should have the natural color rendering, slight motion blur or focus softness, and casual framing of a real handheld phone photo — not a professional photograph. Composition should be unremarkable: slight tilt, off-center subject, no studio lighting. No watermarks, no recognizable brand logos, no identifiable faces. The image should look like an unremarkable photo a person would take with their phone to document something.",0,,,,,,,,,,,,,,,,,,,,,,,,,,,living room,a piece of furniture with damage,,,item_00829_phone_T3_train_B
T3_phone_B_005,fabricated,,,,,phone_T3_train,phone_train_T3,,,,,,,,,,,,,,,,,,,,phone,T3,train,B,X-T3-PHN,"Generate a photograph that looks like it was taken with a modern smartphone camera, handheld, photorealistic. Scene: garage. Subject: vehicle damage. The image should have the natural color rendering, slight motion blur or focus softness, and casual framing of a real handheld phone photo — not a professional photograph. Composition should be unremarkable: slight tilt, off-center subject, no studio lighting. No watermarks, no recognizable brand logos, no identifiable faces. The image should look like an unremarkable photo a person would take with their phone to document something.",0,,,,,,,,,,,,,,,,,,,,,,,,,,,garage,vehicle damage,,,item_00830_phone_T3_train_B
T3_phone_B_006,fabricated,,,,,phone_T3_train,phone_train_T3,,,,,,,,,,,,,,,,,,,,phone,T3,train,B,X-T3-PHN,"Generate a photograph that looks like it was taken with a modern smartphone camera, handheld, photorealistic. Scene: kitchen. Subject: spilled liquid. The image should have the natural color rendering, slight motion blur or focus softness, and casual framing of a real handheld phone photo — not a professional photograph. Composition should be unremarkable: slight tilt, off-center subject, no studio lighting. No watermarks, no recognizable brand logos, no identifiable faces. The image should look like an unremarkable photo a person would take with their phone to document something.",0,,,,,,,,,,,,,,,,,,,,,,,,,,,kitchen,spilled liquid,,,item_00831_phone_T3_train_B
T3_phone_B_007,fabricated,,,,,phone_T3_train,phone_train_T3,,,,,,,,,,,,,,,,,,,,phone,T3,train,B,X-T3-PHN,"Generate a photograph that looks like it was taken with a modern smartphone camera, handheld, photorealistic. Scene: sidewalk. Subject: broken object. The image should have the natural color rendering, slight motion blur or focus softness, and casual framing of a real handheld phone photo — not a professional photograph. Composition should be unremarkable: slight tilt, off-center subject, no studio lighting. No watermarks, no recognizable brand logos, no identifiable faces. The image should look like an unremarkable photo a person would take with their phone to document something.",0,,,,,,,,,,,,,,,,,,,,,,,,,,,sidewalk,broken object,,,item_00832_phone_T3_train_B
T3_phone_B_008,fabricated,,,,,phone_T3_train,phone_train_T3,,,,,,,,,,,,,,,,,,,,phone,T3,train,B,X-T3-PHN,"Generate a photograph that looks like it was taken with a modern smartphone camera, handheld, photorealistic. Scene: office. Subject: package. The image should have the natural color rendering, slight motion blur or focus softness, and casual framing of a real handheld phone photo — not a professional photograph. Composition should be unremarkable: slight tilt, off-center subject, no studio lighting. No watermarks, no recognizable brand logos, no identifiable faces. The image should look like an unremarkable photo a person would take with their phone to document something.",0,,,,,,,,,,,,,,,,,,,,,,,,,,,office,package,,,item_00833_phone_T3_train_B
T3_phone_B_009,fabricated,,,,,phone_T3_train,phone_train_T3,,,,,,,,,,,,,,,,,,,,phone,T3,train,B,X-T3-PHN,"Generate a photograph that looks like it was taken with a modern smartphone camera, handheld, photorealistic. Scene: living room. Subject: a piece of furniture with damage. The image should have the natural color rendering, slight motion blur or focus softness, and casual framing of a real handheld phone photo — not a professional photograph. Composition should be unremarkable: slight tilt, off-center subject, no studio lighting. No watermarks, no recognizable brand logos, no identifiable faces. The image should look like an unremarkable photo a person would take with their phone to document something.",0,,,,,,,,,,,,,,,,,,,,,,,,,,,living room,a piece of furniture with damage,,,item_00834_phone_T3_train_B
T3_phone_B_010,fabricated,,,,,phone_T3_train,phone_train_T3,,,,,,,,,,,,,,,,,,,,phone,T3,train,B,X-T3-PHN,"Generate a photograph that looks like it was taken with a modern smartphone camera, handheld, photorealistic. Scene: garage. Subject: vehicle damage. The image should have the natural color rendering, slight motion blur or focus softness, and casual framing of a real handheld phone photo — not a professional photograph. Composition should be unremarkable: slight tilt, off-center subject, no studio lighting. No watermarks, no recognizable brand logos, no identifiable faces. The image should look like an unremarkable photo a person would take with their phone to document something.",0,,,,,,,,,,,,,,,,,,,,,,,,,,,garage,vehicle damage,,,item_00835_phone_T3_train_B
T3_phone_B_011,fabricated,,,,,phone_T3_train,phone_train_T3,,,,,,,,,,,,,,,,,,,,phone,T3,train,B,X-T3-PHN,"Generate a photograph that looks like it was taken with a modern smartphone camera, handheld, photorealistic. Scene: kitchen. Subject: spilled liquid. The image should have the natural color rendering, slight motion blur or focus softness, and casual framing of a real handheld phone photo — not a professional photograph. Composition should be unremarkable: slight tilt, off-center subject, no studio lighting. No watermarks, no recognizable brand logos, no identifiable faces. The image should look like an unremarkable photo a person would take with their phone to document something.",0,,,,,,,,,,,,,,,,,,,,,,,,,,,kitchen,spilled liquid,,,item_00836_phone_T3_train_B
T3_phone_B_012,fabricated,,,,,phone_T3_train,phone_train_T3,,,,,,,,,,,,,,,,,,,,phone,T3,train,B,X-T3-PHN,"Generate a photograph that looks like it was taken with a modern smartphone camera, handheld, photorealistic. Scene: sidewalk. Subject: broken object. The image should have the natural color rendering, slight motion blur or focus softness, and casual framing of a real handheld phone photo — not a professional photograph. Composition should be unremarkable: slight tilt, off-center subject, no studio lighting. No watermarks, no recognizable brand logos, no identifiable faces. The image should look like an unremarkable photo a person would take with their phone to document something.",0,,,,,,,,,,,,,,,,,,,,,,,,,,,sidewalk,broken object,,,item_00837_phone_T3_train_B
T3_phone_B_013,fabricated,,,,,phone_T3_train,phone_train_T3,,,,,,,,,,,,,,,,,,,,phone,T3,train,B,X-T3-PHN,"Generate a photograph that looks like it was taken with a modern smartphone camera, handheld, photorealistic. Scene: office. Subject: package. The image should have the natural color rendering, slight motion blur or focus softness, and casual framing of a real handheld phone photo — not a professional photograph. Composition should be unremarkable: slight tilt, off-center subject, no studio lighting. No watermarks, no recognizable brand logos, no identifiable faces. The image should look like an unremarkable photo a person would take with their phone to document something.",0,,,,,,,,,,,,,,,,,,,,,,,,,,,office,package,,,item_00838_phone_T3_train_B
T3_phone_B_014,fabricated,,,,,phone_T3_train,phone_train_T3,,,,,,,,,,,,,,,,,,,,phone,T3,train,B,X-T3-PHN,"Generate a photograph that looks like it was taken with a modern smartphone camera, handheld, photorealistic. Scene: living room. Subject: a piece of furniture with damage. The image should have the natural color rendering, slight motion blur or focus softness, and casual framing of a real handheld phone photo — not a professional photograph. Composition should be unremarkable: slight tilt, off-center subject, no studio lighting. No watermarks, no recognizable brand logos, no identifiable faces. The image should look like an unremarkable photo a person would take with their phone to document something.",0,,,,,,,,,,,,,,,,,,,,,,,,,,,living room,a piece of furniture with damage,,,item_00839_phone_T3_train_B
T3_phone_C_000,fabricated,,,,,phone_T3_train,phone_train_T3,,,,,,,,,,,,,,,,,,,,phone,T3,train,C,X-T3-PHN,"Generate a photograph that looks like it was taken with a modern smartphone camera, handheld, photorealistic. Scene: garage. Subject: vehicle damage. The image should have the natural color rendering, slight motion blur or focus softness, and casual framing of a real handheld phone photo — not a professional photograph. Composition should be unremarkable: slight tilt, off-center subject, no studio lighting. No watermarks, no recognizable brand logos, no identifiable faces. The image should look like an unremarkable photo a person would take with their phone to document something.",0,,,,,,,,,,,,,,,,,,,,,,,,,,,garage,vehicle damage,,,item_00840_phone_T3_train_C
T3_phone_C_001,fabricated,,,,,phone_T3_train,phone_train_T3,,,,,,,,,,,,,,,,,,,,phone,T3,train,C,X-T3-PHN,"Generate a photograph that looks like it was taken with a modern smartphone camera, handheld, photorealistic. Scene: kitchen. Subject: spilled liquid. The image should have the natural color rendering, slight motion blur or focus softness, and casual framing of a real handheld phone photo — not a professional photograph. Composition should be unremarkable: slight tilt, off-center subject, no studio lighting. No watermarks, no recognizable brand logos, no identifiable faces. The image should look like an unremarkable photo a person would take with their phone to document something.",0,,,,,,,,,,,,,,,,,,,,,,,,,,,kitchen,spilled liquid,,,item_00841_phone_T3_train_C
T3_phone_C_002,fabricated,,,,,phone_T3_train,phone_train_T3,,,,,,,,,,,,,,,,,,,,phone,T3,train,C,X-T3-PHN,"Generate a photograph that looks like it was taken with a modern smartphone camera, handheld, photorealistic. Scene: sidewalk. Subject: broken object. The image should have the natural color rendering, slight motion blur or focus softness, and casual framing of a real handheld phone photo — not a professional photograph. Composition should be unremarkable: slight tilt, off-center subject, no studio lighting. No watermarks, no recognizable brand logos, no identifiable faces. The image should look like an unremarkable photo a person would take with their phone to document something.",0,,,,,,,,,,,,,,,,,,,,,,,,,,,sidewalk,broken object,,,item_00842_phone_T3_train_C
T3_phone_C_003,fabricated,,,,,phone_T3_train,phone_train_T3,,,,,,,,,,,,,,,,,,,,phone,T3,train,C,X-T3-PHN,"Generate a photograph that looks like it was taken with a modern smartphone camera, handheld, photorealistic. Scene: office. Subject: package. The image should have the natural color rendering, slight motion blur or focus softness, and casual framing of a real handheld phone photo — not a professional photograph. Composition should be unremarkable: slight tilt, off-center subject, no studio lighting. No watermarks, no recognizable brand logos, no identifiable faces. The image should look like an unremarkable photo a person would take with their phone to document something.",0,,,,,,,,,,,,,,,,,,,,,,,,,,,office,package,,,item_00843_phone_T3_train_C
T3_phone_C_004,fabricated,,,,,phone_T3_train,phone_train_T3,,,,,,,,,,,,,,,,,,,,phone,T3,train,C,X-T3-PHN,"Generate a photograph that looks like it was taken with a modern smartphone camera, handheld, photorealistic. Scene: living room. Subject: a piece of furniture with damage. The image should have the natural color rendering, slight motion blur or focus softness, and casual framing of a real handheld phone photo — not a professional photograph. Composition should be unremarkable: slight tilt, off-center subject, no studio lighting. No watermarks, no recognizable brand logos, no identifiable faces. The image should look like an unremarkable photo a person would take with their phone to document something.",0,,,,,,,,,,,,,,,,,,,,,,,,,,,living room,a piece of furniture with damage,,,item_00844_phone_T3_train_C
T3_phone_C_005,fabricated,,,,,phone_T3_train,phone_train_T3,,,,,,,,,,,,,,,,,,,,phone,T3,train,C,X-T3-PHN,"Generate a photograph that looks like it was taken with a modern smartphone camera, handheld, photorealistic. Scene: garage. Subject: vehicle damage. The image should have the natural color rendering, slight motion blur or focus softness, and casual framing of a real handheld phone photo — not a professional photograph. Composition should be unremarkable: slight tilt, off-center subject, no studio lighting. No watermarks, no recognizable brand logos, no identifiable faces. The image should look like an unremarkable photo a person would take with their phone to document something.",0,,,,,,,,,,,,,,,,,,,,,,,,,,,garage,vehicle damage,,,item_00845_phone_T3_train_C
T3_phone_C_006,fabricated,,,,,phone_T3_train,phone_train_T3,,,,,,,,,,,,,,,,,,,,phone,T3,train,C,X-T3-PHN,"Generate a photograph that looks like it was taken with a modern smartphone camera, handheld, photorealistic. Scene: kitchen. Subject: spilled liquid. The image should have the natural color rendering, slight motion blur or focus softness, and casual framing of a real handheld phone photo — not a professional photograph. Composition should be unremarkable: slight tilt, off-center subject, no studio lighting. No watermarks, no recognizable brand logos, no identifiable faces. The image should look like an unremarkable photo a person would take with their phone to document something.",0,,,,,,,,,,,,,,,,,,,,,,,,,,,kitchen,spilled liquid,,,item_00846_phone_T3_train_C
T3_phone_C_007,fabricated,,,,,phone_T3_train,phone_train_T3,,,,,,,,,,,,,,,,,,,,phone,T3,train,C,X-T3-PHN,"Generate a photograph that looks like it was taken with a modern smartphone camera, handheld, photorealistic. Scene: sidewalk. Subject: broken object. The image should have the natural color rendering, slight motion blur or focus softness, and casual framing of a real handheld phone photo — not a professional photograph. Composition should be unremarkable: slight tilt, off-center subject, no studio lighting. No watermarks, no recognizable brand logos, no identifiable faces. The image should look like an unremarkable photo a person would take with their phone to document something.",0,,,,,,,,,,,,,,,,,,,,,,,,,,,sidewalk,broken object,,,item_00847_phone_T3_train_C
T3_phone_C_008,fabricated,,,,,phone_T3_train,phone_train_T3,,,,,,,,,,,,,,,,,,,,phone,T3,train,C,X-T3-PHN,"Generate a photograph that looks like it was taken with a modern smartphone camera, handheld, photorealistic. Scene: office. Subject: package. The image should have the natural color rendering, slight motion blur or focus softness, and casual framing of a real handheld phone photo — not a professional photograph. Composition should be unremarkable: slight tilt, off-center subject, no studio lighting. No watermarks, no recognizable brand logos, no identifiable faces. The image should look like an unremarkable photo a person would take with their phone to document something.",0,,,,,,,,,,,,,,,,,,,,,,,,,,,office,package,,,item_00848_phone_T3_train_C
T3_phone_C_009,fabricated,,,,,phone_T3_train,phone_train_T3,,,,,,,,,,,,,,,,,,,,phone,T3,train,C,X-T3-PHN,"Generate a photograph that looks like it was taken with a modern smartphone camera, handheld, photorealistic. Scene: living room. Subject: a piece of furniture with damage. The image should have the natural color rendering, slight motion blur or focus softness, and casual framing of a real handheld phone photo — not a professional photograph. Composition should be unremarkable: slight tilt, off-center subject, no studio lighting. No watermarks, no recognizable brand logos, no identifiable faces. The image should look like an unremarkable photo a person would take with their phone to document something.",0,,,,,,,,,,,,,,,,,,,,,,,,,,,living room,a piece of furniture with damage,,,item_00849_phone_T3_train_C
T3_phone_C_010,fabricated,,,,,phone_T3_train,phone_train_T3,,,,,,,,,,,,,,,,,,,,phone,T3,train,C,X-T3-PHN,"Generate a photograph that looks like it was taken with a modern smartphone camera, handheld, photorealistic. Scene: garage. Subject: vehicle damage. The image should have the natural color rendering, slight motion blur or focus softness, and casual framing of a real handheld phone photo — not a professional photograph. Composition should be unremarkable: slight tilt, off-center subject, no studio lighting. No watermarks, no recognizable brand logos, no identifiable faces. The image should look like an unremarkable photo a person would take with their phone to document something.",0,,,,,,,,,,,,,,,,,,,,,,,,,,,garage,vehicle damage,,,item_00850_phone_T3_train_C
T3_phone_C_011,fabricated,,,,,phone_T3_train,phone_train_T3,,,,,,,,,,,,,,,,,,,,phone,T3,train,C,X-T3-PHN,"Generate a photograph that looks like it was taken with a modern smartphone camera, handheld, photorealistic. Scene: kitchen. Subject: spilled liquid. The image should have the natural color rendering, slight motion blur or focus softness, and casual framing of a real handheld phone photo — not a professional photograph. Composition should be unremarkable: slight tilt, off-center subject, no studio lighting. No watermarks, no recognizable brand logos, no identifiable faces. The image should look like an unremarkable photo a person would take with their phone to document something.",0,,,,,,,,,,,,,,,,,,,,,,,,,,,kitchen,spilled liquid,,,item_00851_phone_T3_train_C
T3_phone_C_012,fabricated,,,,,phone_T3_train,phone_train_T3,,,,,,,,,,,,,,,,,,,,phone,T3,train,C,X-T3-PHN,"Generate a photograph that looks like it was taken with a modern smartphone camera, handheld, photorealistic. Scene: sidewalk. Subject: broken object. The image should have the natural color rendering, slight motion blur or focus softness, and casual framing of a real handheld phone photo — not a professional photograph. Composition should be unremarkable: slight tilt, off-center subject, no studio lighting. No watermarks, no recognizable brand logos, no identifiable faces. The image should look like an unremarkable photo a person would take with their phone to document something.",0,,,,,,,,,,,,,,,,,,,,,,,,,,,sidewalk,broken object,,,item_00852_phone_T3_train_C
T3_phone_C_013,fabricated,,,,,phone_T3_train,phone_train_T3,,,,,,,,,,,,,,,,,,,,phone,T3,train,C,X-T3-PHN,"Generate a photograph that looks like it was taken with a modern smartphone camera, handheld, photorealistic. Scene: office. Subject: package. The image should have the natural color rendering, slight motion blur or focus softness, and casual framing of a real handheld phone photo — not a professional photograph. Composition should be unremarkable: slight tilt, off-center subject, no studio lighting. No watermarks, no recognizable brand logos, no identifiable faces. The image should look like an unremarkable photo a person would take with their phone to document something.",0,,,,,,,,,,,,,,,,,,,,,,,,,,,office,package,,,item_00853_phone_T3_train_C
T3_phone_C_014,fabricated,,,,,phone_T3_train,phone_train_T3,,,,,,,,,,,,,,,,,,,,phone,T3,train,C,X-T3-PHN,"Generate a photograph that looks like it was taken with a modern smartphone camera, handheld, photorealistic. Scene: living room. Subject: a piece of furniture with damage. The image should have the natural color rendering, slight motion blur or focus softness, and casual framing of a real handheld phone photo — not a professional photograph. Composition should be unremarkable: slight tilt, off-center subject, no studio lighting. No watermarks, no recognizable brand logos, no identifiable faces. The image should look like an unremarkable photo a person would take with their phone to document something.",0,,,,,,,,,,,,,,,,,,,,,,,,,,,living room,a piece of furniture with damage,,,item_00854_phone_T3_train_C
ucf_crime_Normal_Videos_010_x264_2s,ucf_crime,Normal_Videos_010_x264,2.6,320,240,cctv_T1_train,cctv_train_T1,evening,indeterminate,dim,1,sparse,1,1,0,0,,,,,,,,,,,cctv,T1,train,B,X-T1-WEATHER-CCT,"Change the weather in this surveillance camera frame from the current weather to heavy rain. Add wet pavement, falling rain, and spray consistent with heavy rain. Adjust lighting, sky, and ground appearance to match. Keep all people, vehicles, objects, structures, and signage exactly as they appear in the original image. Make it look as photorealistic as possible. Change as little as possible beyond what the weather change requires. Don't change any details of the original photo other than the weather.",0,,0,,heavy rain,,,,,,,,,,,,,,,,,,,,,,,,,WEATHER,,item_00073_cctv_T1_train_B
ucf_crime_Normal_Videos_014_x264_33s,ucf_crime,Normal_Videos_014_x264,33.6,320,240,cctv_T1_train,cctv_train_T1,indeterminate,indeterminate,fluorescent,1,empty,0,0,0,0,,,,,,,,,,,cctv,T1,train,B,X-T1-TIME-CCT,"Shift the time of day in this surveillance camera frame from the current time of day to dusk. Adjust lighting, shadow direction, sky color, and ambient brightness to match dusk. Keep all people, vehicles, objects, structures, and signage exactly as they appear in the original image — same positions, same poses, same details. Make it look as photorealistic as possible. Change as little as possible beyond the lighting and time-of-day cues. Don't change any details of the original photo other than what's needed for the time shift.",0,,0,dusk,,,,,,,,,,,,,,,,,,,,,,,,,,TIME,,item_00076_cctv_T1_train_B
ucf_crime_Normal_Videos_024_x264_25s,ucf_crime,Normal_Videos_024_x264,25.3,320,240,cctv_T1_train,cctv_train_T1,indeterminate,indeterminate,fluorescent,1,moderate,1,1,0,0,,,,,,,,,,,cctv,T1,train,C,X-T1-LIGHTING-CCT,"Change the lighting in this surveillance camera frame from fluorescent to LED cool. Adjust color temperature, contrast, and brightness throughout the image. Do not change the time of day or weather. Keep all people, vehicles, objects, structures, and signage exactly as they appear. Make it look as photorealistic as possible. Change as little as possible beyond the lighting. Don't change any details of the original photo other than the lighting.",0,,0,,,LED cool,,,,,,,,,,,,,,,,,,,,,,,,LIGHTING,,item_00074_cctv_T1_train_C
ucf_crime_Normal_Videos_027_x264_104s,ucf_crime,Normal_Videos_027_x264,104.9,320,240,cctv_T2_train_has_clearly_visible_person,cctv_train_T2,midday,indeterminate,fluorescent,1,sparse,1,1,0,1,,,,,,,,,,,cctv,T2,train,B,X-T2-REMOVE-PERSON-CCT,"Remove the person located at approximately the right side of the frame from this surveillance camera frame. Fill the area where they were with content consistent with the rest of the scene (floor, wall, background as appropriate). Keep all other people, vehicles, objects, and structures exactly as they appear. Make it look as photorealistic as possible. The image should appear as if that person had never been there. Don't change any details of the original photo other than removing the specified person.",0,,0,,,,,the right side of the frame,,,,,,,,,,,,,,,,,,,,,,,REMOVE-PERSON,item_00109_cctv_T2_train_B
ucf_crime_Normal_Videos_041_x264_36s,ucf_crime,Normal_Videos_041_x264,36.3,320,240,cctv_T1_train,cctv_train_T1,indeterminate,indeterminate,fluorescent,1,sparse,1,1,0,0,,,,,,,,,,,cctv,T1,train,A,X-T1-WEATHER-CCT,"Change the weather in this surveillance camera frame from the current weather to light rain. Add scattered raindrops and slightly wet surfaces consistent with light rain. Adjust lighting, sky, and ground appearance to match. Keep all people, vehicles, objects, structures, and signage exactly as they appear in the original image. Make it look as photorealistic as possible. Change as little as possible beyond what the weather change requires. Don't change any details of the original photo other than the weather.",0,,0,,light rain,,,,,,,,,,,,,,,,,,,,,,,,,WEATHER,,item_00069_cctv_T1_train_A
ucf_crime_Normal_Videos_048_x264_35s,ucf_crime,Normal_Videos_048_x264,35.5,320,240,cctv_T1_train,cctv_train_T1,midday,indeterminate,fluorescent,1,moderate,1,1,0,0,,,,,,,,,,,cctv,T1,train,C,X-T1-LIGHTING-CCT,"Change the lighting in this surveillance camera frame from fluorescent to LED cool. Adjust color temperature, contrast, and brightness throughout the image. Do not change the time of day or weather. Keep all people, vehicles, objects, structures, and signage exactly as they appear. Make it look as photorealistic as possible. Change as little as possible beyond the lighting. Don't change any details of the original photo other than the lighting.",0,,0,,,LED cool,,,,,,,,,,,,,,,,,,,,,,,,LIGHTING,,item_00026_cctv_T1_train_C
ucf_crime_Normal_Videos_050_x264_14s,ucf_crime,Normal_Videos_050_x264,14.5,320,240,cctv_T1_test,cctv_test_T1,midday,overcast,daylight,0,empty,0,1,0,1,,,,,,,,,,,cctv,T1,test,A,X-T1-LIGHTING-CCT,"Change the lighting in this surveillance camera frame from daylight to LED cool. Adjust color temperature, contrast, and brightness throughout the image. Do not change the time of day or weather. Keep all people, vehicles, objects, structures, and signage exactly as they appear. Make it look as photorealistic as possible. Change as little as possible beyond the lighting. Don't change any details of the original photo other than the lighting.",0,,0,,,LED cool,,,,,,,,,,,,,,,,,,,,,,,,LIGHTING,,item_00186_cctv_T1_test_A
ucf_crime_Normal_Videos_175_x264_245s,ucf_crime,Normal_Videos_175_x264,245.7,320,240,cctv_T1_train,cctv_train_T1,midday,indeterminate,mixed,1,sparse,1,1,0,0,,,,,,,,,,,cctv,T1,train,B,X-T1-CROWD-CCT,"Change the number of people visible in this surveillance camera frame from approximately sparse to approximately moderate. Add additional people consistent with the setting. Keep the existing scene composition, lighting, and all non-person elements (vehicles, structures, objects, signage) exactly as they appear. Any people added or kept should match the lighting, scale, and style of the original. Make it look as photorealistic as possible. Don't change any details of the original photo other than the people count.",0,,0,,,,moderate,,,,,,,,,,,,,,,,,,,,,,,CROWD,,item_00019_cctv_T1_train_B
ucf_crime_Normal_Videos_246_x264_19s,ucf_crime,Normal_Videos_246_x264,19.2,320,240,cctv_T1_train,cctv_train_T1,indeterminate,indeterminate,fluorescent,1,sparse,1,1,0,0,,,,,,,,,,,cctv,T1,train,A,X-T1-LIGHTING-CCT,"Change the lighting in this surveillance camera frame from fluorescent to incandescent. Adjust color temperature, contrast, and brightness throughout the image. Do not change the time of day or weather. Keep all people, vehicles, objects, structures, and signage exactly as they appear. Make it look as photorealistic as possible. Change as little as possible beyond the lighting. Don't change any details of the original photo other than the lighting.",0,,0,,,incandescent,,,,,,,,,,,,,,,,,,,,,,,,LIGHTING,,item_00078_cctv_T1_train_A
ucf_crime_Normal_Videos_248_x264_20s,ucf_crime,Normal_Videos_248_x264,20,320,240,cctv_T1_test,cctv_test_T1,midday,clear,daylight,0,moderate,1,1,1,0,,,,,,,,,,,cctv,T1,test,A,X-T1-CROWD-CCT,"Change the number of people visible in this surveillance camera frame from approximately moderate to approximately sparse. Remove people from less-prominent areas of the scene first consistent with the setting. Keep the existing scene composition, lighting, and all non-person elements (vehicles, structures, objects, signage) exactly as they appear. Any people added or kept should match the lighting, scale, and style of the original. Make it look as photorealistic as possible. Don't change any details of the original photo other than the people count.",0,,0,,,,sparse,,,,,,,,,,,,,,,,,,,,,,,CROWD,,item_00195_cctv_T1_test_A
ucf_crime_Normal_Videos_453_x264_133s,ucf_crime,Normal_Videos_453_x264,133.3,320,240,cctv_T2_test_has_wall_signage_visible,cctv_test_T2,midday,clear,mixed,1,sparse,1,1,0,1,,,,,,,,,,,cctv,T2,test,C,X-T2-REMOVE-SIGNAGE-CCT,"Remove the directional sign located at approximately the wall on the right from this surveillance camera frame. Fill the area with content consistent with the surrounding wall, post, or background. Keep all people, vehicles, objects, and other signage exactly as they appear. Make it look as photorealistic as possible. The image should appear as if that sign had never been posted.",0,,0,,,,,the wall on the right,,,,,,directional sign,,,,,,,,,,,,,,,,,REMOVE-SIGNAGE,item_00222_cctv_T2_test_C
ucf_crime_Normal_Videos_621_x264_37s,ucf_crime,Normal_Videos_621_x264,37.7,320,240,cctv_T2_train_has_wall_signage_visible,cctv_train_T2,midday,clear,daylight,0,empty,0,1,0,1,,,,,,,,,,,cctv,T2,train,B,X-T2-REMOVE-SIGNAGE-CCT,"Remove the wall-mounted sign located at approximately above the doorway visible in the frame from this surveillance camera frame. Fill the area with content consistent with the surrounding wall, post, or background. Keep all people, vehicles, objects, and other signage exactly as they appear. Make it look as photorealistic as possible. The image should appear as if that sign had never been posted.",0,,0,,,,,above the doorway visible in the frame,,,,,,wall-mounted sign,,,,,,,,,,,,,,,,,REMOVE-SIGNAGE,item_00134_cctv_T2_train_B
ucf_crime_Normal_Videos_641_x264_14s,ucf_crime,Normal_Videos_641_x264,14,320,240,cctv_T1_test,cctv_test_T1,midday,indeterminate,fluorescent,1,sparse,1,1,0,1,,,,,,,,,,,cctv,T1,test,C,X-T1-TIME-CCT,"Shift the time of day in this surveillance camera frame from midday to dusk. Adjust lighting, shadow direction, sky color, and ambient brightness to match dusk. Keep all people, vehicles, objects, structures, and signage exactly as they appear in the original image — same positions, same poses, same details. Make it look as photorealistic as possible. Change as little as possible beyond the lighting and time-of-day cues. Don't change any details of the original photo other than what's needed for the time shift.",0,,0,dusk,,,,,,,,,,,,,,,,,,,,,,,,,,TIME,,item_00164_cctv_T1_test_C
ucf_crime_Normal_Videos_641_x264_34s,ucf_crime,Normal_Videos_641_x264,34.2,320,240,cctv_T2_test_person_holding_object,cctv_test_T2,midday,indeterminate,fluorescent,1,sparse,1,1,1,1,,,,,,,,,,,cctv,T2,test,A,X-T2-SWAP-OBJECT-CCT,"In this surveillance camera frame, find the bag held by or near the person nearest the center of the frame. Replace it with box of similar size. Match the lighting, shadow, and perspective of the original. Keep everything else exactly as it appears — same people, same poses, same scene. Make it look as photorealistic as possible. The substitution should be undetectable; the box should look like it was always there.",0,,0,,,,,,,,bag,box,the person nearest the center of the frame,,,,,,,,,,,,,,,,,,SWAP-OBJECT-CCT,item_00235_cctv_T2_test_A
ucf_crime_Normal_Videos_702_x264_9s,ucf_crime,Normal_Videos_702_x264,9.6,320,240,cctv_T2_train_has_wall_signage_visible,cctv_train_T2,midday,indeterminate,fluorescent,1,moderate,1,1,0,1,,,,,,,,,,,cctv,T2,train,C,X-T2-REMOVE-SIGNAGE-CCT,"Remove the notice posted on the wall located at approximately the background from this surveillance camera frame. Fill the area with content consistent with the surrounding wall, post, or background. Keep all people, vehicles, objects, and other signage exactly as they appear. Make it look as photorealistic as possible. The image should appear as if that sign had never been posted.",0,,0,,,,,the background,,,,,,notice posted on the wall,,,,,,,,,,,,,,,,,REMOVE-SIGNAGE,item_00123_cctv_T2_train_C
ucf_crime_Normal_Videos_717_x264_27s,ucf_crime,Normal_Videos_717_x264,27.2,320,240,cctv_T2_test_person_holding_object,cctv_test_T2,midday,indeterminate,fluorescent,1,moderate,1,1,1,1,,,,,,,,,,,cctv,T2,test,C,X-T2-SWAP-OBJECT-CCT,"In this surveillance camera frame, find the backpack held by or near the person closest to the camera. Replace it with duffel bag of similar size. Match the lighting, shadow, and perspective of the original. Keep everything else exactly as it appears — same people, same poses, same scene. Make it look as photorealistic as possible. The substitution should be undetectable; the duffel bag should look like it was always there.",0,,0,,,,,,,,backpack,duffel bag,the person closest to the camera,,,,,,,,,,,,,,,,,,SWAP-OBJECT-CCT,item_00237_cctv_T2_test_C
ucf_crime_Normal_Videos_722_x264_112s,ucf_crime,Normal_Videos_722_x264,112.4,320,240,cctv_T2_test_has_clearly_visible_person,cctv_test_T2,midday,indeterminate,fluorescent,1,moderate,1,1,0,1,,,,,,,,,,,cctv,T2,test,C,X-T2-REMOVE-PERSON-CCT,"Remove the person located at approximately the background from this surveillance camera frame. Fill the area where they were with content consistent with the rest of the scene (floor, wall, background as appropriate). Keep all other people, vehicles, objects, and structures exactly as they appear. Make it look as photorealistic as possible. The image should appear as if that person had never been there. Don't change any details of the original photo other than removing the specified person.",0,,0,,,,,the background,,,,,,,,,,,,,,,,,,,,,,,REMOVE-PERSON,item_00216_cctv_T2_test_C
ucf_crime_Normal_Videos_758_x264_32s,ucf_crime,Normal_Videos_758_x264,32.1,320,240,cctv_T1_test,cctv_test_T1,midday,indeterminate,mixed,1,busy,1,1,1,1,,,,,,,,,,,cctv,T1,test,A,X-T1-TIME-CCT,"Shift the time of day in this surveillance camera frame from midday to golden hour. Adjust lighting, shadow direction, sky color, and ambient brightness to match golden hour. Keep all people, vehicles, objects, structures, and signage exactly as they appear in the original image — same positions, same poses, same details. Make it look as photorealistic as possible. Change as little as possible beyond the lighting and time-of-day cues. Don't change any details of the original photo other than what's needed for the time shift.",0,,0,golden hour,,,,,,,,,,,,,,,,,,,,,,,,,,TIME,,item_00168_cctv_T1_test_A
ucf_crime_Normal_Videos_758_x264_4s,ucf_crime,Normal_Videos_758_x264,4.3,320,240,cctv_T2_test_person_holding_object,cctv_test_T2,midday,indeterminate,fluorescent,1,moderate,1,1,1,1,,,,,,,,,,,cctv,T2,test,A,X-T2-SWAP-OBJECT-CCT,"In this surveillance camera frame, find the briefcase held by or near the person on the right side of the frame. Replace it with box of similar size. Match the lighting, shadow, and perspective of the original. Keep everything else exactly as it appears — same people, same poses, same scene. Make it look as photorealistic as possible. The substitution should be undetectable; the box should look like it was always there.",0,,0,,,,,,,,briefcase,box,the person on the right side of the frame,,,,,,,,,,,,,,,,,,SWAP-OBJECT-CCT,item_00238_cctv_T2_test_A
ucf_crime_Normal_Videos_873_x264_11s,ucf_crime,Normal_Videos_873_x264,11.5,320,240,cctv_T1_train,cctv_train_T1,indeterminate,indeterminate,fluorescent,1,sparse,1,1,0,0,,,,,,,,,,,cctv,T1,train,B,X-T1-CROWD-CCT,"Change the number of people visible in this surveillance camera frame from approximately sparse to approximately moderate. Add additional people consistent with the setting. Keep the existing scene composition, lighting, and all non-person elements (vehicles, structures, objects, signage) exactly as they appear. Any people added or kept should match the lighting, scale, and style of the original. Make it look as photorealistic as possible. Don't change any details of the original photo other than the people count.",0,,0,,,,moderate,,,,,,,,,,,,,,,,,,,,,,,CROWD,,item_00007_cctv_T1_train_B
ucf_crime_Normal_Videos_887_x264_232s,ucf_crime,Normal_Videos_887_x264,232.1,320,240,cctv_T1_train,cctv_train_T1,night,indeterminate,mixed,0,empty,0,1,0,0,,,,,,,,,,,cctv,T1,train,A,X-T1-TIME-CCT,"Shift the time of day in this surveillance camera frame from night to golden hour. Adjust lighting, shadow direction, sky color, and ambient brightness to match golden hour. Keep all people, vehicles, objects, structures, and signage exactly as they appear in the original image — same positions, same poses, same details. Make it look as photorealistic as possible. Change as little as possible beyond the lighting and time-of-day cues. Don't change any details of the original photo other than what's needed for the time shift.",0,,0,golden hour,,,,,,,,,,,,,,,,,,,,,,,,,,TIME,,item_00048_cctv_T1_train_A
ucf_crime_Normal_Videos_891_x264_37s,ucf_crime,Normal_Videos_891_x264,37.7,320,240,cctv_T2_test_has_open_floor_or_ground_space,cctv_test_T2,midday,indeterminate,fluorescent,1,moderate,1,1,1,1,,,,,,,,,,,cctv,T2,test,B,X-T2-ADD-PERSON-CCT,"Add one person to this surveillance camera frame, positioned at approximately the right side of the frame. The person should appear to be looking at something in their hands, dressed in winter clothing — a coat and hat, and visible at a scale consistent with the existing scene. Match the lighting, color temperature, and camera quality of the original image. Keep all existing people, vehicles, objects, structures, and signage exactly as they appear. Make it look as photorealistic as possible. The added person should look as if they were in the original scene.",0,,0,,,,,the right side of the frame,looking at something in their hands,winter clothing — a coat and hat,,,,,,,,,,,,,,,,,,,,,ADD-PERSON,item_00203_cctv_T2_test_B
ucf_crime_Normal_Videos_892_x264_16s,ucf_crime,Normal_Videos_892_x264,16.6,320,240,cctv_T1_test,cctv_test_T1,midday,clear,daylight,0,sparse,1,1,0,0,,,,,,,,,,,cctv,T1,test,B,X-T1-CROWD-CCT,"Change the number of people visible in this surveillance camera frame from approximately sparse to approximately busy. Add additional people consistent with the setting. Keep the existing scene composition, lighting, and all non-person elements (vehicles, structures, objects, signage) exactly as they appear. Any people added or kept should match the lighting, scale, and style of the original. Make it look as photorealistic as possible. Don't change any details of the original photo other than the people count.",0,,0,,,,busy,,,,,,,,,,,,,,,,,,,,,,,CROWD,,item_00175_cctv_T1_test_B
ucf_crime_Normal_Videos_927_x264_16s,ucf_crime,Normal_Videos_927_x264,16.2,320,240,cctv_T1_train,cctv_train_T1,morning,clear,mixed,1,sparse,1,1,0,1,,,,,,,,,,,cctv,T1,train,A,X-T1-LIGHTING-CCT,"Change the lighting in this surveillance camera frame from mixed to dim. Adjust color temperature, contrast, and brightness throughout the image. Do not change the time of day or weather. Keep all people, vehicles, objects, structures, and signage exactly as they appear. Make it look as photorealistic as possible. Change as little as possible beyond the lighting. Don't change any details of the original photo other than the lighting.",0,,0,,,dim,,,,,,,,,,,,,,,,,,,,,,,,LIGHTING,,item_00018_cctv_T1_train_A
ucf_crime_Normal_Videos_931_x264_44s,ucf_crime,Normal_Videos_931_x264,44.6,320,240,cctv_T1_train,cctv_train_T1,midday,overcast,daylight,0,sparse,0,1,0,1,,,,,,,,,,,cctv,T1,train,B,X-T1-TIME-CCT,"Shift the time of day in this surveillance camera frame from midday to morning. Adjust lighting, shadow direction, sky color, and ambient brightness to match morning. Keep all people, vehicles, objects, structures, and signage exactly as they appear in the original image — same positions, same poses, same details. Make it look as photorealistic as possible. Change as little as possible beyond the lighting and time-of-day cues. Don't change any details of the original photo other than what's needed for the time shift.",0,,0,morning,,,,,,,,,,,,,,,,,,,,,,,,,,TIME,,item_00052_cctv_T1_train_B
ucf_crime_Normal_Videos_934_x264_29s,ucf_crime,Normal_Videos_934_x264,29.2,320,240,cctv_T1_train,cctv_train_T1,indeterminate,indeterminate,fluorescent,1,empty,0,1,0,0,,,,,,,,,,,cctv,T1,train,A,X-T1-TIME-CCT,"Shift the time of day in this surveillance camera frame from the current time of day to morning. Adjust lighting, shadow direction, sky color, and ambient brightness to match morning. Keep all people, vehicles, objects, structures, and signage exactly as they appear in the original image — same positions, same poses, same details. Make it look as photorealistic as possible. Change as little as possible beyond the lighting and time-of-day cues. Don't change any details of the original photo other than what's needed for the time shift.",0,,0,morning,,,,,,,,,,,,,,,,,,,,,,,,,,TIME,,item_00012_cctv_T1_train_A
ucf_crime_Normal_Videos_937_x264_11s,ucf_crime,Normal_Videos_937_x264,11.3,320,240,cctv_T2_train_person_holding_object,cctv_train_T2,midday,clear,daylight,0,moderate,1,1,1,0,,,,,,,,,,,cctv,T2,train,C,X-T2-SWAP-OBJECT-CCT,"In this surveillance camera frame, find the bag held by or near the person nearest the center of the frame. Replace it with box of similar size. Match the lighting, shadow, and perspective of the original. Keep everything else exactly as it appears — same people, same poses, same scene. Make it look as photorealistic as possible. The substitution should be undetectable; the box should look like it was always there.",0,,0,,,,,,,,bag,box,the person nearest the center of the frame,,,,,,,,,,,,,,,,,,SWAP-OBJECT-CCT,item_00145_cctv_T2_train_C
ucf_crime_Normal_Videos_937_x264_2s,ucf_crime,Normal_Videos_937_x264,2.5,320,240,cctv_T2_train_person_holding_object,cctv_train_T2,midday,clear,daylight,0,moderate,1,1,1,0,,,,,,,,,,,cctv,T2,train,C,X-T2-SWAP-OBJECT-CCT,"In this surveillance camera frame, find the phone held by or near the person on the left side of the frame. Replace it with small notebook of similar size. Match the lighting, shadow, and perspective of the original. Keep everything else exactly as it appears — same people, same poses, same scene. Make it look as photorealistic as possible. The substitution should be undetectable; the small notebook should look like it was always there.",0,,0,,,,,,,,phone,small notebook,the person on the left side of the frame,,,,,,,,,,,,,,,,,,SWAP-OBJECT-CCT,item_00151_cctv_T2_train_C
ucf_crime_Normal_Videos_938_x264_16s,ucf_crime,Normal_Videos_938_x264,16.4,320,240,cctv_T1_train,cctv_train_T1,indeterminate,indeterminate,fluorescent,1,sparse,1,1,0,0,,,,,,,,,,,cctv,T1,train,C,X-T1-TIME-CCT,"Shift the time of day in this surveillance camera frame from the current time of day to night. Adjust lighting, shadow direction, sky color, and ambient brightness to match night. Keep all people, vehicles, objects, structures, and signage exactly as they appear in the original image — same positions, same poses, same details. Make it look as photorealistic as possible. Change as little as possible beyond the lighting and time-of-day cues. Don't change any details of the original photo other than what's needed for the time shift.",0,,0,night,,,,,,,,,,,,,,,,,,,,,,,,,,TIME,,item_00056_cctv_T1_train_C
ucf_crime_Normal_Videos012_x264_8s,ucf_crime,Normal_Videos012_x264,8.2,320,240,cctv_T2_train_person_holding_object,cctv_train_T2,morning,indeterminate,fluorescent,1,moderate,1,1,1,1,,,,,,,,,,,cctv,T2,train,A,X-T2-SWAP-OBJECT-CCT,"In this surveillance camera frame, find the briefcase held by or near the person on the right side of the frame. Replace it with box of similar size. Match the lighting, shadow, and perspective of the original. Keep everything else exactly as it appears — same people, same poses, same scene. Make it look as photorealistic as possible. The substitution should be undetectable; the box should look like it was always there.",0,,0,,,,,,,,briefcase,box,the person on the right side of the frame,,,,,,,,,,,,,,,,,,SWAP-OBJECT-CCT,item_00158_cctv_T2_train_A
ucf_crime_Normal_Videos023_x264_41s,ucf_crime,Normal_Videos023_x264,41.4,320,240,cctv_T2_test_has_wall_signage_visible,cctv_test_T2,indeterminate,indeterminate,fluorescent,1,empty,0,1,0,1,,,,,,,,,,,cctv,T2,test,A,X-T2-REMOVE-SIGNAGE-CCT,"Remove the notice posted on the wall located at approximately the background from this surveillance camera frame. Fill the area with content consistent with the surrounding wall, post, or background. Keep all people, vehicles, objects, and other signage exactly as they appear. Make it look as photorealistic as possible. The image should appear as if that sign had never been posted.",0,,0,,,,,the background,,,,,,notice posted on the wall,,,,,,,,,,,,,,,,,REMOVE-SIGNAGE,item_00223_cctv_T2_test_A
ucf_crime_Normal_Videos035_x264_210s,ucf_crime,Normal_Videos035_x264,210.7,320,240,cctv_T1_train,cctv_train_T1,indeterminate,indeterminate,fluorescent,1,moderate,1,1,0,0,,,,,,,,,,,cctv,T1,train,A,X-T1-LIGHTING-CCT,"Change the lighting in this surveillance camera frame from fluorescent to dim. Adjust color temperature, contrast, and brightness throughout the image. Do not change the time of day or weather. Keep all people, vehicles, objects, structures, and signage exactly as they appear. Make it look as photorealistic as possible. Change as little as possible beyond the lighting. Don't change any details of the original photo other than the lighting.",0,,0,,,dim,,,,,,,,,,,,,,,,,,,,,,,,LIGHTING,,item_00066_cctv_T1_train_A
ucf_crime_Normal_Videos039_x264_37s,ucf_crime,Normal_Videos039_x264,37.4,320,240,cctv_T2_test_has_clearly_visible_person,cctv_test_T2,indeterminate,indeterminate,fluorescent,1,moderate,1,1,0,1,,,,,,,,,,,cctv,T2,test,B,X-T2-REMOVE-PERSON-CCT,"Remove the person located at approximately the left side of the frame from this surveillance camera frame. Fill the area where they were with content consistent with the rest of the scene (floor, wall, background as appropriate). Keep all other people, vehicles, objects, and structures exactly as they appear. Make it look as photorealistic as possible. The image should appear as if that person had never been there. Don't change any details of the original photo other than removing the specified person.",0,,0,,,,,the left side of the frame,,,,,,,,,,,,,,,,,,,,,,,REMOVE-PERSON,item_00218_cctv_T2_test_B
ucf_crime_Normal_Videos049_x264_29s,ucf_crime,Normal_Videos049_x264,29.3,320,240,cctv_T2_test_has_open_floor_or_ground_space,cctv_test_T2,indeterminate,indeterminate,fluorescent,1,sparse,1,1,0,0,,,,,,,,,,,cctv,T2,test,C,X-T2-ADD-PERSON-CCT,"Add one person to this surveillance camera frame, positioned at approximately the left side of the frame. The person should appear to be carrying a bag, dressed in business casual — a button-up shirt and slacks, and visible at a scale consistent with the existing scene. Match the lighting, color temperature, and camera quality of the original image. Keep all existing people, vehicles, objects, structures, and signage exactly as they appear. Make it look as photorealistic as possible. The added person should look as if they were in the original scene.",0,,0,,,,,the left side of the frame,carrying a bag,business casual — a button-up shirt and slacks,,,,,,,,,,,,,,,,,,,,,ADD-PERSON,item_00207_cctv_T2_test_C
ucf_crime_Normal_Videos054_x264_23s,ucf_crime,Normal_Videos054_x264,23.8,320,240,cctv_T1_test,cctv_test_T1,midday,indeterminate,mixed,1,sparse,1,1,0,0,,,,,,,,,,,cctv,T1,test,C,X-T1-LIGHTING-CCT,"Change the lighting in this surveillance camera frame from mixed to dim. Adjust color temperature, contrast, and brightness throughout the image. Do not change the time of day or weather. Keep all people, vehicles, objects, structures, and signage exactly as they appear. Make it look as photorealistic as possible. Change as little as possible beyond the lighting. Don't change any details of the original photo other than the lighting.",0,,0,,,dim,,,,,,,,,,,,,,,,,,,,,,,,LIGHTING,,item_00194_cctv_T1_test_C
ucf_crime_Normal_Videos057_x264_43s,ucf_crime,Normal_Videos057_x264,43.6,320,240,cctv_T2_test_has_wall_signage_visible,cctv_test_T2,midday,indeterminate,fluorescent,1,sparse,1,1,1,1,,,,,,,,,,,cctv,T2,test,A,X-T2-REMOVE-SIGNAGE-CCT,"Remove the wall-mounted sign located at approximately above the doorway visible in the frame from this surveillance camera frame. Fill the area with content consistent with the surrounding wall, post, or background. Keep all people, vehicles, objects, and other signage exactly as they appear. Make it look as photorealistic as possible. The image should appear as if that sign had never been posted.",0,,0,,,,,above the doorway visible in the frame,,,,,,wall-mounted sign,,,,,,,,,,,,,,,,,REMOVE-SIGNAGE,item_00229_cctv_T2_test_A
ucf_crime_Normal_Videos057_x264_87s,ucf_crime,Normal_Videos057_x264,87.8,320,240,cctv_T2_test_has_wall_signage_visible,cctv_test_T2,midday,indeterminate,fluorescent,1,sparse,1,1,0,1,,,,,,,,,,,cctv,T2,test,B,X-T2-REMOVE-SIGNAGE-CCT,"Remove the directional sign located at approximately the wall on the right from this surveillance camera frame. Fill the area with content consistent with the surrounding wall, post, or background. Keep all people, vehicles, objects, and other signage exactly as they appear. Make it look as photorealistic as possible. The image should appear as if that sign had never been posted.",0,,0,,,,,the wall on the right,,,,,,directional sign,,,,,,,,,,,,,,,,,REMOVE-SIGNAGE,item_00227_cctv_T2_test_B
ucf_crime_Normal_Videos077_x264_24s,ucf_crime,Normal_Videos077_x264,24.1,320,240,cctv_T1_test,cctv_test_T1,midday,overcast,daylight,0,sparse,1,1,0,0,,,,,,,,,,,cctv,T1,test,A,X-T1-LIGHTING-CCT,"Change the lighting in this surveillance camera frame from daylight to incandescent. Adjust color temperature, contrast, and brightness throughout the image. Do not change the time of day or weather. Keep all people, vehicles, objects, structures, and signage exactly as they appear. Make it look as photorealistic as possible. Change as little as possible beyond the lighting. Don't change any details of the original photo other than the lighting.",0,,0,,,incandescent,,,,,,,,,,,,,,,,,,,,,,,,LIGHTING,,item_00174_cctv_T1_test_A
ucf_crime_Normal_Videos089_x264_443s,ucf_crime,Normal_Videos089_x264,443.8,320,240,cctv_T1_train,cctv_train_T1,indeterminate,indeterminate,mixed,1,sparse,1,1,0,1,,,,,,,,,,,cctv,T1,train,C,X-T1-LIGHTING-CCT,"Change the lighting in this surveillance camera frame from mixed to dim. Adjust color temperature, contrast, and brightness throughout the image. Do not change the time of day or weather. Keep all people, vehicles, objects, structures, and signage exactly as they appear. Make it look as photorealistic as possible. Change as little as possible beyond the lighting. Don't change any details of the original photo other than the lighting.",0,,0,,,dim,,,,,,,,,,,,,,,,,,,,,,,,LIGHTING,,item_00002_cctv_T1_train_C
ucf_crime_Normal_Videos091_x264_593s,ucf_crime,Normal_Videos091_x264,593.4,320,240,cctv_T2_train_person_holding_object,cctv_train_T2,midday,clear,daylight,0,busy,1,1,1,1,,,,,,,,,,,cctv,T2,train,B,X-T2-SWAP-OBJECT-CCT,"In this surveillance camera frame, find the phone held by or near the person on the left side of the frame. Replace it with small notebook of similar size. Match the lighting, shadow, and perspective of the original. Keep everything else exactly as it appears — same people, same poses, same scene. Make it look as photorealistic as possible. The substitution should be undetectable; the small notebook should look like it was always there.",0,,0,,,,,,,,phone,small notebook,the person on the left side of the frame,,,,,,,,,,,,,,,,,,SWAP-OBJECT-CCT,item_00141_cctv_T2_train_B
ucf_crime_Normal_Videos094_x264_3s,ucf_crime,Normal_Videos094_x264,3.2,320,240,cctv_T2_train_has_clearly_visible_person,cctv_train_T2,midday,indeterminate,fluorescent,1,sparse,1,1,0,0,,,,,,,,,,,cctv,T2,train,B,X-T2-REMOVE-PERSON-CCT,"Remove the person located at approximately the background from this surveillance camera frame. Fill the area where they were with content consistent with the rest of the scene (floor, wall, background as appropriate). Keep all other people, vehicles, objects, and structures exactly as they appear. Make it look as photorealistic as possible. The image should appear as if that person had never been there. Don't change any details of the original photo other than removing the specified person.",0,,0,,,,,the background,,,,,,,,,,,,,,,,,,,,,,,REMOVE-PERSON,item_00118_cctv_T2_train_B
ucf_crime_Normal_Videos095_x264_3s,ucf_crime,Normal_Videos095_x264,3.2,320,240,cctv_T1_train,cctv_train_T1,midday,clear,daylight,0,empty,0,1,0,0,,,,,,,,,,,cctv,T1,train,C,X-T1-TIME-CCT,"Shift the time of day in this surveillance camera frame from midday to dusk. Adjust lighting, shadow direction, sky color, and ambient brightness to match dusk. Keep all people, vehicles, objects, structures, and signage exactly as they appear in the original image — same positions, same poses, same details. Make it look as photorealistic as possible. Change as little as possible beyond the lighting and time-of-day cues. Don't change any details of the original photo other than what's needed for the time shift.",0,,0,dusk,,,,,,,,,,,,,,,,,,,,,,,,,,TIME,,item_00020_cctv_T1_train_C
ucf_crime_Normal_Videos119_x264_31s,ucf_crime,Normal_Videos119_x264,31.6,320,240,cctv_T2_train_has_wall_signage_visible,cctv_train_T2,midday,indeterminate,fluorescent,1,empty,0,1,0,1,,,,,,,,,,,cctv,T2,train,C,X-T2-REMOVE-SIGNAGE-CCT,"Remove the wall-mounted sign located at approximately above the doorway visible in the frame from this surveillance camera frame. Fill the area with content consistent with the surrounding wall, post, or background. Keep all people, vehicles, objects, and other signage exactly as they appear. Make it look as photorealistic as possible. The image should appear as if that sign had never been posted.",0,,0,,,,,above the doorway visible in the frame,,,,,,wall-mounted sign,,,,,,,,,,,,,,,,,REMOVE-SIGNAGE,item_00129_cctv_T2_train_C
ucf_crime_Normal_Videos120_x264_28s,ucf_crime,Normal_Videos120_x264,28.1,320,240,cctv_T2_train_has_wall_signage_visible,cctv_train_T2,evening,indeterminate,mixed,0,moderate,1,1,0,1,,,,,,,,,,,cctv,T2,train,C,X-T2-REMOVE-SIGNAGE-CCT,"Remove the warning sign located at approximately the upper area of the frame from this surveillance camera frame. Fill the area with content consistent with the surrounding wall, post, or background. Keep all people, vehicles, objects, and other signage exactly as they appear. Make it look as photorealistic as possible. The image should appear as if that sign had never been posted.",0,,0,,,,,the upper area of the frame,,,,,,warning sign,,,,,,,,,,,,,,,,,REMOVE-SIGNAGE,item_00120_cctv_T2_train_C
ucf_crime_Normal_Videos121_x264_27s,ucf_crime,Normal_Videos121_x264,27.4,320,240,cctv_T2_train_person_holding_object,cctv_train_T2,indeterminate,indeterminate,fluorescent,1,sparse,1,1,1,0,,,,,,,,,,,cctv,T2,train,C,X-T2-SWAP-OBJECT-CCT,"In this surveillance camera frame, find the briefcase held by or near the person on the right side of the frame. Replace it with box of similar size. Match the lighting, shadow, and perspective of the original. Keep everything else exactly as it appears — same people, same poses, same scene. Make it look as photorealistic as possible. The substitution should be undetectable; the box should look like it was always there.",0,,0,,,,,,,,briefcase,box,the person on the right side of the frame,,,,,,,,,,,,,,,,,,SWAP-OBJECT-CCT,item_00148_cctv_T2_train_C
ucf_crime_Normal_Videos133_x264_68s,ucf_crime,Normal_Videos133_x264,68.4,320,240,cctv_T2_train_person_holding_object,cctv_train_T2,midday,clear,mixed,1,moderate,1,1,1,0,,,,,,,,,,,cctv,T2,train,C,X-T2-SWAP-OBJECT-CCT,"In this surveillance camera frame, find the backpack held by or near the person closest to the camera. Replace it with duffel bag of similar size. Match the lighting, shadow, and perspective of the original. Keep everything else exactly as it appears — same people, same poses, same scene. Make it look as photorealistic as possible. The substitution should be undetectable; the duffel bag should look like it was always there.",0,,0,,,,,,,,backpack,duffel bag,the person closest to the camera,,,,,,,,,,,,,,,,,,SWAP-OBJECT-CCT,item_00157_cctv_T2_train_C
ucf_crime_Normal_Videos134_x264_14s,ucf_crime,Normal_Videos134_x264,14.3,320,240,cctv_T1_test,cctv_test_T1,midday,clear,mixed,1,sparse,1,1,0,0,,,,,,,,,,,cctv,T1,test,B,X-T1-TIME-CCT,"Shift the time of day in this surveillance camera frame from midday to morning. Adjust lighting, shadow direction, sky color, and ambient brightness to match morning. Keep all people, vehicles, objects, structures, and signage exactly as they appear in the original image — same positions, same poses, same details. Make it look as photorealistic as possible. Change as little as possible beyond the lighting and time-of-day cues. Don't change any details of the original photo other than what's needed for the time shift.",0,,0,morning,,,,,,,,,,,,,,,,,,,,,,,,,,TIME,,item_00172_cctv_T1_test_B
ucf_crime_Normal_Videos138_x264_3595s,ucf_crime,Normal_Videos138_x264,3595.5,320,240,cctv_T2_test_has_open_floor_or_ground_space,cctv_test_T2,morning,indeterminate,mixed,1,moderate,1,1,1,1,,,,,,,,,,,cctv,T2,test,A,X-T2-ADD-PERSON-CCT,"Add one person to this surveillance camera frame, positioned at approximately the right side of the frame. The person should appear to be looking at something in their hands, dressed in winter clothing — a coat and hat, and visible at a scale consistent with the existing scene. Match the lighting, color temperature, and camera quality of the original image. Keep all existing people, vehicles, objects, structures, and signage exactly as they appear. Make it look as photorealistic as possible. The added person should look as if they were in the original scene.",0,,0,,,,,the right side of the frame,looking at something in their hands,winter clothing — a coat and hat,,,,,,,,,,,,,,,,,,,,,ADD-PERSON,item_00208_cctv_T2_test_A
ucf_crime_Normal_Videos139_x264_473s,ucf_crime,Normal_Videos139_x264,473,320,240,cctv_T2_train_person_holding_object,cctv_train_T2,indeterminate,indeterminate,fluorescent,1,moderate,1,0,1,0,,,,,,,,,,,cctv,T2,train,B,X-T2-SWAP-OBJECT-CCT,"In this surveillance camera frame, find the bag held by or near the person nearest the center of the frame. Replace it with box of similar size. Match the lighting, shadow, and perspective of the original. Keep everything else exactly as it appears — same people, same poses, same scene. Make it look as photorealistic as possible. The substitution should be undetectable; the box should look like it was always there.",0,,0,,,,,,,,bag,box,the person nearest the center of the frame,,,,,,,,,,,,,,,,,,SWAP-OBJECT-CCT,item_00150_cctv_T2_train_B
ucf_crime_Normal_Videos140_x264_25s,ucf_crime,Normal_Videos140_x264,25.5,320,240,cctv_T2_train_person_holding_object,cctv_train_T2,indeterminate,indeterminate,fluorescent,1,busy,1,1,1,1,,,,,,,,,,,cctv,T2,train,B,X-T2-SWAP-OBJECT-CCT,"In this surveillance camera frame, find the briefcase held by or near the person on the right side of the frame. Replace it with box of similar size. Match the lighting, shadow, and perspective of the original. Keep everything else exactly as it appears — same people, same poses, same scene. Make it look as photorealistic as possible. The substitution should be undetectable; the box should look like it was always there.",0,,0,,,,,,,,briefcase,box,the person on the right side of the frame,,,,,,,,,,,,,,,,,,SWAP-OBJECT-CCT,item_00153_cctv_T2_train_B
ucf_crime_Normal_Videos149_x264_7s,ucf_crime,Normal_Videos149_x264,7.9,320,240,cctv_T2_test_person_holding_object,cctv_test_T2,midday,indeterminate,mixed,1,busy,1,1,1,1,,,,,,,,,,,cctv,T2,test,B,X-T2-SWAP-OBJECT-CCT,"In this surveillance camera frame, find the phone held by or near the person on the left side of the frame. Replace it with small notebook of similar size. Match the lighting, shadow, and perspective of the original. Keep everything else exactly as it appears — same people, same poses, same scene. Make it look as photorealistic as possible. The substitution should be undetectable; the small notebook should look like it was always there.",0,,0,,,,,,,,phone,small notebook,the person on the left side of the frame,,,,,,,,,,,,,,,,,,SWAP-OBJECT-CCT,item_00236_cctv_T2_test_B
ucf_crime_Normal_Videos152_x264_191s,ucf_crime,Normal_Videos152_x264,191.5,320,240,cctv_T1_train,cctv_train_T1,midday,indeterminate,mixed,1,sparse,1,1,0,0,,,,,,,,,,,cctv,T1,train,B,X-T1-LIGHTING-CCT,"Change the lighting in this surveillance camera frame from mixed to dim. Adjust color temperature, contrast, and brightness throughout the image. Do not change the time of day or weather. Keep all people, vehicles, objects, structures, and signage exactly as they appear. Make it look as photorealistic as possible. Change as little as possible beyond the lighting. Don't change any details of the original photo other than the lighting.",0,,0,,,dim,,,,,,,,,,,,,,,,,,,,,,,,LIGHTING,,item_00034_cctv_T1_train_B
ucf_crime_Normal_Videos153_x264_200s,ucf_crime,Normal_Videos153_x264,200.8,320,240,cctv_T2_test_has_clearly_visible_person,cctv_test_T2,midday,indeterminate,fluorescent,1,sparse,1,1,0,0,,,,,,,,,,,cctv,T2,test,B,X-T2-REMOVE-PERSON-CCT,"Remove the person located at approximately the right side of the frame from this surveillance camera frame. Fill the area where they were with content consistent with the rest of the scene (floor, wall, background as appropriate). Keep all other people, vehicles, objects, and structures exactly as they appear. Make it look as photorealistic as possible. The image should appear as if that person had never been there. Don't change any details of the original photo other than removing the specified person.",0,,0,,,,,the right side of the frame,,,,,,,,,,,,,,,,,,,,,,,REMOVE-PERSON,item_00215_cctv_T2_test_B
ucf_crime_Normal_Videos164_x264_322s,ucf_crime,Normal_Videos164_x264,322.3,320,240,cctv_T2_test_person_holding_object,cctv_test_T2,midday,indeterminate,fluorescent,1,moderate,1,0,1,0,,,,,,,,,,,cctv,T2,test,A,X-T2-SWAP-OBJECT-CCT,"In this surveillance camera frame, find the backpack held by or near the person closest to the camera. Replace it with duffel bag of similar size. Match the lighting, shadow, and perspective of the original. Keep everything else exactly as it appears — same people, same poses, same scene. Make it look as photorealistic as possible. The substitution should be undetectable; the duffel bag should look like it was always there.",0,,0,,,,,,,,backpack,duffel bag,the person closest to the camera,,,,,,,,,,,,,,,,,,SWAP-OBJECT-CCT,item_00232_cctv_T2_test_A
ucf_crime_Normal_Videos166_x264_16s,ucf_crime,Normal_Videos166_x264,16.8,320,240,cctv_T2_test_has_clearly_visible_person,cctv_test_T2,evening,indeterminate,mixed,1,moderate,1,1,1,0,,,,,,,,,,,cctv,T2,test,C,X-T2-REMOVE-PERSON-CCT,"Remove the person located at approximately the right side of the frame from this surveillance camera frame. Fill the area where they were with content consistent with the rest of the scene (floor, wall, background as appropriate). Keep all other people, vehicles, objects, and structures exactly as they appear. Make it look as photorealistic as possible. The image should appear as if that person had never been there. Don't change any details of the original photo other than removing the specified person.",0,,0,,,,,the right side of the frame,,,,,,,,,,,,,,,,,,,,,,,REMOVE-PERSON,item_00219_cctv_T2_test_C
ucf_crime_Normal_Videos192_x264_87s,ucf_crime,Normal_Videos192_x264,87.1,320,240,cctv_T2_train_has_wall_signage_visible,cctv_train_T2,midday,indeterminate,fluorescent,1,sparse,1,1,0,1,,,,,,,,,,,cctv,T2,train,C,X-T2-REMOVE-SIGNAGE-CCT,"Remove the directional sign located at approximately the wall on the right from this surveillance camera frame. Fill the area with content consistent with the surrounding wall, post, or background. Keep all people, vehicles, objects, and other signage exactly as they appear. Make it look as photorealistic as possible. The image should appear as if that sign had never been posted.",0,,0,,,,,the wall on the right,,,,,,directional sign,,,,,,,,,,,,,,,,,REMOVE-SIGNAGE,item_00132_cctv_T2_train_C
ucf_crime_Normal_Videos200_x264_97s,ucf_crime,Normal_Videos200_x264,97.8,320,240,cctv_T1_train,cctv_train_T1,midday,clear,daylight,0,moderate,1,1,0,1,,,,,,,,,,,cctv,T1,train,C,X-T1-WEATHER-CCT,"Change the weather in this surveillance camera frame from clear to fog. Add ground-level fog and reduced visibility consistent with fog. Adjust lighting, sky, and ground appearance to match. Keep all people, vehicles, objects, structures, and signage exactly as they appear in the original image. Make it look as photorealistic as possible. Change as little as possible beyond what the weather change requires. Don't change any details of the original photo other than the weather.",0,,0,,fog,,,,,,,,,,,,,,,,,,,,,,,,,WEATHER,,item_00017_cctv_T1_train_C
ucf_crime_Normal_Videos201_x264_37s,ucf_crime,Normal_Videos201_x264,37.5,320,240,cctv_T1_test,cctv_test_T1,midday,indeterminate,mixed,1,sparse,1,1,0,1,,,,,,,,,,,cctv,T1,test,C,X-T1-WEATHER-CCT,"Change the weather in this surveillance camera frame from the current weather to light snow. Add falling snow and light snow accumulation consistent with light snow. Adjust lighting, sky, and ground appearance to match. Keep all people, vehicles, objects, structures, and signage exactly as they appear in the original image. Make it look as photorealistic as possible. Change as little as possible beyond what the weather change requires. Don't change any details of the original photo other than the weather.",0,,0,,light snow,,,,,,,,,,,,,,,,,,,,,,,,,WEATHER,,item_00173_cctv_T1_test_C
ucf_crime_Normal_Videos201_x264_89s,ucf_crime,Normal_Videos201_x264,89,320,240,cctv_T2_test_has_wall_signage_visible,cctv_test_T2,midday,indeterminate,mixed,1,sparse,1,1,1,1,,,,,,,,,,,cctv,T2,test,B,X-T2-REMOVE-SIGNAGE-CCT,"Remove the information sign located at approximately the wall on the left from this surveillance camera frame. Fill the area with content consistent with the surrounding wall, post, or background. Keep all people, vehicles, objects, and other signage exactly as they appear. Make it look as photorealistic as possible. The image should appear as if that sign had never been posted.",0,,0,,,,,the wall on the left,,,,,,information sign,,,,,,,,,,,,,,,,,REMOVE-SIGNAGE,item_00221_cctv_T2_test_B
ucf_crime_Normal_Videos212_x264_151s,ucf_crime,Normal_Videos212_x264,151.5,320,240,cctv_T2_test_has_clearly_visible_person,cctv_test_T2,midday,indeterminate,fluorescent,1,sparse,1,1,0,0,,,,,,,,,,,cctv,T2,test,A,X-T2-REMOVE-PERSON-CCT,"Remove the person located at approximately the right side of the frame from this surveillance camera frame. Fill the area where they were with content consistent with the rest of the scene (floor, wall, background as appropriate). Keep all other people, vehicles, objects, and structures exactly as they appear. Make it look as photorealistic as possible. The image should appear as if that person had never been there. Don't change any details of the original photo other than removing the specified person.",0,,0,,,,,the right side of the frame,,,,,,,,,,,,,,,,,,,,,,,REMOVE-PERSON,item_00211_cctv_T2_test_A
ucf_crime_Normal_Videos214_x264_219s,ucf_crime,Normal_Videos214_x264,219.7,320,240,cctv_T1_test,cctv_test_T1,midday,clear,daylight,0,sparse,1,1,0,0,,,,,,,,,,,cctv,T1,test,C,X-T1-TIME-CCT,"Shift the time of day in this surveillance camera frame from midday to morning. Adjust lighting, shadow direction, sky color, and ambient brightness to match morning. Keep all people, vehicles, objects, structures, and signage exactly as they appear in the original image — same positions, same poses, same details. Make it look as photorealistic as possible. Change as little as possible beyond the lighting and time-of-day cues. Don't change any details of the original photo other than what's needed for the time shift.",0,,0,morning,,,,,,,,,,,,,,,,,,,,,,,,,,TIME,,item_00188_cctv_T1_test_C
ucf_crime_Normal_Videos216_x264_43s,ucf_crime,Normal_Videos216_x264,43,320,240,cctv_T1_test,cctv_test_T1,midday,clear,daylight,0,sparse,1,1,0,0,,,,,,,,,,,cctv,T1,test,C,X-T1-CROWD-CCT,"Change the number of people visible in this surveillance camera frame from approximately sparse to approximately moderate. Add additional people consistent with the setting. Keep the existing scene composition, lighting, and all non-person elements (vehicles, structures, objects, signage) exactly as they appear. Any people added or kept should match the lighting, scale, and style of the original. Make it look as photorealistic as possible. Don't change any details of the original photo other than the people count.",0,,0,,,,moderate,,,,,,,,,,,,,,,,,,,,,,,CROWD,,item_00179_cctv_T1_test_C
ucf_crime_Normal_Videos216_x264_90s,ucf_crime,Normal_Videos216_x264,90.6,320,240,cctv_T2_test_has_open_floor_or_ground_space,cctv_test_T2,midday,clear,daylight,0,empty,0,1,0,0,,,,,,,,,,,cctv,T2,test,B,X-T2-ADD-PERSON-CCT,"Add one person to this surveillance camera frame, positioned at approximately the foreground. The person should appear to be in mid-stride, dressed in athletic clothing — a t-shirt and shorts, and visible at a scale consistent with the existing scene. Match the lighting, color temperature, and camera quality of the original image. Keep all existing people, vehicles, objects, structures, and signage exactly as they appear. Make it look as photorealistic as possible. The added person should look as if they were in the original scene.",0,,0,,,,,the foreground,in mid-stride,athletic clothing — a t-shirt and shorts,,,,,,,,,,,,,,,,,,,,,ADD-PERSON,item_00209_cctv_T2_test_B
ucf_crime_Normal_Videos220_x264_23s,ucf_crime,Normal_Videos220_x264,23.5,320,240,cctv_T2_train_has_clearly_visible_person,cctv_train_T2,midday,indeterminate,fluorescent,1,sparse,1,1,0,0,,,,,,,,,,,cctv,T2,train,B,X-T2-REMOVE-PERSON-CCT,"Remove the person located at approximately the left side of the frame from this surveillance camera frame. Fill the area where they were with content consistent with the rest of the scene (floor, wall, background as appropriate). Keep all other people, vehicles, objects, and structures exactly as they appear. Make it look as photorealistic as possible. The image should appear as if that person had never been there. Don't change any details of the original photo other than removing the specified person.",0,,0,,,,,the left side of the frame,,,,,,,,,,,,,,,,,,,,,,,REMOVE-PERSON,item_00112_cctv_T2_train_B
ucf_crime_Normal_Videos225_x264_169s,ucf_crime,Normal_Videos225_x264,169.1,320,240,cctv_T2_train_has_open_floor_or_ground_space,cctv_train_T2,evening,indeterminate,fluorescent,1,moderate,1,1,0,1,,,,,,,,,,,cctv,T2,train,C,X-T2-ADD-PERSON-CCT,"Add one person to this surveillance camera frame, positioned at approximately the foreground. The person should appear to be in mid-stride, dressed in athletic clothing — a t-shirt and shorts, and visible at a scale consistent with the existing scene. Match the lighting, color temperature, and camera quality of the original image. Keep all existing people, vehicles, objects, structures, and signage exactly as they appear. Make it look as photorealistic as possible. The added person should look as if they were in the original scene.",0,,0,,,,,the foreground,in mid-stride,athletic clothing — a t-shirt and shorts,,,,,,,,,,,,,,,,,,,,,ADD-PERSON,item_00094_cctv_T2_train_C
ucf_crime_Normal_Videos229_x264_3s,ucf_crime,Normal_Videos229_x264,3.9,320,240,cctv_T2_train_has_clearly_visible_person,cctv_train_T2,midday,indeterminate,fluorescent,1,sparse,1,1,0,1,,,,,,,,,,,cctv,T2,train,A,X-T2-REMOVE-PERSON-CCT,"Remove the person located at approximately the right side of the frame from this surveillance camera frame. Fill the area where they were with content consistent with the rest of the scene (floor, wall, background as appropriate). Keep all other people, vehicles, objects, and structures exactly as they appear. Make it look as photorealistic as possible. The image should appear as if that person had never been there. Don't change any details of the original photo other than removing the specified person.",0,,0,,,,,the right side of the frame,,,,,,,,,,,,,,,,,,,,,,,REMOVE-PERSON,item_00117_cctv_T2_train_A
ucf_crime_Normal_Videos234_x264_113s,ucf_crime,Normal_Videos234_x264,113.9,320,240,cctv_T2_train_person_holding_object,cctv_train_T2,midday,indeterminate,mixed,1,moderate,1,1,1,0,,,,,,,,,,,cctv,T2,train,B,X-T2-SWAP-OBJECT-CCT,"In this surveillance camera frame, find the backpack held by or near the person closest to the camera. Replace it with duffel bag of similar size. Match the lighting, shadow, and perspective of the original. Keep everything else exactly as it appears — same people, same poses, same scene. Make it look as photorealistic as possible. The substitution should be undetectable; the duffel bag should look like it was always there.",0,,0,,,,,,,,backpack,duffel bag,the person closest to the camera,,,,,,,,,,,,,,,,,,SWAP-OBJECT-CCT,item_00147_cctv_T2_train_B
ucf_crime_Normal_Videos238_x264_39s,ucf_crime,Normal_Videos238_x264,39.2,320,240,cctv_T2_train_has_wall_signage_visible,cctv_train_T2,midday,indeterminate,mixed,1,sparse,1,1,0,1,,,,,,,,,,,cctv,T2,train,C,X-T2-REMOVE-SIGNAGE-CCT,"Remove the notice posted on the wall located at approximately the background from this surveillance camera frame. Fill the area with content consistent with the surrounding wall, post, or background. Keep all people, vehicles, objects, and other signage exactly as they appear. Make it look as photorealistic as possible. The image should appear as if that sign had never been posted.",0,,0,,,,,the background,,,,,,notice posted on the wall,,,,,,,,,,,,,,,,,REMOVE-SIGNAGE,item_00138_cctv_T2_train_C
ucf_crime_Normal_Videos242_x264_13s,ucf_crime,Normal_Videos242_x264,13.5,320,240,cctv_T2_test_person_holding_object,cctv_test_T2,midday,indeterminate,mixed,1,moderate,1,1,1,0,,,,,,,,,,,cctv,T2,test,B,X-T2-SWAP-OBJECT-CCT,"In this surveillance camera frame, find the bag held by or near the person nearest the center of the frame. Replace it with box of similar size. Match the lighting, shadow, and perspective of the original. Keep everything else exactly as it appears — same people, same poses, same scene. Make it look as photorealistic as possible. The substitution should be undetectable; the box should look like it was always there.",0,,0,,,,,,,,bag,box,the person nearest the center of the frame,,,,,,,,,,,,,,,,,,SWAP-OBJECT-CCT,item_00230_cctv_T2_test_B
ucf_crime_Normal_Videos261_x264_48s,ucf_crime,Normal_Videos261_x264,48.2,320,240,cctv_T2_train_has_clearly_visible_person,cctv_train_T2,morning,indeterminate,fluorescent,1,sparse,1,1,0,0,,,,,,,,,,,cctv,T2,train,C,X-T2-REMOVE-PERSON-CCT,"Remove the person located at approximately the left side of the frame from this surveillance camera frame. Fill the area where they were with content consistent with the rest of the scene (floor, wall, background as appropriate). Keep all other people, vehicles, objects, and structures exactly as they appear. Make it look as photorealistic as possible. The image should appear as if that person had never been there. Don't change any details of the original photo other than removing the specified person.",0,,0,,,,,the left side of the frame,,,,,,,,,,,,,,,,,,,,,,,REMOVE-PERSON,item_00104_cctv_T2_train_C
ucf_crime_Normal_Videos273_x264_46s,ucf_crime,Normal_Videos273_x264,46.9,320,240,cctv_T2_test_has_clearly_visible_person,cctv_test_T2,indeterminate,indeterminate,fluorescent,1,sparse,1,1,1,0,,,,,,,,,,,cctv,T2,test,C,X-T2-REMOVE-PERSON-CCT,"Remove the person located at approximately the left side of the frame from this surveillance camera frame. Fill the area where they were with content consistent with the rest of the scene (floor, wall, background as appropriate). Keep all other people, vehicles, objects, and structures exactly as they appear. Make it look as photorealistic as possible. The image should appear as if that person had never been there. Don't change any details of the original photo other than removing the specified person.",0,,0,,,,,the left side of the frame,,,,,,,,,,,,,,,,,,,,,,,REMOVE-PERSON,item_00210_cctv_T2_test_C
ucf_crime_Normal_Videos277_x264_676s,ucf_crime,Normal_Videos277_x264,676.5,320,240,cctv_T2_train_has_open_floor_or_ground_space,cctv_train_T2,indeterminate,indeterminate,fluorescent,1,moderate,1,1,0,0,,,,,,,,,,,cctv,T2,train,C,X-T2-ADD-PERSON-CCT,"Add one person to this surveillance camera frame, positioned at approximately the left side of the frame. The person should appear to be carrying a bag, dressed in business casual — a button-up shirt and slacks, and visible at a scale consistent with the existing scene. Match the lighting, color temperature, and camera quality of the original image. Keep all existing people, vehicles, objects, structures, and signage exactly as they appear. Make it look as photorealistic as possible. The added person should look as if they were in the original scene.",0,,0,,,,,the left side of the frame,carrying a bag,business casual — a button-up shirt and slacks,,,,,,,,,,,,,,,,,,,,,ADD-PERSON,item_00097_cctv_T2_train_C
ucf_crime_Normal_Videos294_x264_8s,ucf_crime,Normal_Videos294_x264,8.8,320,240,cctv_T1_train,cctv_train_T1,midday,overcast,daylight,0,empty,0,1,0,0,,,,,,,,,,,cctv,T1,train,A,X-T1-WEATHER-CCT,"Change the weather in this surveillance camera frame from overcast to light rain. Add scattered raindrops and slightly wet surfaces consistent with light rain. Adjust lighting, sky, and ground appearance to match. Keep all people, vehicles, objects, structures, and signage exactly as they appear in the original image. Make it look as photorealistic as possible. Change as little as possible beyond what the weather change requires. Don't change any details of the original photo other than the weather.",0,,0,,light rain,,,,,,,,,,,,,,,,,,,,,,,,,WEATHER,,item_00021_cctv_T1_train_A
ucf_crime_Normal_Videos307_x264_18408s,ucf_crime,Normal_Videos307_x264,18408.5,320,240,cctv_T2_train_person_holding_object,cctv_train_T2,indeterminate,indeterminate,fluorescent,1,crowded,1,1,1,1,,,,,,,,,,,cctv,T2,train,A,X-T2-SWAP-OBJECT-CCT,"In this surveillance camera frame, find the bag held by or near the person nearest the center of the frame. Replace it with box of similar size. Match the lighting, shadow, and perspective of the original. Keep everything else exactly as it appears — same people, same poses, same scene. Make it look as photorealistic as possible. The substitution should be undetectable; the box should look like it was always there.",0,,0,,,,,,,,bag,box,the person nearest the center of the frame,,,,,,,,,,,,,,,,,,SWAP-OBJECT-CCT,item_00140_cctv_T2_train_A
ucf_crime_Normal_Videos335_x264_62s,ucf_crime,Normal_Videos335_x264,62.2,320,240,cctv_T1_test,cctv_test_T1,midday,indeterminate,fluorescent,1,moderate,1,1,0,0,,,,,,,,,,,cctv,T1,test,B,X-T1-WEATHER-CCT,"Change the weather in this surveillance camera frame from the current weather to fog. Add ground-level fog and reduced visibility consistent with fog. Adjust lighting, sky, and ground appearance to match. Keep all people, vehicles, objects, structures, and signage exactly as they appear in the original image. Make it look as photorealistic as possible. Change as little as possible beyond what the weather change requires. Don't change any details of the original photo other than the weather.",0,,0,,fog,,,,,,,,,,,,,,,,,,,,,,,,,WEATHER,,item_00193_cctv_T1_test_B
ucf_crime_Normal_Videos338_x264_15s,ucf_crime,Normal_Videos338_x264,15.2,320,240,cctv_T1_train,cctv_train_T1,midday,overcast,daylight,0,empty,0,1,0,0,,,,,,,,,,,cctv,T1,train,A,X-T1-TIME-CCT,"Shift the time of day in this surveillance camera frame from midday to golden hour. Adjust lighting, shadow direction, sky color, and ambient brightness to match golden hour. Keep all people, vehicles, objects, structures, and signage exactly as they appear in the original image — same positions, same poses, same details. Make it look as photorealistic as possible. Change as little as possible beyond the lighting and time-of-day cues. Don't change any details of the original photo other than what's needed for the time shift.",0,,0,golden hour,,,,,,,,,,,,,,,,,,,,,,,,,,TIME,,item_00036_cctv_T1_train_A
ucf_crime_Normal_Videos338_x264_16s,ucf_crime,Normal_Videos338_x264,16.8,320,240,cctv_T1_train,cctv_train_T1,morning,overcast,daylight,0,empty,0,1,0,0,,,,,,,,,,,cctv,T1,train,A,X-T1-CROWD-CCT,"Change the number of people visible in this surveillance camera frame from approximately empty to approximately sparse. Add additional people consistent with the setting. Keep the existing scene composition, lighting, and all non-person elements (vehicles, structures, objects, signage) exactly as they appear. Any people added or kept should match the lighting, scale, and style of the original. Make it look as photorealistic as possible. Don't change any details of the original photo other than the people count.",0,,0,,,,sparse,,,,,,,,,,,,,,,,,,,,,,,CROWD,,item_00075_cctv_T1_train_A
ucf_crime_Normal_Videos340_x264_52s,ucf_crime,Normal_Videos340_x264,52.6,320,240,cctv_T1_test,cctv_test_T1,midday,clear,daylight,0,empty,0,1,0,1,,,,,,,,,,,cctv,T1,test,C,X-T1-LIGHTING-CCT,"Change the lighting in this surveillance camera frame from daylight to LED cool. Adjust color temperature, contrast, and brightness throughout the image. Do not change the time of day or weather. Keep all people, vehicles, objects, structures, and signage exactly as they appear. Make it look as photorealistic as possible. Change as little as possible beyond the lighting. Don't change any details of the original photo other than the lighting.",0,,0,,,LED cool,,,,,,,,,,,,,,,,,,,,,,,,LIGHTING,,item_00170_cctv_T1_test_C
ucf_crime_Normal_Videos342_x264_22s,ucf_crime,Normal_Videos342_x264,22.8,320,240,cctv_T2_test_has_clearly_visible_person,cctv_test_T2,indeterminate,indeterminate,fluorescent,1,sparse,1,1,1,1,,,,,,,,,,,cctv,T2,test,A,X-T2-REMOVE-PERSON-CCT,"Remove the person located at approximately the left side of the frame from this surveillance camera frame. Fill the area where they were with content consistent with the rest of the scene (floor, wall, background as appropriate). Keep all other people, vehicles, objects, and structures exactly as they appear. Make it look as photorealistic as possible. The image should appear as if that person had never been there. Don't change any details of the original photo other than removing the specified person.",0,,0,,,,,the left side of the frame,,,,,,,,,,,,,,,,,,,,,,,REMOVE-PERSON,item_00214_cctv_T2_test_A
ucf_crime_Normal_Videos347_x264_23s,ucf_crime,Normal_Videos347_x264,23.2,320,240,cctv_T2_train_has_open_floor_or_ground_space,cctv_train_T2,evening,overcast,mixed,0,sparse,1,1,0,1,,,,,,,,,,,cctv,T2,train,A,X-T2-ADD-PERSON-CCT,"Add one person to this surveillance camera frame, positioned at approximately the foreground. The person should appear to be in mid-stride, dressed in athletic clothing — a t-shirt and shorts, and visible at a scale consistent with the existing scene. Match the lighting, color temperature, and camera quality of the original image. Keep all existing people, vehicles, objects, structures, and signage exactly as they appear. Make it look as photorealistic as possible. The added person should look as if they were in the original scene.",0,,0,,,,,the foreground,in mid-stride,athletic clothing — a t-shirt and shorts,,,,,,,,,,,,,,,,,,,,,ADD-PERSON,item_00089_cctv_T2_train_A
ucf_crime_Normal_Videos348_x264_28s,ucf_crime,Normal_Videos348_x264,28.2,320,240,cctv_T2_test_has_wall_signage_visible,cctv_test_T2,midday,clear,daylight,0,moderate,1,1,0,1,,,,,,,,,,,cctv,T2,test,C,X-T2-REMOVE-SIGNAGE-CCT,"Remove the warning sign located at approximately the upper area of the frame from this surveillance camera frame. Fill the area with content consistent with the surrounding wall, post, or background. Keep all people, vehicles, objects, and other signage exactly as they appear. Make it look as photorealistic as possible. The image should appear as if that sign had never been posted.",0,,0,,,,,the upper area of the frame,,,,,,warning sign,,,,,,,,,,,,,,,,,REMOVE-SIGNAGE,item_00225_cctv_T2_test_C
ucf_crime_Normal_Videos375_x264_758s,ucf_crime,Normal_Videos375_x264,758.8,320,240,cctv_T2_train_person_holding_object,cctv_train_T2,midday,indeterminate,fluorescent,1,sparse,1,1,1,1,,,,,,,,,,,cctv,T2,train,A,X-T2-SWAP-OBJECT-CCT,"In this surveillance camera frame, find the bag held by or near the person nearest the center of the frame. Replace it with box of similar size. Match the lighting, shadow, and perspective of the original. Keep everything else exactly as it appears — same people, same poses, same scene. Make it look as photorealistic as possible. The substitution should be undetectable; the box should look like it was always there.",0,,0,,,,,,,,bag,box,the person nearest the center of the frame,,,,,,,,,,,,,,,,,,SWAP-OBJECT-CCT,item_00155_cctv_T2_train_A
ucf_crime_Normal_Videos385_x264_22s,ucf_crime,Normal_Videos385_x264,22.7,320,240,cctv_T1_train,cctv_train_T1,midday,clear,daylight,0,sparse,1,1,0,0,,,,,,,,,,,cctv,T1,train,B,X-T1-CROWD-CCT,"Change the number of people visible in this surveillance camera frame from approximately sparse to approximately busy. Add additional people consistent with the setting. Keep the existing scene composition, lighting, and all non-person elements (vehicles, structures, objects, signage) exactly as they appear. Any people added or kept should match the lighting, scale, and style of the original. Make it look as photorealistic as possible. Don't change any details of the original photo other than the people count.",0,,0,,,,busy,,,,,,,,,,,,,,,,,,,,,,,CROWD,,item_00055_cctv_T1_train_B
ucf_crime_Normal_Videos386_x264_60s,ucf_crime,Normal_Videos386_x264,60.4,320,240,cctv_T2_train_has_wall_signage_visible,cctv_train_T2,midday,clear,daylight,0,moderate,1,1,0,1,,,,,,,,,,,cctv,T2,train,B,X-T2-REMOVE-SIGNAGE-CCT,"Remove the warning sign located at approximately the upper area of the frame from this surveillance camera frame. Fill the area with content consistent with the surrounding wall, post, or background. Keep all people, vehicles, objects, and other signage exactly as they appear. Make it look as photorealistic as possible. The image should appear as if that sign had never been posted.",0,,0,,,,,the upper area of the frame,,,,,,warning sign,,,,,,,,,,,,,,,,,REMOVE-SIGNAGE,item_00125_cctv_T2_train_B
ucf_crime_Normal_Videos389_x264_34s,ucf_crime,Normal_Videos389_x264,34.2,320,240,cctv_T1_test,cctv_test_T1,midday,overcast,daylight,0,empty,0,1,0,0,,,,,,,,,,,cctv,T1,test,B,X-T1-TIME-CCT,"Shift the time of day in this surveillance camera frame from midday to dusk. Adjust lighting, shadow direction, sky color, and ambient brightness to match dusk. Keep all people, vehicles, objects, structures, and signage exactly as they appear in the original image — same positions, same poses, same details. Make it look as photorealistic as possible. Change as little as possible beyond the lighting and time-of-day cues. Don't change any details of the original photo other than what's needed for the time shift.",0,,0,dusk,,,,,,,,,,,,,,,,,,,,,,,,,,TIME,,item_00196_cctv_T1_test_B
ucf_crime_Normal_Videos396_x264_2165s,ucf_crime,Normal_Videos396_x264,2165.3,320,240,cctv_T2_train_has_clearly_visible_person,cctv_train_T2,night,indeterminate,mixed,0,sparse,1,1,0,0,,,,,,,,,,,cctv,T2,train,A,X-T2-REMOVE-PERSON-CCT,"Remove the person located at approximately the center of the frame from this surveillance camera frame. Fill the area where they were with content consistent with the rest of the scene (floor, wall, background as appropriate). Keep all other people, vehicles, objects, and structures exactly as they appear. Make it look as photorealistic as possible. The image should appear as if that person had never been there. Don't change any details of the original photo other than removing the specified person.",0,,0,,,,,the center of the frame,,,,,,,,,,,,,,,,,,,,,,,REMOVE-PERSON,item_00111_cctv_T2_train_A
ucf_crime_Normal_Videos398_x264_81s,ucf_crime,Normal_Videos398_x264,81.1,320,240,cctv_T1_train,cctv_train_T1,morning,clear,daylight,0,sparse,0,1,0,0,,,,,,,,,,,cctv,T1,train,C,X-T1-WEATHER-CCT,"Change the weather in this surveillance camera frame from clear to fog. Add ground-level fog and reduced visibility consistent with fog. Adjust lighting, sky, and ground appearance to match. Keep all people, vehicles, objects, structures, and signage exactly as they appear in the original image. Make it look as photorealistic as possible. Change as little as possible beyond what the weather change requires. Don't change any details of the original photo other than the weather.",0,,0,,fog,,,,,,,,,,,,,,,,,,,,,,,,,WEATHER,,item_00065_cctv_T1_train_C
ucf_crime_Normal_Videos405_x264_16s,ucf_crime,Normal_Videos405_x264,16.1,320,240,cctv_T1_train,cctv_train_T1,midday,clear,daylight,0,empty,0,1,0,0,,,,,,,,,,,cctv,T1,train,A,X-T1-WEATHER-CCT,"Change the weather in this surveillance camera frame from clear to fog. Add ground-level fog and reduced visibility consistent with fog. Adjust lighting, sky, and ground appearance to match. Keep all people, vehicles, objects, structures, and signage exactly as they appear in the original image. Make it look as photorealistic as possible. Change as little as possible beyond what the weather change requires. Don't change any details of the original photo other than the weather.",0,,0,,fog,,,,,,,,,,,,,,,,,,,,,,,,,WEATHER,,item_00033_cctv_T1_train_A
ucf_crime_Normal_Videos410_x264_46s,ucf_crime,Normal_Videos410_x264,46.3,320,240,cctv_T1_train,cctv_train_T1,midday,clear,mixed,1,moderate,1,1,0,1,,,,,,,,,,,cctv,T1,train,A,X-T1-CROWD-CCT,"Change the number of people visible in this surveillance camera frame from approximately moderate to approximately busy. Add additional people consistent with the setting. Keep the existing scene composition, lighting, and all non-person elements (vehicles, structures, objects, signage) exactly as they appear. Any people added or kept should match the lighting, scale, and style of the original. Make it look as photorealistic as possible. Don't change any details of the original photo other than the people count.",0,,0,,,,busy,,,,,,,,,,,,,,,,,,,,,,,CROWD,,item_00015_cctv_T1_train_A
ucf_crime_Normal_Videos410_x264_79s,ucf_crime,Normal_Videos410_x264,79,320,240,cctv_T2_train_has_clearly_visible_person,cctv_train_T2,midday,clear,daylight,0,busy,1,1,0,1,,,,,,,,,,,cctv,T2,train,B,X-T2-REMOVE-PERSON-CCT,"Remove the person located at approximately the left side of the frame from this surveillance camera frame. Fill the area where they were with content consistent with the rest of the scene (floor, wall, background as appropriate). Keep all other people, vehicles, objects, and structures exactly as they appear. Make it look as photorealistic as possible. The image should appear as if that person had never been there. Don't change any details of the original photo other than removing the specified person.",0,,0,,,,,the left side of the frame,,,,,,,,,,,,,,,,,,,,,,,REMOVE-PERSON,item_00100_cctv_T2_train_B
ucf_crime_Normal_Videos418_x264_3s,ucf_crime,Normal_Videos418_x264,3.1,320,240,cctv_T2_test_person_holding_object,cctv_test_T2,evening,indeterminate,mixed,0,crowded,1,0,1,1,,,,,,,,,,,cctv,T2,test,B,X-T2-SWAP-OBJECT-CCT,"In this surveillance camera frame, find the bottle held by or near any visible person. Replace it with small package of similar size. Match the lighting, shadow, and perspective of the original. Keep everything else exactly as it appears — same people, same poses, same scene. Make it look as photorealistic as possible. The substitution should be undetectable; the small package should look like it was always there.",0,,0,,,,,,,,bottle,small package,any visible person,,,,,,,,,,,,,,,,,,SWAP-OBJECT-CCT,item_00239_cctv_T2_test_B
ucf_crime_Normal_Videos420_x264_69s,ucf_crime,Normal_Videos420_x264,69.7,320,240,cctv_T2_train_person_holding_object,cctv_train_T2,indeterminate,indeterminate,fluorescent,1,sparse,1,1,1,0,,,,,,,,,,,cctv,T2,train,B,X-T2-SWAP-OBJECT-CCT,"In this surveillance camera frame, find the phone held by or near the person on the left side of the frame. Replace it with small notebook of similar size. Match the lighting, shadow, and perspective of the original. Keep everything else exactly as it appears — same people, same poses, same scene. Make it look as photorealistic as possible. The substitution should be undetectable; the small notebook should look like it was always there.",0,,0,,,,,,,,phone,small notebook,the person on the left side of the frame,,,,,,,,,,,,,,,,,,SWAP-OBJECT-CCT,item_00156_cctv_T2_train_B
ucf_crime_Normal_Videos423_x264_41s,ucf_crime,Normal_Videos423_x264,41.7,320,240,cctv_T2_train_has_clearly_visible_person,cctv_train_T2,midday,indeterminate,fluorescent,1,sparse,1,1,0,1,,,,,,,,,,,cctv,T2,train,C,X-T2-REMOVE-PERSON-CCT,"Remove the person located at approximately the right side of the frame from this surveillance camera frame. Fill the area where they were with content consistent with the rest of the scene (floor, wall, background as appropriate). Keep all other people, vehicles, objects, and structures exactly as they appear. Make it look as photorealistic as possible. The image should appear as if that person had never been there. Don't change any details of the original photo other than removing the specified person.",0,,0,,,,,the right side of the frame,,,,,,,,,,,,,,,,,,,,,,,REMOVE-PERSON,item_00101_cctv_T2_train_C
ucf_crime_Normal_Videos423_x264_74s,ucf_crime,Normal_Videos423_x264,74.3,320,240,cctv_T2_train_has_clearly_visible_person,cctv_train_T2,indeterminate,indeterminate,fluorescent,1,sparse,1,1,1,1,,,,,,,,,,,cctv,T2,train,C,X-T2-REMOVE-PERSON-CCT,"Remove the person located at approximately the left side of the frame from this surveillance camera frame. Fill the area where they were with content consistent with the rest of the scene (floor, wall, background as appropriate). Keep all other people, vehicles, objects, and structures exactly as they appear. Make it look as photorealistic as possible. The image should appear as if that person had never been there. Don't change any details of the original photo other than removing the specified person.",0,,0,,,,,the left side of the frame,,,,,,,,,,,,,,,,,,,,,,,REMOVE-PERSON,item_00116_cctv_T2_train_C
ucf_crime_Normal_Videos427_x264_8s,ucf_crime,Normal_Videos427_x264,8.8,320,240,cctv_T1_test,cctv_test_T1,indeterminate,indeterminate,fluorescent,1,moderate,1,1,0,0,,,,,,,,,,,cctv,T1,test,B,X-T1-WEATHER-CCT,"Change the weather in this surveillance camera frame from the current weather to light rain. Add scattered raindrops and slightly wet surfaces consistent with light rain. Adjust lighting, sky, and ground appearance to match. Keep all people, vehicles, objects, structures, and signage exactly as they appear in the original image. Make it look as photorealistic as possible. Change as little as possible beyond what the weather change requires. Don't change any details of the original photo other than the weather.",0,,0,,light rain,,,,,,,,,,,,,,,,,,,,,,,,,WEATHER,,item_00181_cctv_T1_test_B
ucf_crime_Normal_Videos431_x264_32s,ucf_crime,Normal_Videos431_x264,32.4,320,240,cctv_T1_train,cctv_train_T1,indeterminate,indeterminate,fluorescent,1,sparse,1,1,0,0,,,,,,,,,,,cctv,T1,train,C,X-T1-WEATHER-CCT,"Change the weather in this surveillance camera frame from the current weather to heavy rain. Add wet pavement, falling rain, and spray consistent with heavy rain. Adjust lighting, sky, and ground appearance to match. Keep all people, vehicles, objects, structures, and signage exactly as they appear in the original image. Make it look as photorealistic as possible. Change as little as possible beyond what the weather change requires. Don't change any details of the original photo other than the weather.",0,,0,,heavy rain,,,,,,,,,,,,,,,,,,,,,,,,,WEATHER,,item_00041_cctv_T1_train_C
ucf_crime_Normal_Videos434_x264_33s,ucf_crime,Normal_Videos434_x264,33.3,320,240,cctv_T1_train,cctv_train_T1,midday,clear,daylight,0,sparse,1,1,0,1,,,,,,,,,,,cctv,T1,train,B,X-T1-WEATHER-CCT,"Change the weather in this surveillance camera frame from clear to light snow. Add falling snow and light snow accumulation consistent with light snow. Adjust lighting, sky, and ground appearance to match. Keep all people, vehicles, objects, structures, and signage exactly as they appear in the original image. Make it look as photorealistic as possible. Change as little as possible beyond what the weather change requires. Don't change any details of the original photo other than the weather.",0,,0,,light snow,,,,,,,,,,,,,,,,,,,,,,,,,WEATHER,,item_00013_cctv_T1_train_B
ucf_crime_Normal_Videos436_x264_33s,ucf_crime,Normal_Videos436_x264,33.7,320,240,cctv_T1_test,cctv_test_T1,midday,indeterminate,mixed,1,moderate,1,1,0,1,,,,,,,,,,,cctv,T1,test,B,X-T1-LIGHTING-CCT,"Change the lighting in this surveillance camera frame from mixed to sodium vapor. Adjust color temperature, contrast, and brightness throughout the image. Do not change the time of day or weather. Keep all people, vehicles, objects, structures, and signage exactly as they appear. Make it look as photorealistic as possible. Change as little as possible beyond the lighting. Don't change any details of the original photo other than the lighting.",0,,0,,,sodium vapor,,,,,,,,,,,,,,,,,,,,,,,,LIGHTING,,item_00166_cctv_T1_test_B
ucf_crime_Normal_Videos442_x264_52s,ucf_crime,Normal_Videos442_x264,52.9,320,240,cctv_T2_train_person_holding_object,cctv_train_T2,midday,indeterminate,fluorescent,1,sparse,1,1,1,1,,,,,,,,,,,cctv,T2,train,B,X-T2-SWAP-OBJECT-CCT,"In this surveillance camera frame, find the bottle held by or near any visible person. Replace it with small package of similar size. Match the lighting, shadow, and perspective of the original. Keep everything else exactly as it appears — same people, same poses, same scene. Make it look as photorealistic as possible. The substitution should be undetectable; the small package should look like it was always there.",0,,0,,,,,,,,bottle,small package,any visible person,,,,,,,,,,,,,,,,,,SWAP-OBJECT-CCT,item_00159_cctv_T2_train_B
ucf_crime_Normal_Videos445_x264_62s,ucf_crime,Normal_Videos445_x264,62.9,320,240,cctv_T1_train,cctv_train_T1,indeterminate,indeterminate,fluorescent,1,moderate,1,1,0,1,,,,,,,,,,,cctv,T1,train,B,X-T1-WEATHER-CCT,"Change the weather in this surveillance camera frame from the current weather to light rain. Add scattered raindrops and slightly wet surfaces consistent with light rain. Adjust lighting, sky, and ground appearance to match. Keep all people, vehicles, objects, structures, and signage exactly as they appear in the original image. Make it look as photorealistic as possible. Change as little as possible beyond what the weather change requires. Don't change any details of the original photo other than the weather.",0,,0,,light rain,,,,,,,,,,,,,,,,,,,,,,,,,WEATHER,,item_00037_cctv_T1_train_B
ucf_crime_Normal_Videos449_x264_2659s,ucf_crime,Normal_Videos449_x264,2659.3,320,240,cctv_T1_test,cctv_test_T1,evening,indeterminate,fluorescent,1,sparse,1,1,0,0,,,,,,,,,,,cctv,T1,test,B,X-T1-LIGHTING-CCT,"Change the lighting in this surveillance camera frame from fluorescent to incandescent. Adjust color temperature, contrast, and brightness throughout the image. Do not change the time of day or weather. Keep all people, vehicles, objects, structures, and signage exactly as they appear. Make it look as photorealistic as possible. Change as little as possible beyond the lighting. Don't change any details of the original photo other than the lighting.",0,,0,,,incandescent,,,,,,,,,,,,,,,,,,,,,,,,LIGHTING,,item_00190_cctv_T1_test_B
ucf_crime_Normal_Videos457_x264_20s,ucf_crime,Normal_Videos457_x264,20.4,320,240,cctv_T1_test,cctv_test_T1,indeterminate,indeterminate,fluorescent,1,moderate,1,1,1,0,,,,,,,,,,,cctv,T1,test,C,X-T1-CROWD-CCT,"Change the number of people visible in this surveillance camera frame from approximately moderate to approximately empty. Remove people from less-prominent areas of the scene first consistent with the setting. Keep the existing scene composition, lighting, and all non-person elements (vehicles, structures, objects, signage) exactly as they appear. Any people added or kept should match the lighting, scale, and style of the original. Make it look as photorealistic as possible. Don't change any details of the original photo other than the people count.",0,,0,,,,empty,,,,,,,,,,,,,,,,,,,,,,,CROWD,,item_00191_cctv_T1_test_C
ucf_crime_Normal_Videos457_x264_27s,ucf_crime,Normal_Videos457_x264,27,320,240,cctv_T1_test,cctv_test_T1,indeterminate,indeterminate,fluorescent,1,moderate,1,1,1,0,,,,,,,,,,,cctv,T1,test,C,X-T1-WEATHER-CCT,"Change the weather in this surveillance camera frame from the current weather to fog. Add ground-level fog and reduced visibility consistent with fog. Adjust lighting, sky, and ground appearance to match. Keep all people, vehicles, objects, structures, and signage exactly as they appear in the original image. Make it look as photorealistic as possible. Change as little as possible beyond what the weather change requires. Don't change any details of the original photo other than the weather.",0,,0,,fog,,,,,,,,,,,,,,,,,,,,,,,,,WEATHER,,item_00161_cctv_T1_test_C
ucf_crime_Normal_Videos460_x264_109s,ucf_crime,Normal_Videos460_x264,109.4,320,240,cctv_T2_train_has_clearly_visible_person,cctv_train_T2,midday,indeterminate,fluorescent,1,moderate,1,1,0,0,,,,,,,,,,,cctv,T2,train,C,X-T2-REMOVE-PERSON-CCT,"Remove the person located at approximately the right side of the frame from this surveillance camera frame. Fill the area where they were with content consistent with the rest of the scene (floor, wall, background as appropriate). Keep all other people, vehicles, objects, and structures exactly as they appear. Make it look as photorealistic as possible. The image should appear as if that person had never been there. Don't change any details of the original photo other than removing the specified person.",0,,0,,,,,the right side of the frame,,,,,,,,,,,,,,,,,,,,,,,REMOVE-PERSON,item_00113_cctv_T2_train_C
ucf_crime_Normal_Videos461_x264_52s,ucf_crime,Normal_Videos461_x264,52.2,320,240,cctv_T2_train_has_open_floor_or_ground_space,cctv_train_T2,midday,overcast,daylight,0,empty,0,1,0,0,,,,,,,,,,,cctv,T2,train,B,X-T2-ADD-PERSON-CCT,"Add one person to this surveillance camera frame, positioned at approximately the background. The person should appear to be walking, dressed in a dark jacket and jeans, and visible at a scale consistent with the existing scene. Match the lighting, color temperature, and camera quality of the original image. Keep all existing people, vehicles, objects, structures, and signage exactly as they appear. Make it look as photorealistic as possible. The added person should look as if they were in the original scene.",0,,0,,,,,the background,walking,a dark jacket and jeans,,,,,,,,,,,,,,,,,,,,,ADD-PERSON,item_00090_cctv_T2_train_B
ucf_crime_Normal_Videos473_x264_539s,ucf_crime,Normal_Videos473_x264,539.6,320,240,cctv_T2_test_has_clearly_visible_person,cctv_test_T2,night,indeterminate,fluorescent,1,sparse,1,1,1,0,,,,,,,,,,,cctv,T2,test,C,X-T2-REMOVE-PERSON-CCT,"Remove the person located at approximately the center of the frame from this surveillance camera frame. Fill the area where they were with content consistent with the rest of the scene (floor, wall, background as appropriate). Keep all other people, vehicles, objects, and structures exactly as they appear. Make it look as photorealistic as possible. The image should appear as if that person had never been there. Don't change any details of the original photo other than removing the specified person.",0,,0,,,,,the center of the frame,,,,,,,,,,,,,,,,,,,,,,,REMOVE-PERSON,item_00213_cctv_T2_test_C
ucf_crime_Normal_Videos484_x264_117s,ucf_crime,Normal_Videos484_x264,117.3,320,240,cctv_T1_train,cctv_train_T1,morning,clear,daylight,0,sparse,1,1,1,0,,,,,,,,,,,cctv,T1,train,C,X-T1-CROWD-CCT,"Change the number of people visible in this surveillance camera frame from approximately sparse to approximately empty. Remove people from less-prominent areas of the scene first consistent with the setting. Keep the existing scene composition, lighting, and all non-person elements (vehicles, structures, objects, signage) exactly as they appear. Any people added or kept should match the lighting, scale, and style of the original. Make it look as photorealistic as possible. Don't change any details of the original photo other than the people count.",0,,0,,,,empty,,,,,,,,,,,,,,,,,,,,,,,CROWD,,item_00023_cctv_T1_train_C
ucf_crime_Normal_Videos498_x264_175s,ucf_crime,Normal_Videos498_x264,175.3,320,240,cctv_T1_test,cctv_test_T1,midday,indeterminate,fluorescent,1,sparse,1,1,0,1,,,,,,,,,,,cctv,T1,test,C,X-T1-LIGHTING-CCT,"Change the lighting in this surveillance camera frame from fluorescent to sodium vapor. Adjust color temperature, contrast, and brightness throughout the image. Do not change the time of day or weather. Keep all people, vehicles, objects, structures, and signage exactly as they appear. Make it look as photorealistic as possible. Change as little as possible beyond the lighting. Don't change any details of the original photo other than the lighting.",0,,0,,,sodium vapor,,,,,,,,,,,,,,,,,,,,,,,,LIGHTING,,item_00182_cctv_T1_test_C
ucf_crime_Normal_Videos503_x264_5s,ucf_crime,Normal_Videos503_x264,5.9,320,240,cctv_T2_train_has_open_floor_or_ground_space,cctv_train_T2,midday,clear,daylight,0,empty,0,1,0,0,,,,,,,,,,,cctv,T2,train,B,X-T2-ADD-PERSON-CCT,"Add one person to this surveillance camera frame, positioned at approximately the center of the frame. The person should appear to be standing, dressed in casual clothing — a hoodie and pants, and visible at a scale consistent with the existing scene. Match the lighting, color temperature, and camera quality of the original image. Keep all existing people, vehicles, objects, structures, and signage exactly as they appear. Make it look as photorealistic as possible. The added person should look as if they were in the original scene.",0,,0,,,,,the center of the frame,standing,casual clothing — a hoodie and pants,,,,,,,,,,,,,,,,,,,,,ADD-PERSON,item_00081_cctv_T2_train_B
ucf_crime_Normal_Videos508_x264_24s,ucf_crime,Normal_Videos508_x264,24,320,240,cctv_T1_train,cctv_train_T1,indeterminate,indeterminate,indeterminate,1,empty,0,0,0,0,,,,,,,,,,,cctv,T1,train,A,X-T1-TIME-CCT,"Shift the time of day in this surveillance camera frame from the current time of day to night. Adjust lighting, shadow direction, sky color, and ambient brightness to match night. Keep all people, vehicles, objects, structures, and signage exactly as they appear in the original image — same positions, same poses, same details. Make it look as photorealistic as possible. Change as little as possible beyond the lighting and time-of-day cues. Don't change any details of the original photo other than what's needed for the time shift.",0,,0,night,,,,,,,,,,,,,,,,,,,,,,,,,,TIME,,item_00072_cctv_T1_train_A
ucf_crime_Normal_Videos512_x264_65s,ucf_crime,Normal_Videos512_x264,65.5,320,240,cctv_T2_train_person_holding_object,cctv_train_T2,indeterminate,indeterminate,fluorescent,1,moderate,1,1,1,0,,,,,,,,,,,cctv,T2,train,A,X-T2-SWAP-OBJECT-CCT,"In this surveillance camera frame, find the bottle held by or near any visible person. Replace it with small package of similar size. Match the lighting, shadow, and perspective of the original. Keep everything else exactly as it appears — same people, same poses, same scene. Make it look as photorealistic as possible. The substitution should be undetectable; the small package should look like it was always there.",0,,0,,,,,,,,bottle,small package,any visible person,,,,,,,,,,,,,,,,,,SWAP-OBJECT-CCT,item_00149_cctv_T2_train_A
ucf_crime_Normal_Videos521_x264_1356s,ucf_crime,Normal_Videos521_x264,1356.5,320,240,cctv_T2_train_has_open_floor_or_ground_space,cctv_train_T2,evening,clear,mixed,0,sparse,1,1,0,0,,,,,,,,,,,cctv,T2,train,B,X-T2-ADD-PERSON-CCT,"Add one person to this surveillance camera frame, positioned at approximately the left side of the frame. The person should appear to be carrying a bag, dressed in business casual — a button-up shirt and slacks, and visible at a scale consistent with the existing scene. Match the lighting, color temperature, and camera quality of the original image. Keep all existing people, vehicles, objects, structures, and signage exactly as they appear. Make it look as photorealistic as possible. The added person should look as if they were in the original scene.",0,,0,,,,,the left side of the frame,carrying a bag,business casual — a button-up shirt and slacks,,,,,,,,,,,,,,,,,,,,,ADD-PERSON,item_00087_cctv_T2_train_B
ucf_crime_Normal_Videos524_x264_121s,ucf_crime,Normal_Videos524_x264,121.2,320,240,cctv_T1_test,cctv_test_T1,midday,clear,daylight,0,moderate,1,1,1,0,,,,,,,,,,,cctv,T1,test,A,X-T1-WEATHER-CCT,"Change the weather in this surveillance camera frame from clear to fog. Add ground-level fog and reduced visibility consistent with fog. Adjust lighting, sky, and ground appearance to match. Keep all people, vehicles, objects, structures, and signage exactly as they appear in the original image. Make it look as photorealistic as possible. Change as little as possible beyond what the weather change requires. Don't change any details of the original photo other than the weather.",0,,0,,fog,,,,,,,,,,,,,,,,,,,,,,,,,WEATHER,,item_00177_cctv_T1_test_A
ucf_crime_Normal_Videos527_x264_14s,ucf_crime,Normal_Videos527_x264,14.5,320,240,cctv_T1_train,cctv_train_T1,indeterminate,indeterminate,fluorescent,1,sparse,1,1,0,1,,,,,,,,,,,cctv,T1,train,C,X-T1-LIGHTING-CCT,"Change the lighting in this surveillance camera frame from fluorescent to dim. Adjust color temperature, contrast, and brightness throughout the image. Do not change the time of day or weather. Keep all people, vehicles, objects, structures, and signage exactly as they appear. Make it look as photorealistic as possible. Change as little as possible beyond the lighting. Don't change any details of the original photo other than the lighting.",0,,0,,,dim,,,,,,,,,,,,,,,,,,,,,,,,LIGHTING,,item_00050_cctv_T1_train_C
ucf_crime_Normal_Videos528_x264_37s,ucf_crime,Normal_Videos528_x264,37.3,320,240,cctv_T1_train,cctv_train_T1,night,clear,mixed,0,sparse,1,1,0,0,,,,,,,,,,,cctv,T1,train,C,X-T1-TIME-CCT,"Shift the time of day in this surveillance camera frame from night to dusk. Adjust lighting, shadow direction, sky color, and ambient brightness to match dusk. Keep all people, vehicles, objects, structures, and signage exactly as they appear in the original image — same positions, same poses, same details. Make it look as photorealistic as possible. Change as little as possible beyond the lighting and time-of-day cues. Don't change any details of the original photo other than what's needed for the time shift.",0,,0,dusk,,,,,,,,,,,,,,,,,,,,,,,,,,TIME,,item_00032_cctv_T1_train_C
ucf_crime_Normal_Videos537_x264_76s,ucf_crime,Normal_Videos537_x264,76.4,320,240,cctv_T2_train_has_wall_signage_visible,cctv_train_T2,midday,clear,daylight,0,empty,0,1,0,1,,,,,,,,,,,cctv,T2,train,A,X-T2-REMOVE-SIGNAGE-CCT,"Remove the information sign located at approximately the wall on the left from this surveillance camera frame. Fill the area with content consistent with the surrounding wall, post, or background. Keep all people, vehicles, objects, and other signage exactly as they appear. Make it look as photorealistic as possible. The image should appear as if that sign had never been posted.",0,,0,,,,,the wall on the left,,,,,,information sign,,,,,,,,,,,,,,,,,REMOVE-SIGNAGE,item_00121_cctv_T2_train_A
ucf_crime_Normal_Videos538_x264_24s,ucf_crime,Normal_Videos538_x264,24.5,320,240,cctv_T1_train,cctv_train_T1,midday,clear,daylight,0,empty,0,1,0,0,,,,,,,,,,,cctv,T1,train,A,X-T1-CROWD-CCT,"Change the number of people visible in this surveillance camera frame from approximately empty to approximately sparse. Add additional people consistent with the setting. Keep the existing scene composition, lighting, and all non-person elements (vehicles, structures, objects, signage) exactly as they appear. Any people added or kept should match the lighting, scale, and style of the original. Make it look as photorealistic as possible. Don't change any details of the original photo other than the people count.",0,,0,,,,sparse,,,,,,,,,,,,,,,,,,,,,,,CROWD,,item_00027_cctv_T1_train_A
ucf_crime_Normal_Videos541_x264_1475s,ucf_crime,Normal_Videos541_x264,1475.7,320,240,cctv_T2_train_has_wall_signage_visible,cctv_train_T2,midday,clear,daylight,0,sparse,1,1,0,1,,,,,,,,,,,cctv,T2,train,A,X-T2-REMOVE-SIGNAGE-CCT,"Remove the information sign located at approximately the wall on the left from this surveillance camera frame. Fill the area with content consistent with the surrounding wall, post, or background. Keep all people, vehicles, objects, and other signage exactly as they appear. Make it look as photorealistic as possible. The image should appear as if that sign had never been posted.",0,,0,,,,,the wall on the left,,,,,,information sign,,,,,,,,,,,,,,,,,REMOVE-SIGNAGE,item_00136_cctv_T2_train_A
ucf_crime_Normal_Videos549_x264_107s,ucf_crime,Normal_Videos549_x264,107.3,320,240,cctv_T1_train,cctv_train_T1,night,indeterminate,mixed,0,sparse,0,1,0,1,,,,,,,,,,,cctv,T1,train,A,X-T1-WEATHER-CCT,"Change the weather in this surveillance camera frame from the current weather to heavy rain. Add wet pavement, falling rain, and spray consistent with heavy rain. Adjust lighting, sky, and ground appearance to match. Keep all people, vehicles, objects, structures, and signage exactly as they appear in the original image. Make it look as photorealistic as possible. Change as little as possible beyond what the weather change requires. Don't change any details of the original photo other than the weather.",0,,0,,heavy rain,,,,,,,,,,,,,,,,,,,,,,,,,WEATHER,,item_00009_cctv_T1_train_A
ucf_crime_Normal_Videos549_x264_152s,ucf_crime,Normal_Videos549_x264,152.1,320,240,cctv_T2_train_has_wall_signage_visible,cctv_train_T2,dusk,overcast,mixed,0,empty,0,1,0,1,,,,,,,,,,,cctv,T2,train,A,X-T2-REMOVE-SIGNAGE-CCT,"Remove the wall-mounted sign located at approximately above the doorway visible in the frame from this surveillance camera frame. Fill the area with content consistent with the surrounding wall, post, or background. Keep all people, vehicles, objects, and other signage exactly as they appear. Make it look as photorealistic as possible. The image should appear as if that sign had never been posted.",0,,0,,,,,above the doorway visible in the frame,,,,,,wall-mounted sign,,,,,,,,,,,,,,,,,REMOVE-SIGNAGE,item_00124_cctv_T2_train_A
ucf_crime_Normal_Videos562_x264_706s,ucf_crime,Normal_Videos562_x264,706.8,320,240,cctv_T2_train_has_open_floor_or_ground_space,cctv_train_T2,evening,clear,daylight,0,empty,0,1,0,0,,,,,,,,,,,cctv,T2,train,A,X-T2-ADD-PERSON-CCT,"Add one person to this surveillance camera frame, positioned at approximately the background. The person should appear to be walking, dressed in a dark jacket and jeans, and visible at a scale consistent with the existing scene. Match the lighting, color temperature, and camera quality of the original image. Keep all existing people, vehicles, objects, structures, and signage exactly as they appear. Make it look as photorealistic as possible. The added person should look as if they were in the original scene.",0,,0,,,,,the background,walking,a dark jacket and jeans,,,,,,,,,,,,,,,,,,,,,ADD-PERSON,item_00080_cctv_T2_train_A
ucf_crime_Normal_Videos566_x264_304s,ucf_crime,Normal_Videos566_x264,304.2,320,240,cctv_T2_test_has_open_floor_or_ground_space,cctv_test_T2,midday,indeterminate,fluorescent,1,moderate,1,1,0,0,,,,,,,,,,,cctv,T2,test,B,X-T2-ADD-PERSON-CCT,"Add one person to this surveillance camera frame, positioned at approximately the center of the frame. The person should appear to be standing, dressed in casual clothing — a hoodie and pants, and visible at a scale consistent with the existing scene. Match the lighting, color temperature, and camera quality of the original image. Keep all existing people, vehicles, objects, structures, and signage exactly as they appear. Make it look as photorealistic as possible. The added person should look as if they were in the original scene.",0,,0,,,,,the center of the frame,standing,casual clothing — a hoodie and pants,,,,,,,,,,,,,,,,,,,,,ADD-PERSON,item_00206_cctv_T2_test_B
ucf_crime_Normal_Videos569_x264_28s,ucf_crime,Normal_Videos569_x264,28.4,320,240,cctv_T1_train,cctv_train_T1,midday,indeterminate,fluorescent,1,sparse,1,1,0,0,,,,,,,,,,,cctv,T1,train,A,X-T1-CROWD-CCT,"Change the number of people visible in this surveillance camera frame from approximately sparse to approximately empty. Remove people from less-prominent areas of the scene first consistent with the setting. Keep the existing scene composition, lighting, and all non-person elements (vehicles, structures, objects, signage) exactly as they appear. Any people added or kept should match the lighting, scale, and style of the original. Make it look as photorealistic as possible. Don't change any details of the original photo other than the people count.",0,,0,,,,empty,,,,,,,,,,,,,,,,,,,,,,,CROWD,,item_00051_cctv_T1_train_A
ucf_crime_Normal_Videos572_x264_37s,ucf_crime,Normal_Videos572_x264,37.5,320,240,cctv_T1_train,cctv_train_T1,midday,overcast,daylight,0,sparse,1,1,0,1,,,,,,,,,,,cctv,T1,train,C,X-T1-WEATHER-CCT,"Change the weather in this surveillance camera frame from overcast to light rain. Add scattered raindrops and slightly wet surfaces consistent with light rain. Adjust lighting, sky, and ground appearance to match. Keep all people, vehicles, objects, structures, and signage exactly as they appear in the original image. Make it look as photorealistic as possible. Change as little as possible beyond what the weather change requires. Don't change any details of the original photo other than the weather.",0,,0,,light rain,,,,,,,,,,,,,,,,,,,,,,,,,WEATHER,,item_00005_cctv_T1_train_C
ucf_crime_Normal_Videos582_x264_80s,ucf_crime,Normal_Videos582_x264,80.6,320,240,cctv_T2_test_has_wall_signage_visible,cctv_test_T2,night,overcast,mixed,0,sparse,1,1,0,1,,,,,,,,,,,cctv,T2,test,B,X-T2-REMOVE-SIGNAGE-CCT,"Remove the wall-mounted sign located at approximately above the doorway visible in the frame from this surveillance camera frame. Fill the area with content consistent with the surrounding wall, post, or background. Keep all people, vehicles, objects, and other signage exactly as they appear. Make it look as photorealistic as possible. The image should appear as if that sign had never been posted.",0,,0,,,,,above the doorway visible in the frame,,,,,,wall-mounted sign,,,,,,,,,,,,,,,,,REMOVE-SIGNAGE,item_00224_cctv_T2_test_B
ucf_crime_Normal_Videos583_x264_108s,ucf_crime,Normal_Videos583_x264,108.1,320,240,cctv_T2_train_has_wall_signage_visible,cctv_train_T2,evening,overcast,mixed,0,sparse,1,1,0,1,,,,,,,,,,,cctv,T2,train,A,X-T2-REMOVE-SIGNAGE-CCT,"Remove the warning sign located at approximately the upper area of the frame from this surveillance camera frame. Fill the area with content consistent with the surrounding wall, post, or background. Keep all people, vehicles, objects, and other signage exactly as they appear. Make it look as photorealistic as possible. The image should appear as if that sign had never been posted.",0,,0,,,,,the upper area of the frame,,,,,,warning sign,,,,,,,,,,,,,,,,,REMOVE-SIGNAGE,item_00130_cctv_T2_train_A
ucf_crime_Normal_Videos587_x264_201s,ucf_crime,Normal_Videos587_x264,201.3,320,240,cctv_T2_train_person_holding_object,cctv_train_T2,midday,clear,mixed,1,sparse,1,1,1,0,,,,,,,,,,,cctv,T2,train,A,X-T2-SWAP-OBJECT-CCT,"In this surveillance camera frame, find the phone held by or near the person on the left side of the frame. Replace it with small notebook of similar size. Match the lighting, shadow, and perspective of the original. Keep everything else exactly as it appears — same people, same poses, same scene. Make it look as photorealistic as possible. The substitution should be undetectable; the small notebook should look like it was always there.",0,,0,,,,,,,,phone,small notebook,the person on the left side of the frame,,,,,,,,,,,,,,,,,,SWAP-OBJECT-CCT,item_00146_cctv_T2_train_A
ucf_crime_Normal_Videos602_x264_85s,ucf_crime,Normal_Videos602_x264,85.2,320,240,cctv_T2_test_has_open_floor_or_ground_space,cctv_test_T2,evening,clear,mixed,0,sparse,1,1,0,0,,,,,,,,,,,cctv,T2,test,A,X-T2-ADD-PERSON-CCT,"Add one person to this surveillance camera frame, positioned at approximately the background. The person should appear to be walking, dressed in a dark jacket and jeans, and visible at a scale consistent with the existing scene. Match the lighting, color temperature, and camera quality of the original image. Keep all existing people, vehicles, objects, structures, and signage exactly as they appear. Make it look as photorealistic as possible. The added person should look as if they were in the original scene.",0,,0,,,,,the background,walking,a dark jacket and jeans,,,,,,,,,,,,,,,,,,,,,ADD-PERSON,item_00205_cctv_T2_test_A
ucf_crime_Normal_Videos604_x264_6s,ucf_crime,Normal_Videos604_x264,6.8,320,240,cctv_T1_test,cctv_test_T1,morning,overcast,daylight,0,sparse,1,1,0,0,,,,,,,,,,,cctv,T1,test,A,X-T1-WEATHER-CCT,"Change the weather in this surveillance camera frame from overcast to light snow. Add falling snow and light snow accumulation consistent with light snow. Adjust lighting, sky, and ground appearance to match. Keep all people, vehicles, objects, structures, and signage exactly as they appear in the original image. Make it look as photorealistic as possible. Change as little as possible beyond what the weather change requires. Don't change any details of the original photo other than the weather.",0,,0,,light snow,,,,,,,,,,,,,,,,,,,,,,,,,WEATHER,,item_00189_cctv_T1_test_A
ucf_crime_Normal_Videos612_x264_34s,ucf_crime,Normal_Videos612_x264,34.7,320,240,cctv_T2_test_has_clearly_visible_person,cctv_test_T2,midday,indeterminate,fluorescent,1,moderate,1,1,1,1,,,,,,,,,,,cctv,T2,test,A,X-T2-REMOVE-PERSON-CCT,"Remove the person located at approximately the center of the frame from this surveillance camera frame. Fill the area where they were with content consistent with the rest of the scene (floor, wall, background as appropriate). Keep all other people, vehicles, objects, and structures exactly as they appear. Make it look as photorealistic as possible. The image should appear as if that person had never been there. Don't change any details of the original photo other than removing the specified person.",0,,0,,,,,the center of the frame,,,,,,,,,,,,,,,,,,,,,,,REMOVE-PERSON,item_00217_cctv_T2_test_A
ucf_crime_Normal_Videos613_x264_63s,ucf_crime,Normal_Videos613_x264,63.2,320,240,cctv_T1_train,cctv_train_T1,indeterminate,indeterminate,fluorescent,1,sparse,1,1,0,0,,,,,,,,,,,cctv,T1,train,B,X-T1-WEATHER-CCT,"Change the weather in this surveillance camera frame from the current weather to heavy rain. Add wet pavement, falling rain, and spray consistent with heavy rain. Adjust lighting, sky, and ground appearance to match. Keep all people, vehicles, objects, structures, and signage exactly as they appear in the original image. Make it look as photorealistic as possible. Change as little as possible beyond what the weather change requires. Don't change any details of the original photo other than the weather.",0,,0,,heavy rain,,,,,,,,,,,,,,,,,,,,,,,,,WEATHER,,item_00025_cctv_T1_train_B
ucf_crime_Normal_Videos620_x264_273s,ucf_crime,Normal_Videos620_x264,273.5,320,240,cctv_T2_test_has_open_floor_or_ground_space,cctv_test_T2,midday,indeterminate,fluorescent,1,sparse,1,1,0,1,,,,,,,,,,,cctv,T2,test,C,X-T2-ADD-PERSON-CCT,"Add one person to this surveillance camera frame, positioned at approximately the foreground. The person should appear to be in mid-stride, dressed in athletic clothing — a t-shirt and shorts, and visible at a scale consistent with the existing scene. Match the lighting, color temperature, and camera quality of the original image. Keep all existing people, vehicles, objects, structures, and signage exactly as they appear. Make it look as photorealistic as possible. The added person should look as if they were in the original scene.",0,,0,,,,,the foreground,in mid-stride,athletic clothing — a t-shirt and shorts,,,,,,,,,,,,,,,,,,,,,ADD-PERSON,item_00204_cctv_T2_test_C
ucf_crime_Normal_Videos638_x264_291s,ucf_crime,Normal_Videos638_x264,291.5,320,240,cctv_T1_train,cctv_train_T1,midday,overcast,daylight,0,sparse,1,1,0,0,,,,,,,,,,,cctv,T1,train,B,X-T1-CROWD-CCT,"Change the number of people visible in this surveillance camera frame from approximately sparse to approximately busy. Add additional people consistent with the setting. Keep the existing scene composition, lighting, and all non-person elements (vehicles, structures, objects, signage) exactly as they appear. Any people added or kept should match the lighting, scale, and style of the original. Make it look as photorealistic as possible. Don't change any details of the original photo other than the people count.",0,,0,,,,busy,,,,,,,,,,,,,,,,,,,,,,,CROWD,,item_00079_cctv_T1_train_B
ucf_crime_Normal_Videos642_x264_678s,ucf_crime,Normal_Videos642_x264,678,320,240,cctv_T1_train,cctv_train_T1,midday,overcast,daylight,0,sparse,0,1,0,0,,,,,,,,,,,cctv,T1,train,B,X-T1-CROWD-CCT,"Change the number of people visible in this surveillance camera frame from approximately sparse to approximately busy. Add additional people consistent with the setting. Keep the existing scene composition, lighting, and all non-person elements (vehicles, structures, objects, signage) exactly as they appear. Any people added or kept should match the lighting, scale, and style of the original. Make it look as photorealistic as possible. Don't change any details of the original photo other than the people count.",0,,0,,,,busy,,,,,,,,,,,,,,,,,,,,,,,CROWD,,item_00043_cctv_T1_train_B
ucf_crime_Normal_Videos649_x264_28s,ucf_crime,Normal_Videos649_x264,28.9,320,240,cctv_T2_train_has_clearly_visible_person,cctv_train_T2,midday,overcast,daylight,0,sparse,1,1,0,1,,,,,,,,,,,cctv,T2,train,C,X-T2-REMOVE-PERSON-CCT,"Remove the person located at approximately the center of the frame from this surveillance camera frame. Fill the area where they were with content consistent with the rest of the scene (floor, wall, background as appropriate). Keep all other people, vehicles, objects, and structures exactly as they appear. Make it look as photorealistic as possible. The image should appear as if that person had never been there. Don't change any details of the original photo other than removing the specified person.",0,,0,,,,,the center of the frame,,,,,,,,,,,,,,,,,,,,,,,REMOVE-PERSON,item_00107_cctv_T2_train_C
ucf_crime_Normal_Videos655_x264_68s,ucf_crime,Normal_Videos655_x264,68.4,320,240,cctv_T1_train,cctv_train_T1,midday,overcast,daylight,0,sparse,1,1,0,0,,,,,,,,,,,cctv,T1,train,B,X-T1-LIGHTING-CCT,"Change the lighting in this surveillance camera frame from daylight to LED cool. Adjust color temperature, contrast, and brightness throughout the image. Do not change the time of day or weather. Keep all people, vehicles, objects, structures, and signage exactly as they appear. Make it look as photorealistic as possible. Change as little as possible beyond the lighting. Don't change any details of the original photo other than the lighting.",0,,0,,,LED cool,,,,,,,,,,,,,,,,,,,,,,,,LIGHTING,,item_00058_cctv_T1_train_B
ucf_crime_Normal_Videos665_x264_165s,ucf_crime,Normal_Videos665_x264,165.9,320,240,cctv_T1_train,cctv_train_T1,indeterminate,indeterminate,mixed,1,sparse,1,1,0,0,,,,,,,,,,,cctv,T1,train,A,X-T1-TIME-CCT,"Shift the time of day in this surveillance camera frame from the current time of day to dusk. Adjust lighting, shadow direction, sky color, and ambient brightness to match dusk. Keep all people, vehicles, objects, structures, and signage exactly as they appear in the original image — same positions, same poses, same details. Make it look as photorealistic as possible. Change as little as possible beyond the lighting and time-of-day cues. Don't change any details of the original photo other than what's needed for the time shift.",0,,0,dusk,,,,,,,,,,,,,,,,,,,,,,,,,,TIME,,item_00060_cctv_T1_train_A
ucf_crime_Normal_Videos666_x264_2737s,ucf_crime,Normal_Videos666_x264,2737,320,240,cctv_T2_test_has_wall_signage_visible,cctv_test_T2,evening,indeterminate,fluorescent,1,sparse,1,1,0,1,,,,,,,,,,,cctv,T2,test,A,X-T2-REMOVE-SIGNAGE-CCT,"Remove the information sign located at approximately the wall on the left from this surveillance camera frame. Fill the area with content consistent with the surrounding wall, post, or background. Keep all people, vehicles, objects, and other signage exactly as they appear. Make it look as photorealistic as possible. The image should appear as if that sign had never been posted.",0,,0,,,,,the wall on the left,,,,,,information sign,,,,,,,,,,,,,,,,,REMOVE-SIGNAGE,item_00226_cctv_T2_test_A
ucf_crime_Normal_Videos670_x264_77s,ucf_crime,Normal_Videos670_x264,77.2,320,240,cctv_T2_train_has_open_floor_or_ground_space,cctv_train_T2,evening,indeterminate,fluorescent,1,moderate,1,1,0,0,,,,,,,,,,,cctv,T2,train,C,X-T2-ADD-PERSON-CCT,"Add one person to this surveillance camera frame, positioned at approximately the left side of the frame. The person should appear to be carrying a bag, dressed in business casual — a button-up shirt and slacks, and visible at a scale consistent with the existing scene. Match the lighting, color temperature, and camera quality of the original image. Keep all existing people, vehicles, objects, structures, and signage exactly as they appear. Make it look as photorealistic as possible. The added person should look as if they were in the original scene.",0,,0,,,,,the left side of the frame,carrying a bag,business casual — a button-up shirt and slacks,,,,,,,,,,,,,,,,,,,,,ADD-PERSON,item_00082_cctv_T2_train_C
ucf_crime_Normal_Videos687_x264_642s,ucf_crime,Normal_Videos687_x264,642.6,320,240,cctv_T2_train_has_clearly_visible_person,cctv_train_T2,midday,indeterminate,fluorescent,1,sparse,1,1,1,0,,,,,,,,,,,cctv,T2,train,A,X-T2-REMOVE-PERSON-CCT,"Remove the person located at approximately the background from this surveillance camera frame. Fill the area where they were with content consistent with the rest of the scene (floor, wall, background as appropriate). Keep all other people, vehicles, objects, and structures exactly as they appear. Make it look as photorealistic as possible. The image should appear as if that person had never been there. Don't change any details of the original photo other than removing the specified person.",0,,0,,,,,the background,,,,,,,,,,,,,,,,,,,,,,,REMOVE-PERSON,item_00102_cctv_T2_train_A
ucf_crime_Normal_Videos687_x264_99s,ucf_crime,Normal_Videos687_x264,99.3,320,240,cctv_T2_train_has_open_floor_or_ground_space,cctv_train_T2,midday,indeterminate,fluorescent,1,empty,0,1,0,0,,,,,,,,,,,cctv,T2,train,C,X-T2-ADD-PERSON-CCT,"Add one person to this surveillance camera frame, positioned at approximately the background. The person should appear to be walking, dressed in a dark jacket and jeans, and visible at a scale consistent with the existing scene. Match the lighting, color temperature, and camera quality of the original image. Keep all existing people, vehicles, objects, structures, and signage exactly as they appear. Make it look as photorealistic as possible. The added person should look as if they were in the original scene.",0,,0,,,,,the background,walking,a dark jacket and jeans,,,,,,,,,,,,,,,,,,,,,ADD-PERSON,item_00085_cctv_T2_train_C
ucf_crime_Normal_Videos688_x264_1490s,ucf_crime,Normal_Videos688_x264,1490.5,320,240,cctv_T2_train_has_open_floor_or_ground_space,cctv_train_T2,evening,indeterminate,fluorescent,1,sparse,1,1,0,0,,,,,,,,,,,cctv,T2,train,C,X-T2-ADD-PERSON-CCT,"Add one person to this surveillance camera frame, positioned at approximately the right side of the frame. The person should appear to be looking at something in their hands, dressed in winter clothing — a coat and hat, and visible at a scale consistent with the existing scene. Match the lighting, color temperature, and camera quality of the original image. Keep all existing people, vehicles, objects, structures, and signage exactly as they appear. Make it look as photorealistic as possible. The added person should look as if they were in the original scene.",0,,0,,,,,the right side of the frame,looking at something in their hands,winter clothing — a coat and hat,,,,,,,,,,,,,,,,,,,,,ADD-PERSON,item_00088_cctv_T2_train_C
ucf_crime_Normal_Videos688_x264_2034s,ucf_crime,Normal_Videos688_x264,2034.9,320,240,cctv_T2_train_has_clearly_visible_person,cctv_train_T2,evening,indeterminate,fluorescent,1,sparse,1,1,0,0,,,,,,,,,,,cctv,T2,train,A,X-T2-REMOVE-PERSON-CCT,"Remove the person located at approximately the right side of the frame from this surveillance camera frame. Fill the area where they were with content consistent with the rest of the scene (floor, wall, background as appropriate). Keep all other people, vehicles, objects, and structures exactly as they appear. Make it look as photorealistic as possible. The image should appear as if that person had never been there. Don't change any details of the original photo other than removing the specified person.",0,,0,,,,,the right side of the frame,,,,,,,,,,,,,,,,,,,,,,,REMOVE-PERSON,item_00105_cctv_T2_train_A
ucf_crime_Normal_Videos689_x264_991s,ucf_crime,Normal_Videos689_x264,991.2,320,240,cctv_T1_test,cctv_test_T1,midday,indeterminate,fluorescent,1,sparse,1,1,0,0,,,,,,,,,,,cctv,T1,test,C,X-T1-CROWD-CCT,"Change the number of people visible in this surveillance camera frame from approximately sparse to approximately moderate. Add additional people consistent with the setting. Keep the existing scene composition, lighting, and all non-person elements (vehicles, structures, objects, signage) exactly as they appear. Any people added or kept should match the lighting, scale, and style of the original. Make it look as photorealistic as possible. Don't change any details of the original photo other than the people count.",0,,0,,,,moderate,,,,,,,,,,,,,,,,,,,,,,,CROWD,,item_00167_cctv_T1_test_C
ucf_crime_Normal_Videos694_x264_514s,ucf_crime,Normal_Videos694_x264,514.5,320,240,cctv_T1_train,cctv_train_T1,midday,indeterminate,fluorescent,1,sparse,1,1,0,0,,,,,,,,,,,cctv,T1,train,B,X-T1-TIME-CCT,"Shift the time of day in this surveillance camera frame from midday to dusk. Adjust lighting, shadow direction, sky color, and ambient brightness to match dusk. Keep all people, vehicles, objects, structures, and signage exactly as they appear in the original image — same positions, same poses, same details. Make it look as photorealistic as possible. Change as little as possible beyond the lighting and time-of-day cues. Don't change any details of the original photo other than what's needed for the time shift.",0,,0,dusk,,,,,,,,,,,,,,,,,,,,,,,,,,TIME,,item_00004_cctv_T1_train_B
ucf_crime_Normal_Videos697_x264_38s,ucf_crime,Normal_Videos697_x264,38.7,320,240,cctv_T1_train,cctv_train_T1,night,indeterminate,mixed,0,sparse,1,1,0,0,,,,,,,,,,,cctv,T1,train,C,X-T1-LIGHTING-CCT,"Change the lighting in this surveillance camera frame from mixed to sodium vapor. Adjust color temperature, contrast, and brightness throughout the image. Do not change the time of day or weather. Keep all people, vehicles, objects, structures, and signage exactly as they appear. Make it look as photorealistic as possible. Change as little as possible beyond the lighting. Don't change any details of the original photo other than the lighting.",0,,0,,,sodium vapor,,,,,,,,,,,,,,,,,,,,,,,,LIGHTING,,item_00038_cctv_T1_train_C
ucf_crime_Normal_Videos697_x264_54s,ucf_crime,Normal_Videos697_x264,54.6,320,240,cctv_T1_train,cctv_train_T1,night,indeterminate,LED_cool,0,empty,0,1,0,0,,,,,,,,,,,cctv,T1,train,B,X-T1-CROWD-CCT,"Change the number of people visible in this surveillance camera frame from approximately empty to approximately busy. Add additional people consistent with the setting. Keep the existing scene composition, lighting, and all non-person elements (vehicles, structures, objects, signage) exactly as they appear. Any people added or kept should match the lighting, scale, and style of the original. Make it look as photorealistic as possible. Don't change any details of the original photo other than the people count.",0,,0,,,,busy,,,,,,,,,,,,,,,,,,,,,,,CROWD,,item_00031_cctv_T1_train_B
ucf_crime_Normal_Videos699_x264_12s,ucf_crime,Normal_Videos699_x264,12.3,320,240,cctv_T1_train,cctv_train_T1,midday,indeterminate,fluorescent,1,empty,0,1,0,0,,,,,,,,,,,cctv,T1,train,C,X-T1-CROWD-CCT,"Change the number of people visible in this surveillance camera frame from approximately empty to approximately sparse. Add additional people consistent with the setting. Keep the existing scene composition, lighting, and all non-person elements (vehicles, structures, objects, signage) exactly as they appear. Any people added or kept should match the lighting, scale, and style of the original. Make it look as photorealistic as possible. Don't change any details of the original photo other than the people count.",0,,0,,,,sparse,,,,,,,,,,,,,,,,,,,,,,,CROWD,,item_00011_cctv_T1_train_C
ucf_crime_Normal_Videos700_x264_92s,ucf_crime,Normal_Videos700_x264,92.5,320,240,cctv_T2_train_has_open_floor_or_ground_space,cctv_train_T2,midday,clear,daylight,0,sparse,1,1,0,0,,,,,,,,,,,cctv,T2,train,A,X-T2-ADD-PERSON-CCT,"Add one person to this surveillance camera frame, positioned at approximately the background. The person should appear to be walking, dressed in a dark jacket and jeans, and visible at a scale consistent with the existing scene. Match the lighting, color temperature, and camera quality of the original image. Keep all existing people, vehicles, objects, structures, and signage exactly as they appear. Make it look as photorealistic as possible. The added person should look as if they were in the original scene.",0,,0,,,,,the background,walking,a dark jacket and jeans,,,,,,,,,,,,,,,,,,,,,ADD-PERSON,item_00095_cctv_T2_train_A
ucf_crime_Normal_Videos701_x264_872s,ucf_crime,Normal_Videos701_x264,872.6,320,240,cctv_T1_train,cctv_train_T1,midday,indeterminate,mixed,1,sparse,1,1,0,0,,,,,,,,,,,cctv,T1,train,C,X-T1-TIME-CCT,"Shift the time of day in this surveillance camera frame from midday to morning. Adjust lighting, shadow direction, sky color, and ambient brightness to match morning. Keep all people, vehicles, objects, structures, and signage exactly as they appear in the original image — same positions, same poses, same details. Make it look as photorealistic as possible. Change as little as possible beyond the lighting and time-of-day cues. Don't change any details of the original photo other than what's needed for the time shift.",0,,0,morning,,,,,,,,,,,,,,,,,,,,,,,,,,TIME,,item_00068_cctv_T1_train_C
ucf_crime_Normal_Videos706_x264_21s,ucf_crime,Normal_Videos706_x264,21.6,320,240,cctv_T2_train_has_wall_signage_visible,cctv_train_T2,indeterminate,indeterminate,fluorescent,1,sparse,1,1,0,1,,,,,,,,,,,cctv,T2,train,B,X-T2-REMOVE-SIGNAGE-CCT,"Remove the information sign located at approximately the wall on the left from this surveillance camera frame. Fill the area with content consistent with the surrounding wall, post, or background. Keep all people, vehicles, objects, and other signage exactly as they appear. Make it look as photorealistic as possible. The image should appear as if that sign had never been posted.",0,,0,,,,,the wall on the left,,,,,,information sign,,,,,,,,,,,,,,,,,REMOVE-SIGNAGE,item_00131_cctv_T2_train_B
ucf_crime_Normal_Videos713_x264_614s,ucf_crime,Normal_Videos713_x264,614.8,320,240,cctv_T2_train_has_wall_signage_visible,cctv_train_T2,night,clear,mixed,0,sparse,0,1,0,1,,,,,,,,,,,cctv,T2,train,A,X-T2-REMOVE-SIGNAGE-CCT,"Remove the directional sign located at approximately the wall on the right from this surveillance camera frame. Fill the area with content consistent with the surrounding wall, post, or background. Keep all people, vehicles, objects, and other signage exactly as they appear. Make it look as photorealistic as possible. The image should appear as if that sign had never been posted.",0,,0,,,,,the wall on the right,,,,,,directional sign,,,,,,,,,,,,,,,,,REMOVE-SIGNAGE,item_00127_cctv_T2_train_A
ucf_crime_Normal_Videos714_x264_784s,ucf_crime,Normal_Videos714_x264,784.7,320,240,cctv_T1_train,cctv_train_T1,midday,overcast,daylight,0,sparse,0,1,0,1,,,,,,,,,,,cctv,T1,train,C,X-T1-WEATHER-CCT,"Change the weather in this surveillance camera frame from overcast to light snow. Add falling snow and light snow accumulation consistent with light snow. Adjust lighting, sky, and ground appearance to match. Keep all people, vehicles, objects, structures, and signage exactly as they appear in the original image. Make it look as photorealistic as possible. Change as little as possible beyond what the weather change requires. Don't change any details of the original photo other than the weather.",0,,0,,light snow,,,,,,,,,,,,,,,,,,,,,,,,,WEATHER,,item_00077_cctv_T1_train_C
ucf_crime_Normal_Videos719_x264_59s,ucf_crime,Normal_Videos719_x264,59,320,240,cctv_T1_train,cctv_train_T1,midday,clear,daylight,0,empty,0,1,0,0,,,,,,,,,,,cctv,T1,train,A,X-T1-CROWD-CCT,"Change the number of people visible in this surveillance camera frame from approximately empty to approximately sparse. Add additional people consistent with the setting. Keep the existing scene composition, lighting, and all non-person elements (vehicles, structures, objects, signage) exactly as they appear. Any people added or kept should match the lighting, scale, and style of the original. Make it look as photorealistic as possible. Don't change any details of the original photo other than the people count.",0,,0,,,,sparse,,,,,,,,,,,,,,,,,,,,,,,CROWD,,item_00039_cctv_T1_train_A
ucf_crime_Normal_Videos724_x264_29s,ucf_crime,Normal_Videos724_x264,29.4,320,240,cctv_T2_test_person_holding_object,cctv_test_T2,midday,indeterminate,fluorescent,1,moderate,1,0,1,0,,,,,,,,,,,cctv,T2,test,C,X-T2-SWAP-OBJECT-CCT,"In this surveillance camera frame, find the phone held by or near the person on the left side of the frame. Replace it with small notebook of similar size. Match the lighting, shadow, and perspective of the original. Keep everything else exactly as it appears — same people, same poses, same scene. Make it look as photorealistic as possible. The substitution should be undetectable; the small notebook should look like it was always there.",0,,0,,,,,,,,phone,small notebook,the person on the left side of the frame,,,,,,,,,,,,,,,,,,SWAP-OBJECT-CCT,item_00231_cctv_T2_test_C
ucf_crime_Normal_Videos727_x264_10s,ucf_crime,Normal_Videos727_x264,10.8,320,240,cctv_T1_test,cctv_test_T1,midday,clear,daylight,0,empty,0,1,0,0,,,,,,,,,,,cctv,T1,test,C,X-T1-TIME-CCT,"Shift the time of day in this surveillance camera frame from midday to night. Adjust lighting, shadow direction, sky color, and ambient brightness to match night. Keep all people, vehicles, objects, structures, and signage exactly as they appear in the original image — same positions, same poses, same details. Make it look as photorealistic as possible. Change as little as possible beyond the lighting and time-of-day cues. Don't change any details of the original photo other than what's needed for the time shift.",0,,0,night,,,,,,,,,,,,,,,,,,,,,,,,,,TIME,,item_00176_cctv_T1_test_C
ucf_crime_Normal_Videos728_x264_30s,ucf_crime,Normal_Videos728_x264,30.2,320,240,cctv_T1_train,cctv_train_T1,night,indeterminate,mixed,0,sparse,0,1,0,0,,,,,,,,,,,cctv,T1,train,C,X-T1-TIME-CCT,"Shift the time of day in this surveillance camera frame from night to dusk. Adjust lighting, shadow direction, sky color, and ambient brightness to match dusk. Keep all people, vehicles, objects, structures, and signage exactly as they appear in the original image — same positions, same poses, same details. Make it look as photorealistic as possible. Change as little as possible beyond the lighting and time-of-day cues. Don't change any details of the original photo other than what's needed for the time shift.",0,,0,dusk,,,,,,,,,,,,,,,,,,,,,,,,,,TIME,,item_00044_cctv_T1_train_C
ucf_crime_Normal_Videos728_x264_41s,ucf_crime,Normal_Videos728_x264,41.9,320,240,cctv_T2_train_has_open_floor_or_ground_space,cctv_train_T2,night,indeterminate,mixed,0,sparse,0,1,0,0,,,,,,,,,,,cctv,T2,train,B,X-T2-ADD-PERSON-CCT,"Add one person to this surveillance camera frame, positioned at approximately the foreground. The person should appear to be in mid-stride, dressed in athletic clothing — a t-shirt and shorts, and visible at a scale consistent with the existing scene. Match the lighting, color temperature, and camera quality of the original image. Keep all existing people, vehicles, objects, structures, and signage exactly as they appear. Make it look as photorealistic as possible. The added person should look as if they were in the original scene.",0,,0,,,,,the foreground,in mid-stride,athletic clothing — a t-shirt and shorts,,,,,,,,,,,,,,,,,,,,,ADD-PERSON,item_00099_cctv_T2_train_B
ucf_crime_Normal_Videos729_x264_23s,ucf_crime,Normal_Videos729_x264,23.9,320,240,cctv_T1_train,cctv_train_T1,indeterminate,indeterminate,fluorescent,1,sparse,1,1,0,0,,,,,,,,,,,cctv,T1,train,B,X-T1-LIGHTING-CCT,"Change the lighting in this surveillance camera frame from fluorescent to incandescent. Adjust color temperature, contrast, and brightness throughout the image. Do not change the time of day or weather. Keep all people, vehicles, objects, structures, and signage exactly as they appear. Make it look as photorealistic as possible. Change as little as possible beyond the lighting. Don't change any details of the original photo other than the lighting.",0,,0,,,incandescent,,,,,,,,,,,,,,,,,,,,,,,,LIGHTING,,item_00046_cctv_T1_train_B
ucf_crime_Normal_Videos739_x264_35s,ucf_crime,Normal_Videos739_x264,35.2,320,240,cctv_T1_train,cctv_train_T1,midday,indeterminate,fluorescent,1,sparse,1,1,0,1,,,,,,,,,,,cctv,T1,train,B,X-T1-WEATHER-CCT,"Change the weather in this surveillance camera frame from the current weather to fog. Add ground-level fog and reduced visibility consistent with fog. Adjust lighting, sky, and ground appearance to match. Keep all people, vehicles, objects, structures, and signage exactly as they appear in the original image. Make it look as photorealistic as possible. Change as little as possible beyond what the weather change requires. Don't change any details of the original photo other than the weather.",0,,0,,fog,,,,,,,,,,,,,,,,,,,,,,,,,WEATHER,,item_00001_cctv_T1_train_B
ucf_crime_Normal_Videos741_x264_114s,ucf_crime,Normal_Videos741_x264,114.6,320,240,cctv_T1_train,cctv_train_T1,midday,clear,daylight,0,empty,0,1,0,0,,,,,,,,,,,cctv,T1,train,C,X-T1-WEATHER-CCT,"Change the weather in this surveillance camera frame from clear to light snow. Add falling snow and light snow accumulation consistent with light snow. Adjust lighting, sky, and ground appearance to match. Keep all people, vehicles, objects, structures, and signage exactly as they appear in the original image. Make it look as photorealistic as possible. Change as little as possible beyond what the weather change requires. Don't change any details of the original photo other than the weather.",0,,0,,light snow,,,,,,,,,,,,,,,,,,,,,,,,,WEATHER,,item_00029_cctv_T1_train_C
ucf_crime_Normal_Videos752_x264_10s,ucf_crime,Normal_Videos752_x264,10.4,320,240,cctv_T2_train_person_holding_object,cctv_train_T2,midday,indeterminate,mixed,1,moderate,1,1,1,1,,,,,,,,,,,cctv,T2,train,B,X-T2-SWAP-OBJECT-CCT,"In this surveillance camera frame, find the bottle held by or near any visible person. Replace it with small package of similar size. Match the lighting, shadow, and perspective of the original. Keep everything else exactly as it appears — same people, same poses, same scene. Make it look as photorealistic as possible. The substitution should be undetectable; the small package should look like it was always there.",0,,0,,,,,,,,bottle,small package,any visible person,,,,,,,,,,,,,,,,,,SWAP-OBJECT-CCT,item_00144_cctv_T2_train_B
ucf_crime_Normal_Videos755_x264_3s,ucf_crime,Normal_Videos755_x264,3.3,320,240,cctv_T1_test,cctv_test_T1,indeterminate,indeterminate,fluorescent,1,sparse,1,1,0,1,,,,,,,,,,,cctv,T1,test,B,X-T1-WEATHER-CCT,"Change the weather in this surveillance camera frame from the current weather to heavy rain. Add wet pavement, falling rain, and spray consistent with heavy rain. Adjust lighting, sky, and ground appearance to match. Keep all people, vehicles, objects, structures, and signage exactly as they appear in the original image. Make it look as photorealistic as possible. Change as little as possible beyond what the weather change requires. Don't change any details of the original photo other than the weather.",0,,0,,heavy rain,,,,,,,,,,,,,,,,,,,,,,,,,WEATHER,,item_00169_cctv_T1_test_B
ucf_crime_Normal_Videos776_x264_78s,ucf_crime,Normal_Videos776_x264,78.8,320,240,cctv_T1_train,cctv_train_T1,indeterminate,overcast,daylight,0,empty,0,1,0,0,,,,,,,,,,,cctv,T1,train,C,X-T1-TIME-CCT,"Shift the time of day in this surveillance camera frame from the current time of day to golden hour. Adjust lighting, shadow direction, sky color, and ambient brightness to match golden hour. Keep all people, vehicles, objects, structures, and signage exactly as they appear in the original image — same positions, same poses, same details. Make it look as photorealistic as possible. Change as little as possible beyond the lighting and time-of-day cues. Don't change any details of the original photo other than what's needed for the time shift.",0,,0,golden hour,,,,,,,,,,,,,,,,,,,,,,,,,,TIME,,item_00008_cctv_T1_train_C
ucf_crime_Normal_Videos793_x264_38s,ucf_crime,Normal_Videos793_x264,38.9,320,240,cctv_T2_test_has_open_floor_or_ground_space,cctv_test_T2,midday,clear,daylight,0,sparse,0,1,0,0,,,,,,,,,,,cctv,T2,test,B,X-T2-ADD-PERSON-CCT,"Add one person to this surveillance camera frame, positioned at approximately the background. The person should appear to be walking, dressed in a dark jacket and jeans, and visible at a scale consistent with the existing scene. Match the lighting, color temperature, and camera quality of the original image. Keep all existing people, vehicles, objects, structures, and signage exactly as they appear. Make it look as photorealistic as possible. The added person should look as if they were in the original scene.",0,,0,,,,,the background,walking,a dark jacket and jeans,,,,,,,,,,,,,,,,,,,,,ADD-PERSON,item_00200_cctv_T2_test_B
ucf_crime_Normal_Videos794_x264_10s,ucf_crime,Normal_Videos794_x264,10.2,320,240,cctv_T1_train,cctv_train_T1,midday,overcast,daylight,0,empty,0,1,0,0,,,,,,,,,,,cctv,T1,train,A,X-T1-WEATHER-CCT,"Change the weather in this surveillance camera frame from overcast to heavy rain. Add wet pavement, falling rain, and spray consistent with heavy rain. Adjust lighting, sky, and ground appearance to match. Keep all people, vehicles, objects, structures, and signage exactly as they appear in the original image. Make it look as photorealistic as possible. Change as little as possible beyond what the weather change requires. Don't change any details of the original photo other than the weather.",0,,0,,heavy rain,,,,,,,,,,,,,,,,,,,,,,,,,WEATHER,,item_00057_cctv_T1_train_A
ucf_crime_Normal_Videos807_x264_67s,ucf_crime,Normal_Videos807_x264,67.4,320,240,cctv_T2_train_person_holding_object,cctv_train_T2,midday,clear,daylight,0,crowded,1,0,1,1,,,,,,,,,,,cctv,T2,train,C,X-T2-SWAP-OBJECT-CCT,"In this surveillance camera frame, find the backpack held by or near the person closest to the camera. Replace it with duffel bag of similar size. Match the lighting, shadow, and perspective of the original. Keep everything else exactly as it appears — same people, same poses, same scene. Make it look as photorealistic as possible. The substitution should be undetectable; the duffel bag should look like it was always there.",0,,0,,,,,,,,backpack,duffel bag,the person closest to the camera,,,,,,,,,,,,,,,,,,SWAP-OBJECT-CCT,item_00142_cctv_T2_train_C
ucf_crime_Normal_Videos811_x264_44s,ucf_crime,Normal_Videos811_x264,44.4,320,240,cctv_T2_test_person_holding_object,cctv_test_T2,midday,overcast,daylight,0,crowded,1,1,1,1,,,,,,,,,,,cctv,T2,test,C,X-T2-SWAP-OBJECT-CCT,"In this surveillance camera frame, find the bottle held by or near any visible person. Replace it with small package of similar size. Match the lighting, shadow, and perspective of the original. Keep everything else exactly as it appears — same people, same poses, same scene. Make it look as photorealistic as possible. The substitution should be undetectable; the small package should look like it was always there.",0,,0,,,,,,,,bottle,small package,any visible person,,,,,,,,,,,,,,,,,,SWAP-OBJECT-CCT,item_00234_cctv_T2_test_C
ucf_crime_Normal_Videos819_x264_189s,ucf_crime,Normal_Videos819_x264,189.3,320,240,cctv_T1_train,cctv_train_T1,indeterminate,indeterminate,fluorescent,1,sparse,1,1,0,0,,,,,,,,,,,cctv,T1,train,A,X-T1-LIGHTING-CCT,"Change the lighting in this surveillance camera frame from fluorescent to LED cool. Adjust color temperature, contrast, and brightness throughout the image. Do not change the time of day or weather. Keep all people, vehicles, objects, structures, and signage exactly as they appear. Make it look as photorealistic as possible. Change as little as possible beyond the lighting. Don't change any details of the original photo other than the lighting.",0,,0,,,LED cool,,,,,,,,,,,,,,,,,,,,,,,,LIGHTING,,item_00042_cctv_T1_train_A
ucf_crime_Normal_Videos823_x264_10s,ucf_crime,Normal_Videos823_x264,10.2,320,240,cctv_T1_test,cctv_test_T1,indeterminate,indeterminate,indeterminate,1,empty,0,0,0,0,,,,,,,,,,,cctv,T1,test,C,X-T1-WEATHER-CCT,"Change the weather in this surveillance camera frame from the current weather to light rain. Add scattered raindrops and slightly wet surfaces consistent with light rain. Adjust lighting, sky, and ground appearance to match. Keep all people, vehicles, objects, structures, and signage exactly as they appear in the original image. Make it look as photorealistic as possible. Change as little as possible beyond what the weather change requires. Don't change any details of the original photo other than the weather.",0,,0,,light rain,,,,,,,,,,,,,,,,,,,,,,,,,WEATHER,,item_00197_cctv_T1_test_C
ucf_crime_Normal_Videos827_x264_4s,ucf_crime,Normal_Videos827_x264,4.4,320,240,cctv_T1_test,cctv_test_T1,indeterminate,indeterminate,indeterminate,0,empty,0,0,0,0,,,,,,,,,,,cctv,T1,test,C,X-T1-WEATHER-CCT,"Change the weather in this surveillance camera frame from the current weather to heavy rain. Add wet pavement, falling rain, and spray consistent with heavy rain. Adjust lighting, sky, and ground appearance to match. Keep all people, vehicles, objects, structures, and signage exactly as they appear in the original image. Make it look as photorealistic as possible. Change as little as possible beyond what the weather change requires. Don't change any details of the original photo other than the weather.",0,,0,,heavy rain,,,,,,,,,,,,,,,,,,,,,,,,,WEATHER,,item_00185_cctv_T1_test_C
ucf_crime_Normal_Videos830_x264_35s,ucf_crime,Normal_Videos830_x264,35.8,320,240,cctv_T1_train,cctv_train_T1,midday,clear,daylight,0,empty,0,1,0,0,,,,,,,,,,,cctv,T1,train,C,X-T1-CROWD-CCT,"Change the number of people visible in this surveillance camera frame from approximately empty to approximately moderate. Add additional people consistent with the setting. Keep the existing scene composition, lighting, and all non-person elements (vehicles, structures, objects, signage) exactly as they appear. Any people added or kept should match the lighting, scale, and style of the original. Make it look as photorealistic as possible. Don't change any details of the original photo other than the people count.",0,,0,,,,moderate,,,,,,,,,,,,,,,,,,,,,,,CROWD,,item_00047_cctv_T1_train_C
ucf_crime_Normal_Videos836_x264_542s,ucf_crime,Normal_Videos836_x264,542.1,320,240,cctv_T2_train_person_holding_object,cctv_train_T2,evening,indeterminate,fluorescent,1,sparse,1,1,1,0,,,,,,,,,,,cctv,T2,train,A,X-T2-SWAP-OBJECT-CCT,"In this surveillance camera frame, find the backpack held by or near the person closest to the camera. Replace it with duffel bag of similar size. Match the lighting, shadow, and perspective of the original. Keep everything else exactly as it appears — same people, same poses, same scene. Make it look as photorealistic as possible. The substitution should be undetectable; the duffel bag should look like it was always there.",0,,0,,,,,,,,backpack,duffel bag,the person closest to the camera,,,,,,,,,,,,,,,,,,SWAP-OBJECT-CCT,item_00152_cctv_T2_train_A
ucf_crime_Normal_Videos846_x264_40s,ucf_crime,Normal_Videos846_x264,40.8,320,240,cctv_T1_train,cctv_train_T1,midday,indeterminate,fluorescent,1,sparse,1,1,0,1,,,,,,,,,,,cctv,T1,train,A,X-T1-LIGHTING-CCT,"Change the lighting in this surveillance camera frame from fluorescent to sodium vapor. Adjust color temperature, contrast, and brightness throughout the image. Do not change the time of day or weather. Keep all people, vehicles, objects, structures, and signage exactly as they appear. Make it look as photorealistic as possible. Change as little as possible beyond the lighting. Don't change any details of the original photo other than the lighting.",0,,0,,,sodium vapor,,,,,,,,,,,,,,,,,,,,,,,,LIGHTING,,item_00006_cctv_T1_train_A
ucf_crime_Normal_Videos848_x264_42s,ucf_crime,Normal_Videos848_x264,42.1,320,240,cctv_T1_train,cctv_train_T1,night,indeterminate,mixed,0,empty,0,1,0,0,,,,,,,,,,,cctv,T1,train,A,X-T1-LIGHTING-CCT,"Change the lighting in this surveillance camera frame from mixed to sodium vapor. Adjust color temperature, contrast, and brightness throughout the image. Do not change the time of day or weather. Keep all people, vehicles, objects, structures, and signage exactly as they appear. Make it look as photorealistic as possible. Change as little as possible beyond the lighting. Don't change any details of the original photo other than the lighting.",0,,0,,,sodium vapor,,,,,,,,,,,,,,,,,,,,,,,,LIGHTING,,item_00054_cctv_T1_train_A
ucf_crime_Normal_Videos854_x264_250s,ucf_crime,Normal_Videos854_x264,250.8,320,240,cctv_T2_train_has_clearly_visible_person,cctv_train_T2,midday,indeterminate,fluorescent,1,sparse,1,1,0,0,,,,,,,,,,,cctv,T2,train,B,X-T2-REMOVE-PERSON-CCT,"Remove the person located at approximately the background from this surveillance camera frame. Fill the area where they were with content consistent with the rest of the scene (floor, wall, background as appropriate). Keep all other people, vehicles, objects, and structures exactly as they appear. Make it look as photorealistic as possible. The image should appear as if that person had never been there. Don't change any details of the original photo other than removing the specified person.",0,,0,,,,,the background,,,,,,,,,,,,,,,,,,,,,,,REMOVE-PERSON,item_00106_cctv_T2_train_B
ucf_crime_Normal_Videos917_x264_25s,ucf_crime,Normal_Videos917_x264,25.1,320,240,cctv_T2_train_has_wall_signage_visible,cctv_train_T2,midday,clear,daylight,0,empty,0,1,0,1,,,,,,,,,,,cctv,T2,train,B,X-T2-REMOVE-SIGNAGE-CCT,"Remove the directional sign located at approximately the wall on the right from this surveillance camera frame. Fill the area with content consistent with the surrounding wall, post, or background. Keep all people, vehicles, objects, and other signage exactly as they appear. Make it look as photorealistic as possible. The image should appear as if that sign had never been posted.",0,,0,,,,,the wall on the right,,,,,,directional sign,,,,,,,,,,,,,,,,,REMOVE-SIGNAGE,item_00137_cctv_T2_train_B
ucf_crime_Normal_Videos949_x264_10s,ucf_crime,Normal_Videos949_x264,10.9,320,240,cctv_T2_test_has_wall_signage_visible,cctv_test_T2,midday,indeterminate,fluorescent,1,sparse,1,1,0,1,,,,,,,,,,,cctv,T2,test,C,X-T2-REMOVE-SIGNAGE-CCT,"Remove the notice posted on the wall located at approximately the background from this surveillance camera frame. Fill the area with content consistent with the surrounding wall, post, or background. Keep all people, vehicles, objects, and other signage exactly as they appear. Make it look as photorealistic as possible. The image should appear as if that sign had never been posted.",0,,0,,,,,the background,,,,,,notice posted on the wall,,,,,,,,,,,,,,,,,REMOVE-SIGNAGE,item_00228_cctv_T2_test_C
ucf_crime_Normal_Videos950_x264_11s,ucf_crime,Normal_Videos950_x264,11.1,320,240,cctv_T1_train,cctv_train_T1,indeterminate,indeterminate,indeterminate,1,empty,0,0,0,0,,,,,,,,,,,cctv,T1,train,C,X-T1-LIGHTING-CCT,"Change the lighting in this surveillance camera frame from the current lighting to incandescent. Adjust color temperature, contrast, and brightness throughout the image. Do not change the time of day or weather. Keep all people, vehicles, objects, structures, and signage exactly as they appear. Make it look as photorealistic as possible. Change as little as possible beyond the lighting. Don't change any details of the original photo other than the lighting.",0,,0,,,incandescent,,,,,,,,,,,,,,,,,,,,,,,,LIGHTING,,item_00062_cctv_T1_train_C
virat_VIRAT_S_000201_01_000384_000589_137s,virat,VIRAT_S_000201_01_000384_000589,137.6,1280,720,cctv_T2_train_has_clearly_visible_person,cctv_train_T2,midday,overcast,daylight,0,sparse,1,1,0,0,,,,,,,,,,,cctv,T2,train,C,X-T2-REMOVE-PERSON-CCT,"Remove the person located at approximately the center of the frame from this surveillance camera frame. Fill the area where they were with content consistent with the rest of the scene (floor, wall, background as appropriate). Keep all other people, vehicles, objects, and structures exactly as they appear. Make it look as photorealistic as possible. The image should appear as if that person had never been there. Don't change any details of the original photo other than removing the specified person.",0,,0,,,,,the center of the frame,,,,,,,,,,,,,,,,,,,,,,,REMOVE-PERSON,item_00119_cctv_T2_train_C
virat_VIRAT_S_000202_00_000000_000977_775s,virat,VIRAT_S_000202_00_000000_000977,775.7,1280,720,cctv_T1_test,cctv_test_T1,midday,overcast,daylight,0,sparse,1,1,0,0,,,,,,,,,,,cctv,T1,test,B,X-T1-LIGHTING-CCT,"Change the lighting in this surveillance camera frame from daylight to dim. Adjust color temperature, contrast, and brightness throughout the image. Do not change the time of day or weather. Keep all people, vehicles, objects, structures, and signage exactly as they appear. Make it look as photorealistic as possible. Change as little as possible beyond the lighting. Don't change any details of the original photo other than the lighting.",0,,0,,,dim,,,,,,,,,,,,,,,,,,,,,,,,LIGHTING,,item_00178_cctv_T1_test_B
virat_VIRAT_S_000203_05_001122_001159_24s,virat,VIRAT_S_000203_05_001122_001159,24.2,1280,720,cctv_T1_train,cctv_train_T1,midday,overcast,daylight,0,sparse,1,1,0,0,,,,,,,,,,,cctv,T1,train,B,X-T1-TIME-CCT,"Shift the time of day in this surveillance camera frame from midday to morning. Adjust lighting, shadow direction, sky color, and ambient brightness to match morning. Keep all people, vehicles, objects, structures, and signage exactly as they appear in the original image — same positions, same poses, same details. Make it look as photorealistic as possible. Change as little as possible beyond the lighting and time-of-day cues. Don't change any details of the original photo other than what's needed for the time shift.",0,,0,morning,,,,,,,,,,,,,,,,,,,,,,,,,,TIME,,item_00040_cctv_T1_train_B
virat_VIRAT_S_000203_08_001702_001734_14s,virat,VIRAT_S_000203_08_001702_001734,14.4,1280,720,cctv_T1_train,cctv_train_T1,midday,overcast,daylight,0,sparse,1,1,0,0,,,,,,,,,,,cctv,T1,train,A,X-T1-TIME-CCT,"Shift the time of day in this surveillance camera frame from midday to night. Adjust lighting, shadow direction, sky color, and ambient brightness to match night. Keep all people, vehicles, objects, structures, and signage exactly as they appear in the original image — same positions, same poses, same details. Make it look as photorealistic as possible. Change as little as possible beyond the lighting and time-of-day cues. Don't change any details of the original photo other than what's needed for the time shift.",0,,0,night,,,,,,,,,,,,,,,,,,,,,,,,,,TIME,,item_00000_cctv_T1_train_A
virat_VIRAT_S_000205_04_000927_001057_35s,virat,VIRAT_S_000205_04_000927_001057,35.2,1280,720,cctv_T1_test,cctv_test_T1,midday,overcast,daylight,0,sparse,1,1,1,0,,,,,,,,,,,cctv,T1,test,A,X-T1-CROWD-CCT,"Change the number of people visible in this surveillance camera frame from approximately sparse to approximately empty. Remove people from less-prominent areas of the scene first consistent with the setting. Keep the existing scene composition, lighting, and all non-person elements (vehicles, structures, objects, signage) exactly as they appear. Any people added or kept should match the lighting, scale, and style of the original. Make it look as photorealistic as possible. Don't change any details of the original photo other than the people count.",0,,0,,,,empty,,,,,,,,,,,,,,,,,,,,,,,CROWD,,item_00183_cctv_T1_test_A
virat_VIRAT_S_000207_02_000498_000530_9s,virat,VIRAT_S_000207_02_000498_000530,9.3,1280,720,cctv_T1_test,cctv_test_T1,midday,overcast,daylight,0,sparse,1,1,0,0,,,,,,,,,,,cctv,T1,test,A,X-T1-LIGHTING-CCT,"Change the lighting in this surveillance camera frame from daylight to dim. Adjust color temperature, contrast, and brightness throughout the image. Do not change the time of day or weather. Keep all people, vehicles, objects, structures, and signage exactly as they appear. Make it look as photorealistic as possible. Change as little as possible beyond the lighting. Don't change any details of the original photo other than the lighting.",0,,0,,,dim,,,,,,,,,,,,,,,,,,,,,,,,LIGHTING,,item_00162_cctv_T1_test_A
virat_VIRAT_S_010000_03_000442_000528_49s,virat,VIRAT_S_010000_03_000442_000528,49.7,1280,720,cctv_T1_train,cctv_train_T1,midday,clear,daylight,0,sparse,1,1,0,0,,,,,,,,,,,cctv,T1,train,C,X-T1-CROWD-CCT,"Change the number of people visible in this surveillance camera frame from approximately sparse to approximately moderate. Add additional people consistent with the setting. Keep the existing scene composition, lighting, and all non-person elements (vehicles, structures, objects, signage) exactly as they appear. Any people added or kept should match the lighting, scale, and style of the original. Make it look as photorealistic as possible. Don't change any details of the original photo other than the people count.",0,,0,,,,moderate,,,,,,,,,,,,,,,,,,,,,,,CROWD,,item_00035_cctv_T1_train_C
virat_VIRAT_S_010001_10_000962_001005_29s,virat,VIRAT_S_010001_10_000962_001005,29.4,1280,720,cctv_T1_test,cctv_test_T1,midday,clear,daylight,0,sparse,1,1,0,1,,,,,,,,,,,cctv,T1,test,A,X-T1-TIME-CCT,"Shift the time of day in this surveillance camera frame from midday to dusk. Adjust lighting, shadow direction, sky color, and ambient brightness to match dusk. Keep all people, vehicles, objects, structures, and signage exactly as they appear in the original image — same positions, same poses, same details. Make it look as photorealistic as possible. Change as little as possible beyond the lighting and time-of-day cues. Don't change any details of the original photo other than what's needed for the time shift.",0,,0,dusk,,,,,,,,,,,,,,,,,,,,,,,,,,TIME,,item_00180_cctv_T1_test_A
virat_VIRAT_S_010002_00_000012_000120_83s,virat,VIRAT_S_010002_00_000012_000120,83.5,1280,720,cctv_T1_train,cctv_train_T1,midday,clear,daylight,0,sparse,1,1,0,0,,,,,,,,,,,cctv,T1,train,A,X-T1-LIGHTING-CCT,"Change the lighting in this surveillance camera frame from daylight to incandescent. Adjust color temperature, contrast, and brightness throughout the image. Do not change the time of day or weather. Keep all people, vehicles, objects, structures, and signage exactly as they appear. Make it look as photorealistic as possible. Change as little as possible beyond the lighting. Don't change any details of the original photo other than the lighting.",0,,0,,,incandescent,,,,,,,,,,,,,,,,,,,,,,,,LIGHTING,,item_00030_cctv_T1_train_A
virat_VIRAT_S_010003_00_000000_000108_74s,virat,VIRAT_S_010003_00_000000_000108,74.9,1280,720,cctv_T1_train,cctv_train_T1,midday,clear,daylight,0,sparse,1,1,0,0,,,,,,,,,,,cctv,T1,train,B,X-T1-WEATHER-CCT,"Change the weather in this surveillance camera frame from clear to light snow. Add falling snow and light snow accumulation consistent with light snow. Adjust lighting, sky, and ground appearance to match. Keep all people, vehicles, objects, structures, and signage exactly as they appear in the original image. Make it look as photorealistic as possible. Change as little as possible beyond what the weather change requires. Don't change any details of the original photo other than the weather.",0,,0,,light snow,,,,,,,,,,,,,,,,,,,,,,,,,WEATHER,,item_00061_cctv_T1_train_B
virat_VIRAT_S_010004_02_000191_000237_19s,virat,VIRAT_S_010004_02_000191_000237,19.4,1280,720,cctv_T1_test,cctv_test_T1,midday,clear,daylight,0,sparse,1,1,0,0,,,,,,,,,,,cctv,T1,test,B,X-T1-CROWD-CCT,"Change the number of people visible in this surveillance camera frame from approximately sparse to approximately busy. Add additional people consistent with the setting. Keep the existing scene composition, lighting, and all non-person elements (vehicles, structures, objects, signage) exactly as they appear. Any people added or kept should match the lighting, scale, and style of the original. Make it look as photorealistic as possible. Don't change any details of the original photo other than the people count.",0,,0,,,,busy,,,,,,,,,,,,,,,,,,,,,,,CROWD,,item_00163_cctv_T1_test_B
virat_VIRAT_S_010004_07_000729_000809_21s,virat,VIRAT_S_010004_07_000729_000809,21.8,1280,720,cctv_T1_test,cctv_test_T1,midday,clear,daylight,0,sparse,1,1,0,0,,,,,,,,,,,cctv,T1,test,A,X-T1-TIME-CCT,"Shift the time of day in this surveillance camera frame from midday to night. Adjust lighting, shadow direction, sky color, and ambient brightness to match night. Keep all people, vehicles, objects, structures, and signage exactly as they appear in the original image — same positions, same poses, same details. Make it look as photorealistic as possible. Change as little as possible beyond the lighting and time-of-day cues. Don't change any details of the original photo other than what's needed for the time shift.",0,,0,night,,,,,,,,,,,,,,,,,,,,,,,,,,TIME,,item_00192_cctv_T1_test_A
virat_VIRAT_S_010004_07_000729_000809_58s,virat,VIRAT_S_010004_07_000729_000809,58.3,1280,720,cctv_T1_test,cctv_test_T1,midday,clear,daylight,0,sparse,1,1,0,0,,,,,,,,,,,cctv,T1,test,B,X-T1-CROWD-CCT,"Change the number of people visible in this surveillance camera frame from approximately sparse to approximately busy. Add additional people consistent with the setting. Keep the existing scene composition, lighting, and all non-person elements (vehicles, structures, objects, signage) exactly as they appear. Any people added or kept should match the lighting, scale, and style of the original. Make it look as photorealistic as possible. Don't change any details of the original photo other than the people count.",0,,0,,,,busy,,,,,,,,,,,,,,,,,,,,,,,CROWD,,item_00199_cctv_T1_test_B
virat_VIRAT_S_010106_00_000098_000315_93s,virat,VIRAT_S_010106_00_000098_000315,93.9,1280,720,cctv_T1_test,cctv_test_T1,golden_hour,clear,daylight,0,sparse,0,1,0,0,,,,,,,,,,,cctv,T1,test,A,X-T1-LIGHTING-CCT,"Change the lighting in this surveillance camera frame from daylight to sodium vapor. Adjust color temperature, contrast, and brightness throughout the image. Do not change the time of day or weather. Keep all people, vehicles, objects, structures, and signage exactly as they appear. Make it look as photorealistic as possible. Change as little as possible beyond the lighting. Don't change any details of the original photo other than the lighting.",0,,0,,,sodium vapor,,,,,,,,,,,,,,,,,,,,,,,,LIGHTING,,item_00198_cctv_T1_test_A
virat_VIRAT_S_010107_00_000019_000057_29s,virat,VIRAT_S_010107_00_000019_000057,29.6,1280,720,cctv_T1_test,cctv_test_T1,golden_hour,clear,daylight,0,sparse,1,1,0,0,,,,,,,,,,,cctv,T1,test,A,X-T1-WEATHER-CCT,"Change the weather in this surveillance camera frame from clear to light rain. Add scattered raindrops and slightly wet surfaces consistent with light rain. Adjust lighting, sky, and ground appearance to match. Keep all people, vehicles, objects, structures, and signage exactly as they appear in the original image. Make it look as photorealistic as possible. Change as little as possible beyond what the weather change requires. Don't change any details of the original photo other than the weather.",0,,0,,light rain,,,,,,,,,,,,,,,,,,,,,,,,,WEATHER,,item_00165_cctv_T1_test_A
virat_VIRAT_S_010109_05_000602_000678_6s,virat,VIRAT_S_010109_05_000602_000678,6.5,1280,720,cctv_T1_train,cctv_train_T1,midday,clear,daylight,0,sparse,1,1,0,0,,,,,,,,,,,cctv,T1,train,C,X-T1-LIGHTING-CCT,"Change the lighting in this surveillance camera frame from daylight to incandescent. Adjust color temperature, contrast, and brightness throughout the image. Do not change the time of day or weather. Keep all people, vehicles, objects, structures, and signage exactly as they appear. Make it look as photorealistic as possible. Change as little as possible beyond the lighting. Don't change any details of the original photo other than the lighting.",0,,0,,,incandescent,,,,,,,,,,,,,,,,,,,,,,,,LIGHTING,,item_00014_cctv_T1_train_C
virat_VIRAT_S_010109_07_000876_000910_10s,virat,VIRAT_S_010109_07_000876_000910,10.1,1280,720,cctv_T2_train_has_open_floor_or_ground_space,cctv_train_T2,midday,clear,daylight,0,sparse,0,1,0,0,,,,,,,,,,,cctv,T2,train,Photoshop,X-T2-ADD-PERSON-CCT,"Add one person to this surveillance camera frame, positioned at approximately the right side of the frame. The person should appear to be looking at something in their hands, dressed in winter clothing — a coat and hat, and visible at a scale consistent with the existing scene. Match the lighting, color temperature, and camera quality of the original image. Keep all existing people, vehicles, objects, structures, and signage exactly as they appear. Make it look as photorealistic as possible. The added person should look as if they were in the original scene.",0,,1,,,,,the right side of the frame,looking at something in their hands,winter clothing — a coat and hat,,,,,,,,,,,,,,,,,,,,,ADD-PERSON,item_00083_cctv_T2_hero_Photoshop
virat_VIRAT_S_010111_00_000000_000032_11s,virat,VIRAT_S_010111_00_000000_000032,11.2,1280,720,cctv_T1_test,cctv_test_T1,midday,clear,daylight,0,empty,0,1,0,0,,,,,,,,,,,cctv,T1,test,A,X-T1-CROWD-CCT,"Change the number of people visible in this surveillance camera frame from approximately empty to approximately sparse. Add additional people consistent with the setting. Keep the existing scene composition, lighting, and all non-person elements (vehicles, structures, objects, signage) exactly as they appear. Any people added or kept should match the lighting, scale, and style of the original. Make it look as photorealistic as possible. Don't change any details of the original photo other than the people count.",0,,0,,,,sparse,,,,,,,,,,,,,,,,,,,,,,,CROWD,,item_00171_cctv_T1_test_A
virat_VIRAT_S_010111_02_000198_000310_92s,virat,VIRAT_S_010111_02_000198_000310,92.1,1280,720,cctv_T1_train,cctv_train_T1,midday,clear,daylight,0,sparse,1,1,0,0,,,,,,,,,,,cctv,T1,train,B,X-T1-LIGHTING-CCT,"Change the lighting in this surveillance camera frame from daylight to sodium vapor. Adjust color temperature, contrast, and brightness throughout the image. Do not change the time of day or weather. Keep all people, vehicles, objects, structures, and signage exactly as they appear. Make it look as photorealistic as possible. Change as little as possible beyond the lighting. Don't change any details of the original photo other than the lighting.",0,,0,,,sodium vapor,,,,,,,,,,,,,,,,,,,,,,,,LIGHTING,,item_00070_cctv_T1_train_B
virat_VIRAT_S_010113_07_000965_001013_22s,virat,VIRAT_S_010113_07_000965_001013,22.1,1280,720,cctv_T1_train,cctv_train_T1,morning,clear,daylight,0,sparse,1,1,0,0,,,,,,,,,,,cctv,T1,train,C,X-T1-WEATHER-CCT,"Change the weather in this surveillance camera frame from clear to light rain. Add scattered raindrops and slightly wet surfaces consistent with light rain. Adjust lighting, sky, and ground appearance to match. Keep all people, vehicles, objects, structures, and signage exactly as they appear in the original image. Make it look as photorealistic as possible. Change as little as possible beyond what the weather change requires. Don't change any details of the original photo other than the weather.",0,,0,,light rain,,,,,,,,,,,,,,,,,,,,,,,,,WEATHER,,item_00053_cctv_T1_train_C
virat_VIRAT_S_010200_00_000060_000218_55s,virat,VIRAT_S_010200_00_000060_000218,55.2,1280,720,cctv_T2_test_has_wall_signage_visible,cctv_test_T2,midday,clear,daylight,0,sparse,1,1,0,1,,,,,,,,,,,cctv,T2,test,A,X-T2-REMOVE-SIGNAGE-CCT,"Remove the warning sign located at approximately the upper area of the frame from this surveillance camera frame. Fill the area with content consistent with the surrounding wall, post, or background. Keep all people, vehicles, objects, and other signage exactly as they appear. Make it look as photorealistic as possible. The image should appear as if that sign had never been posted.",0,,0,,,,,the upper area of the frame,,,,,,warning sign,,,,,,,,,,,,,,,,,REMOVE-SIGNAGE,item_00220_cctv_T2_test_A
virat_VIRAT_S_010201_04_000374_000469_48s,virat,VIRAT_S_010201_04_000374_000469,48.2,1280,720,cctv_T1_train,cctv_train_T1,midday,clear,daylight,0,sparse,1,1,0,1,,,,,,,,,,,cctv,T1,train,B,X-T1-TIME-CCT,"Shift the time of day in this surveillance camera frame from midday to golden hour. Adjust lighting, shadow direction, sky color, and ambient brightness to match golden hour. Keep all people, vehicles, objects, structures, and signage exactly as they appear in the original image — same positions, same poses, same details. Make it look as photorealistic as possible. Change as little as possible beyond the lighting and time-of-day cues. Don't change any details of the original photo other than what's needed for the time shift.",0,,0,golden hour,,,,,,,,,,,,,,,,,,,,,,,,,,TIME,,item_00064_cctv_T1_train_B
virat_VIRAT_S_010202_03_000313_000355_6s,virat,VIRAT_S_010202_03_000313_000355,6.3,1280,720,cctv_T1_train,cctv_train_T1,midday,clear,daylight,0,sparse,1,1,1,1,,,,,,,,,,,cctv,T1,train,B,X-T1-WEATHER-CCT,"Change the weather in this surveillance camera frame from clear to fog. Add ground-level fog and reduced visibility consistent with fog. Adjust lighting, sky, and ground appearance to match. Keep all people, vehicles, objects, structures, and signage exactly as they appear in the original image. Make it look as photorealistic as possible. Change as little as possible beyond what the weather change requires. Don't change any details of the original photo other than the weather.",0,,0,,fog,,,,,,,,,,,,,,,,,,,,,,,,,WEATHER,,item_00049_cctv_T1_train_B
virat_VIRAT_S_010204_09_001285_001336_12s,virat,VIRAT_S_010204_09_001285_001336,12.9,1280,720,cctv_T1_test,cctv_test_T1,midday,overcast,daylight,0,sparse,1,1,0,1,,,,,,,,,,,cctv,T1,test,B,X-T1-TIME-CCT,"Shift the time of day in this surveillance camera frame from midday to golden hour. Adjust lighting, shadow direction, sky color, and ambient brightness to match golden hour. Keep all people, vehicles, objects, structures, and signage exactly as they appear in the original image — same positions, same poses, same details. Make it look as photorealistic as possible. Change as little as possible beyond the lighting and time-of-day cues. Don't change any details of the original photo other than what's needed for the time shift.",0,,0,golden hour,,,,,,,,,,,,,,,,,,,,,,,,,,TIME,,item_00184_cctv_T1_test_B
virat_VIRAT_S_010204_11_001524_001607_17s,virat,VIRAT_S_010204_11_001524_001607,17.1,1280,720,cctv_T1_test,cctv_test_T1,morning,overcast,daylight,0,sparse,0,1,0,1,,,,,,,,,,,cctv,T1,test,B,X-T1-CROWD-CCT,"Change the number of people visible in this surveillance camera frame from approximately sparse to approximately busy. Add additional people consistent with the setting. Keep the existing scene composition, lighting, and all non-person elements (vehicles, structures, objects, signage) exactly as they appear. Any people added or kept should match the lighting, scale, and style of the original. Make it look as photorealistic as possible. Don't change any details of the original photo other than the people count.",0,,0,,,,busy,,,,,,,,,,,,,,,,,,,,,,,CROWD,,item_00187_cctv_T1_test_B
virat_VIRAT_S_010207_01_000712_000752_5s,virat,VIRAT_S_010207_01_000712_000752,5.1,1280,720,cctv_T2_train_has_wall_signage_visible,cctv_train_T2,midday,overcast,daylight,0,sparse,1,1,0,1,,,,,,,,,,,cctv,T2,train,ChatGPT,X-T2-REMOVE-SIGNAGE-CCT,"Remove the warning sign located at approximately the upper area of the frame from this surveillance camera frame. Fill the area with content consistent with the surrounding wall, post, or background. Keep all people, vehicles, objects, and other signage exactly as they appear. Make it look as photorealistic as possible. The image should appear as if that sign had never been posted.",0,,1,,,,,the upper area of the frame,,,,,,warning sign,,,,,,,,,,,,,,,,,REMOVE-SIGNAGE,item_00135_cctv_T2_hero_ChatGPT
virat_VIRAT_S_010208_05_000591_000631_16s,virat,VIRAT_S_010208_05_000591_000631,16.2,1280,720,cctv_T2_train_has_wall_signage_visible,cctv_train_T2,midday,overcast,daylight,0,sparse,1,1,0,1,,,,,,,,,,,cctv,T2,train,B,X-T2-REMOVE-SIGNAGE-CCT,"Remove the notice posted on the wall located at approximately the background from this surveillance camera frame. Fill the area with content consistent with the surrounding wall, post, or background. Keep all people, vehicles, objects, and other signage exactly as they appear. Make it look as photorealistic as possible. The image should appear as if that sign had never been posted.",0,,0,,,,,the background,,,,,,notice posted on the wall,,,,,,,,,,,,,,,,,REMOVE-SIGNAGE,item_00128_cctv_T2_train_B
virat_VIRAT_S_040000_01_000042_000099_22s,virat,VIRAT_S_040000_01_000042_000099,22.5,1920,1080,cctv_T1_test,cctv_test_T1,midday,clear,daylight,0,empty,0,1,0,0,,,,,,,,,,,cctv,T1,test,B,X-T1-TIME-CCT,"Shift the time of day in this surveillance camera frame from midday to night. Adjust lighting, shadow direction, sky color, and ambient brightness to match night. Keep all people, vehicles, objects, structures, and signage exactly as they appear in the original image — same positions, same poses, same details. Make it look as photorealistic as possible. Change as little as possible beyond the lighting and time-of-day cues. Don't change any details of the original photo other than what's needed for the time shift.",0,,0,night,,,,,,,,,,,,,,,,,,,,,,,,,,TIME,,item_00160_cctv_T1_test_B
virat_VIRAT_S_040000_02_000111_000145_5s,virat,VIRAT_S_040000_02_000111_000145,5.2,1920,1080,cctv_T1_train,cctv_train_T1,midday,clear,daylight,0,empty,0,1,0,0,,,,,,,,,,,cctv,T1,train,A,X-T1-TIME-CCT,"Shift the time of day in this surveillance camera frame from midday to golden hour. Adjust lighting, shadow direction, sky color, and ambient brightness to match golden hour. Keep all people, vehicles, objects, structures, and signage exactly as they appear in the original image — same positions, same poses, same details. Make it look as photorealistic as possible. Change as little as possible beyond the lighting and time-of-day cues. Don't change any details of the original photo other than what's needed for the time shift.",0,,0,golden hour,,,,,,,,,,,,,,,,,,,,,,,,,,TIME,,item_00024_cctv_T1_train_A
virat_VIRAT_S_040000_06_000746_000964_199s,virat,VIRAT_S_040000_06_000746_000964,199.3,1920,1080,cctv_T2_test_has_open_floor_or_ground_space,cctv_test_T2,midday,clear,daylight,0,empty,0,1,0,0,,,,,,,,,,,cctv,T2,test,A,X-T2-ADD-PERSON-CCT,"Add one person to this surveillance camera frame, positioned at approximately the left side of the frame. The person should appear to be carrying a bag, dressed in business casual — a button-up shirt and slacks, and visible at a scale consistent with the existing scene. Match the lighting, color temperature, and camera quality of the original image. Keep all existing people, vehicles, objects, structures, and signage exactly as they appear. Make it look as photorealistic as possible. The added person should look as if they were in the original scene.",0,,0,,,,,the left side of the frame,carrying a bag,business casual — a button-up shirt and slacks,,,,,,,,,,,,,,,,,,,,,ADD-PERSON,item_00202_cctv_T2_test_A
virat_VIRAT_S_040103_06_000836_000909_27s,virat,VIRAT_S_040103_06_000836_000909,27.7,1920,1080,cctv_T1_train,cctv_train_T1,midday,clear,daylight,0,empty,0,1,0,0,,,,,,,,,,,cctv,T1,train,A,X-T1-CROWD-CCT,"Change the number of people visible in this surveillance camera frame from approximately empty to approximately sparse. Add additional people consistent with the setting. Keep the existing scene composition, lighting, and all non-person elements (vehicles, structures, objects, signage) exactly as they appear. Any people added or kept should match the lighting, scale, and style of the original. Make it look as photorealistic as possible. Don't change any details of the original photo other than the people count.",0,,0,,,,sparse,,,,,,,,,,,,,,,,,,,,,,,CROWD,,item_00063_cctv_T1_train_A
virat_VIRAT_S_040104_00_000120_000224_22s,virat,VIRAT_S_040104_00_000120_000224,22.4,1920,1080,cctv_T2_train_has_clearly_visible_person,cctv_train_T2,midday,clear,daylight,0,sparse,1,1,0,0,,,,,,,,,,,cctv,T2,train,Photoshop,X-T2-REMOVE-PERSON-CCT,"Remove the person located at approximately the center of the frame from this surveillance camera frame. Fill the area where they were with content consistent with the rest of the scene (floor, wall, background as appropriate). Keep all other people, vehicles, objects, and structures exactly as they appear. Make it look as photorealistic as possible. The image should appear as if that person had never been there. Don't change any details of the original photo other than removing the specified person.",0,,1,,,,,the center of the frame,,,,,,,,,,,,,,,,,,,,,,,REMOVE-PERSON,item_00103_cctv_T2_hero_Photoshop
virat_VIRAT_S_040104_01_000227_000457_84s,virat,VIRAT_S_040104_01_000227_000457,84.4,1920,1080,cctv_T1_train,cctv_train_T1,midday,clear,daylight,0,empty,0,1,0,0,,,,,,,,,,,cctv,T1,train,B,X-T1-LIGHTING-CCT,"Change the lighting in this surveillance camera frame from daylight to LED cool. Adjust color temperature, contrast, and brightness throughout the image. Do not change the time of day or weather. Keep all people, vehicles, objects, structures, and signage exactly as they appear. Make it look as photorealistic as possible. Change as little as possible beyond the lighting. Don't change any details of the original photo other than the lighting.",0,,0,,,LED cool,,,,,,,,,,,,,,,,,,,,,,,,LIGHTING,,item_00010_cctv_T1_train_B
virat_VIRAT_S_050201_00_000012_000116_46s,virat,VIRAT_S_050201_00_000012_000116,46.8,1920,1080,cctv_T1_train,cctv_train_T1,morning,overcast,daylight,0,sparse,1,1,0,0,,,,,,,,,,,cctv,T1,train,B,X-T1-TIME-CCT,"Shift the time of day in this surveillance camera frame from morning to night. Adjust lighting, shadow direction, sky color, and ambient brightness to match night. Keep all people, vehicles, objects, structures, and signage exactly as they appear in the original image — same positions, same poses, same details. Make it look as photorealistic as possible. Change as little as possible beyond the lighting and time-of-day cues. Don't change any details of the original photo other than what's needed for the time shift.",0,,0,night,,,,,,,,,,,,,,,,,,,,,,,,,,TIME,,item_00016_cctv_T1_train_B
virat_VIRAT_S_050201_05_000890_000944_35s,virat,VIRAT_S_050201_05_000890_000944,35.2,1920,1080,cctv_T1_train,cctv_train_T1,indeterminate,overcast,daylight,0,empty,0,1,0,0,,,,,,,,,,,cctv,T1,train,B,X-T1-CROWD-CCT,"Change the number of people visible in this surveillance camera frame from approximately empty to approximately busy. Add additional people consistent with the setting. Keep the existing scene composition, lighting, and all non-person elements (vehicles, structures, objects, signage) exactly as they appear. Any people added or kept should match the lighting, scale, and style of the original. Make it look as photorealistic as possible. Don't change any details of the original photo other than the people count.",0,,0,,,,busy,,,,,,,,,,,,,,,,,,,,,,,CROWD,,item_00067_cctv_T1_train_B
virat_VIRAT_S_050201_06_001168_001240_13s,virat,VIRAT_S_050201_06_001168_001240,13.8,1920,1080,cctv_T1_train,cctv_train_T1,indeterminate,overcast,daylight,0,empty,0,1,0,0,,,,,,,,,,,cctv,T1,train,C,X-T1-CROWD-CCT,"Change the number of people visible in this surveillance camera frame from approximately empty to approximately moderate. Add additional people consistent with the setting. Keep the existing scene composition, lighting, and all non-person elements (vehicles, structures, objects, signage) exactly as they appear. Any people added or kept should match the lighting, scale, and style of the original. Make it look as photorealistic as possible. Don't change any details of the original photo other than the people count.",0,,0,,,,moderate,,,,,,,,,,,,,,,,,,,,,,,CROWD,,item_00059_cctv_T1_train_C
virat_VIRAT_S_050201_10_001992_002056_6s,virat,VIRAT_S_050201_10_001992_002056,6.2,1920,1080,cctv_T1_train,cctv_train_T1,indeterminate,overcast,daylight,0,empty,0,1,0,0,,,,,,,,,,,cctv,T1,train,A,X-T1-CROWD-CCT,"Change the number of people visible in this surveillance camera frame from approximately empty to approximately busy. Add additional people consistent with the setting. Keep the existing scene composition, lighting, and all non-person elements (vehicles, structures, objects, signage) exactly as they appear. Any people added or kept should match the lighting, scale, and style of the original. Make it look as photorealistic as possible. Don't change any details of the original photo other than the people count.",0,,0,,,,busy,,,,,,,,,,,,,,,,,,,,,,,CROWD,,item_00003_cctv_T1_train_A
virat_VIRAT_S_050201_11_002090_002220_67s,virat,VIRAT_S_050201_11_002090_002220,67.5,1920,1080,cctv_T2_test_person_holding_object,cctv_test_T2,dusk,overcast,mixed,0,sparse,1,1,1,0,,,,,,,,,,,cctv,T2,test,B,X-T2-SWAP-OBJECT-CCT,"In this surveillance camera frame, find the briefcase held by or near the person on the right side of the frame. Replace it with box of similar size. Match the lighting, shadow, and perspective of the original. Keep everything else exactly as it appears — same people, same poses, same scene. Make it look as photorealistic as possible. The substitution should be undetectable; the box should look like it was always there.",0,,0,,,,,,,,briefcase,box,the person on the right side of the frame,,,,,,,,,,,,,,,,,,SWAP-OBJECT-CCT,item_00233_cctv_T2_test_B
virat_VIRAT_S_050202_00_000000_000105_93s,virat,VIRAT_S_050202_00_000000_000105,93.1,1920,1080,cctv_T1_train,cctv_train_T1,morning,overcast,daylight,0,sparse,1,1,0,0,,,,,,,,,,,cctv,T1,train,B,X-T1-TIME-CCT,"Shift the time of day in this surveillance camera frame from morning to night. Adjust lighting, shadow direction, sky color, and ambient brightness to match night. Keep all people, vehicles, objects, structures, and signage exactly as they appear in the original image — same positions, same poses, same details. Make it look as photorealistic as possible. Change as little as possible beyond the lighting and time-of-day cues. Don't change any details of the original photo other than what's needed for the time shift.",0,,0,night,,,,,,,,,,,,,,,,,,,,,,,,,,TIME,,item_00028_cctv_T1_train_B
virat_VIRAT_S_050202_09_001642_001712_55s,virat,VIRAT_S_050202_09_001642_001712,55.2,1920,1080,cctv_T1_train,cctv_train_T1,midday,overcast,daylight,0,empty,0,1,0,0,,,,,,,,,,,cctv,T1,train,B,X-T1-LIGHTING-CCT,"Change the lighting in this surveillance camera frame from daylight to sodium vapor. Adjust color temperature, contrast, and brightness throughout the image. Do not change the time of day or weather. Keep all people, vehicles, objects, structures, and signage exactly as they appear. Make it look as photorealistic as possible. Change as little as possible beyond the lighting. Don't change any details of the original photo other than the lighting.",0,,0,,,sodium vapor,,,,,,,,,,,,,,,,,,,,,,,,LIGHTING,,item_00022_cctv_T1_train_B
virat_VIRAT_S_050202_10_002159_002233_22s,virat,VIRAT_S_050202_10_002159_002233,22.1,1920,1080,cctv_T2_test_has_open_floor_or_ground_space,cctv_test_T2,midday,overcast,daylight,0,sparse,1,1,0,0,,,,,,,,,,,cctv,T2,test,C,X-T2-ADD-PERSON-CCT,"Add one person to this surveillance camera frame, positioned at approximately the center of the frame. The person should appear to be standing, dressed in casual clothing — a hoodie and pants, and visible at a scale consistent with the existing scene. Match the lighting, color temperature, and camera quality of the original image. Keep all existing people, vehicles, objects, structures, and signage exactly as they appear. Make it look as photorealistic as possible. The added person should look as if they were in the original scene.",0,,0,,,,,the center of the frame,standing,casual clothing — a hoodie and pants,,,,,,,,,,,,,,,,,,,,,ADD-PERSON,item_00201_cctv_T2_test_C
virat_VIRAT_S_050203_06_001202_001264_53s,virat,VIRAT_S_050203_06_001202_001264,53.5,1920,1080,cctv_T1_train,cctv_train_T1,indeterminate,overcast,daylight,0,empty,0,1,0,0,,,,,,,,,,,cctv,T1,train,A,X-T1-WEATHER-CCT,"Change the weather in this surveillance camera frame from overcast to light snow. Add falling snow and light snow accumulation consistent with light snow. Adjust lighting, sky, and ground appearance to match. Keep all people, vehicles, objects, structures, and signage exactly as they appear in the original image. Make it look as photorealistic as possible. Change as little as possible beyond what the weather change requires. Don't change any details of the original photo other than the weather.",0,,0,,light snow,,,,,,,,,,,,,,,,,,,,,,,,,WEATHER,,item_00045_cctv_T1_train_A
virat_VIRAT_S_050203_06_001202_001264_6s,virat,VIRAT_S_050203_06_001202_001264,6.1,1920,1080,cctv_T1_train,cctv_train_T1,indeterminate,overcast,daylight,0,empty,0,1,0,0,,,,,,,,,,,cctv,T1,train,C,X-T1-CROWD-CCT,"Change the number of people visible in this surveillance camera frame from approximately empty to approximately moderate. Add additional people consistent with the setting. Keep the existing scene composition, lighting, and all non-person elements (vehicles, structures, objects, signage) exactly as they appear. Any people added or kept should match the lighting, scale, and style of the original. Make it look as photorealistic as possible. Don't change any details of the original photo other than the people count.",0,,0,,,,moderate,,,,,,,,,,,,,,,,,,,,,,,CROWD,,item_00071_cctv_T1_train_C
virat_VIRAT_S_050300_10_002176_002238_15s,virat,VIRAT_S_050300_10_002176_002238,15.6,1920,1080,cctv_T2_test_has_clearly_visible_person,cctv_test_T2,midday,overcast,daylight,0,sparse,1,1,0,0,,,,,,,,,,,cctv,T2,test,B,X-T2-REMOVE-PERSON-CCT,"Remove the person located at approximately the background from this surveillance camera frame. Fill the area where they were with content consistent with the rest of the scene (floor, wall, background as appropriate). Keep all other people, vehicles, objects, and structures exactly as they appear. Make it look as photorealistic as possible. The image should appear as if that person had never been there. Don't change any details of the original photo other than removing the specified person.",0,,0,,,,,the background,,,,,,,,,,,,,,,,,,,,,,,REMOVE-PERSON,item_00212_cctv_T2_test_B